phosphosite,accession,site,Cerebellum,Midbrain,Thalamus,Lateral habenula,Hippocampus,Dentate gyrus,Basic cell groups and regions (grey),Lateral septal nucleus,Caudoputamen,Neocortex
sp|Q61029|LAP2B_MOUSE@T159,Q61029,T159,1.036162223,0.587323634333333,NA,NA,NA,NA,NA,NA,-0.595802237277778,0.457221684333333
sp|Q61029|LAP2B_MOUSE@S158,Q61029,S158,1.21524434433333,0.714764827666667,NA,NA,NA,-1.09872994383333,NA,NA,-0.177305850666667,0.521956757333333
sp|P20357|MTAP2_MOUSE@S1785,P20357,S1785,1.74108692933333,1.19657039566667,-1.98675106533333,NA,-0.760327656333333,NA,NA,NA,0.104278655333333,1.15007878933333
sp|P20357|MTAP2_MOUSE@S1783,P20357,S1783,2.47354849733333,2.11112900633333,-2.25879160791667,NA,-1.03236819891667,NA,NA,NA,1.03817963766667,2.072941249
sp|Q8BKX1|BAIP2_MOUSE@S326,Q8BKX1,S326,0.995710376,0.711047329,NA,NA,NA,NA,NA,NA,0.031164699,0.99745749
sp|A2AJA9|AJM1_MOUSE@S854,A2AJA9,S854,0.0233271948712123,-0.323976733628788,NA,NA,NA,NA,NA,NA,0.0592414778484847,1.38923658566667
sp|A2AQ25|SKT_MOUSE@S1899,A2AQ25,S1899,-1.625717262,NA,NA,NA,NA,NA,NA,NA,NA,-0.951624974333333
sp|A2AQ25|SKT_MOUSE@S1898,A2AQ25,S1898,-1.625717262,NA,NA,NA,NA,NA,NA,NA,NA,-0.952926363333333
sp|P04370|MBP_MOUSE@S201,P04370,S201,0.593163047333333,-0.924897669166667,NA,NA,NA,NA,-1.44908096391667,NA,-0.536738755166667,-0.0568369466666666
sp|A2AWR3|LYCHS_MOUSE@S859,A2AWR3,S859,1.21228206016667,0.455943770666667,NA,NA,NA,NA,0.175389092333334,NA,0.524502958333334,1.41760689416667
sp|A2AWR3|LYCHS_MOUSE@S860,A2AWR3,S860,1.211754675,0.4554163855,NA,NA,NA,NA,0.174334322,NA,0.523448188,1.4154973535
sp|F6SEU4|SYGP1_MOUSE@S892,F6SEU4,S892,0.845372974333333,0.578989929333333,-1.295447777,NA,NA,NA,NA,-0.101182739,0.250320918666667,0.802025769666667
sp|Q7TME0|PLPR4_MOUSE@S594,Q7TME0,S594,1.70104335166667,0.472669006,0.0399056631666668,NA,-0.632198821833333,-0.685734645333334,-0.302768346833333,NA,0.672007553333333,1.89217537566667
sp|E9Q3L2|PI4KA_MOUSE@S268,E9Q3L2,S268,-0.223023946133333,0.553765488266667,-1.46441226873333,NA,NA,NA,0.385329316266667,NA,-0.809893158133333,0.626462985666667
sp|A2AJA9|AJM1_MOUSE@T856,A2AJA9,T856,-0.683840803333333,-1.06155752733333,NA,NA,NA,NA,NA,NA,NA,-0.303279351333333
sp|O08599|STXB1_MOUSE@S509,O08599,S509,2.40509556866667,2.37713914966667,-0.318686123233333,NA,-0.408234698733333,-0.553417237233333,1.25836442166667,NA,0.846954689,2.47582366633333
sp|Q9WV18|GABR1_MOUSE@T929,Q9WV18,T929,3.779124673,2.93418492933333,0.615847305333333,NA,0.748528381,0.216226723305555,-0.621500545694445,0.511971308388889,2.697701759,3.78894235066667
sp|Q8BTG7|NDRG4_MOUSE@S306,Q8BTG7,S306,0.557597802666667,0.534514656666667,NA,NA,-1.05845252220833,NA,NA,NA,0.782919044166667,0.781318737666667
sp|Q8BTG7|NDRG4_MOUSE@T308,Q8BTG7,T308,0.557597802666667,0.5391617865,NA,NA,-1.056613803125,NA,NA,NA,0.783771202,0.783174326333333
sp|Q6PE13|PRRT3_MOUSE@S833,Q6PE13,S833,2.889933889,1.44255531766667,NA,NA,NA,NA,NA,NA,0.554664096,2.954611432
sp|Q9QZM0|UBQL2_MOUSE@S25,Q9QZM0,S25,0.321728816466667,0.240773073133333,NA,NA,NA,NA,NA,NA,-1.3725937558,0.296360314
sp|A2BH40|ARI1A_MOUSE@S697,A2BH40,S697,1.793988929,1.30618263775,NA,NA,NA,NA,NA,NA,-0.50997382225,1.2744094565
sp|O88703|HCN2_MOUSE@S771,O88703,S771,4.188211522,1.55542413266667,-0.905836655622378,NA,0.0185536754685317,0.0260215456923079,1.15802140669231,1.88671513366667,3.17568646233333,2.50946665433333
sp|Q3TWW8|SRSF6_MOUSE@S303,Q3TWW8,S303,1.589445212,1.16055148105556,-1.89415695306944,NA,NA,NA,-0.253464301069445,NA,0.411183979666667,1.177739755
sp|F6SEU4|SYGP1_MOUSE@S895,F6SEU4,S895,0.365517831666667,1.00891616458333,NA,NA,-0.000279593166666703,NA,-0.476600494166667,NA,-0.406118752916667,0.451774297
sp|O35927|CTND2_MOUSE@S264,O35927,S264,3.40689173666667,1.52299285366667,-0.173934745,0.668156762333333,0.686333642666667,0.387199789083334,0.7964975,NA,1.62905720833333,2.834593109
sp|Q8CHC4|SYNJ1_MOUSE@T1088,Q8CHC4,T1088,-0.523081722,-0.47918016,NA,NA,NA,NA,NA,NA,-1.156620162,-2.062417862
sp|Q8CHC4|SYNJ1_MOUSE@S1084,Q8CHC4,S1084,-1.104639554,0.64574955,NA,NA,NA,NA,NA,NA,-0.0316904519999999,-0.937488152
sp|D3YZU1|SHAN1_MOUSE@S1442,D3YZU1,S1442,3.335810329,1.93087961533333,-0.814560853666666,NA,NA,-0.817291900666666,NA,NA,0.763399152,1.116759403
sp|P19246|NFH_MOUSE@T839,P19246,T839,0.990904869666667,1.09885568623611,NA,NA,0.420950907611111,0.813216926236111,-1.07919364222222,NA,0.558069138333333,1.90910785533333
sp|Q9JLM8|DCLK1_MOUSE@S313,Q9JLM8,S313,0.832370012666667,0.284416787666667,NA,NA,NA,NA,NA,NA,0.556862335333334,1.37773579466667
sp|Q9JLM8|DCLK1_MOUSE@S312,Q9JLM8,S312,0.832370012666667,0.284416787666667,NA,NA,NA,NA,NA,NA,0.556862335333334,1.37773579466667
sp|Q9JLM8|DCLK1_MOUSE@T311,Q9JLM8,T311,0.868923052666667,0.429889152333333,-1.20272988752778,NA,NA,NA,NA,NA,0.652159586222222,1.37061360166667
sp|Q9JLM8|DCLK1_MOUSE@S310,Q9JLM8,S310,0.870114698,0.428020077666667,-1.197223154625,NA,NA,NA,NA,NA,0.6528902995,1.37205053233333
sp|P08553|NFM_MOUSE@S30,P08553,S30,0.432198494,1.45663844466667,NA,NA,NA,NA,NA,NA,1.88381911033333,3.7590689
sp|Q9QYC0|ADDA_MOUSE@S12,Q9QYC0,S12,5.61112118266667,5.506952317,3.78780681266667,2.56793017111111,4.121112956,1.59204891866667,3.742086477,1.34614246466667,5.00860526766667,5.83020205866667
sp|A2AQ25|SKT_MOUSE@S1897,A2AQ25,S1897,-1.34825672633333,NA,NA,NA,NA,NA,NA,NA,NA,-1.68132317833333
sp|A2AQ25|SKT_MOUSE@S1895,A2AQ25,S1895,-0.653174122,NA,NA,NA,NA,NA,NA,NA,NA,-0.986240574
sp|Q99P88|NU155_MOUSE@S992,Q99P88,S992,-0.503972748,-1.010231652,NA,NA,NA,NA,NA,NA,NA,-1.533978136
sp|Q9QYB8|ADDB_MOUSE@T599,Q9QYB8,T599,1.539792017,1.23515177575,NA,NA,NA,NA,NA,NA,0.29383212475,0.8638155985
sp|P20357|MTAP2_MOUSE@T1781,P20357,T1781,2.112102404,1.816750656,-2.3092685905,NA,-1.0828451815,NA,NA,NA,0.431192246333333,1.77547783066667
sp|O08539|BIN1_MOUSE@S298,O08539,S298,1.81147786866667,1.970390273,0.086665274,-0.161936930397436,0.439844388833333,-0.680666672205128,0.669620814666667,NA,1.0030334440641,2.59239315633333
sp|Q9QYC0|ADDA_MOUSE@T11,Q9QYC0,T11,5.60631607366667,5.48570585,3.79402025333333,2.57234867492593,4.12334017533333,1.59318634266667,3.745806158,1.349872704,4.99068341966667,5.82927548766667
sp|O35927|CTND2_MOUSE@S273,O35927,S273,1.50884805866667,1.3495740405,-0.172204351,NA,-0.0602148064999999,-1.24686542516667,-1.07193595716667,NA,0.769694089,1.72255308633333
sp|Q99MX7|T121B_MOUSE@S528,Q99MX7,S528,-0.3494850705,-0.0404386589999999,NA,NA,-1.026089395,NA,NA,NA,NA,-0.8740234435
sp|O88703|HCN2_MOUSE@S764,O88703,S764,0.925932488333333,0.760665586666667,-0.93768833575,-0.13446904475,-0.284222781625,-0.288280506925,-0.0289594003250002,NA,-0.057458469,1.240428324
sp|Q9EPQ8|TCF20_MOUSE@T1699,Q9EPQ8,T1699,1.29533455566667,0.111997913666666,-0.411582834333334,NA,-1.51002352433333,NA,NA,-0.401337773333334,0.582309320666666,0.930706226666667
sp|Q5FWK3|RHG01_MOUSE@S50,Q5FWK3,S50,0.731508027462121,-0.0203574900378788,NA,NA,NA,NA,-0.0831992801060606,NA,0.457747044484849,0.751559263666667
sp|Q5FWK3|RHG01_MOUSE@S51,Q5FWK3,S51,0.733239485371212,-0.0186260321287879,NA,NA,NA,NA,-0.0828755055606061,NA,0.457828968848485,0.749309521666667
sp|Q8R326|PSPC1_MOUSE@S477,Q8R326,S477,2.246661198,2.226221128,0.413294986,NA,1.382169594,0.13744111,0.463498003,0.132542972,0.678126087,2.195173893
sp|Q8C4U2|TM145_MOUSE@S511,Q8C4U2,S511,-0.296088621,-1.14619839,NA,NA,-3.121866592,-1.860217207,NA,NA,-1.047626546,-0.872394237
sp|Q9QXS6|DREB_MOUSE@S142,Q9QXS6,S142,2.522478101,3.43559236766667,1.10979691807639,NA,1.45711702488889,1.38810861633333,2.69402179033333,1.25249138338889,2.81146110933333,3.51165969366667
sp|Q8BHL3|TB10B_MOUSE@S664,Q8BHL3,S664,0.392519275666667,-0.283569932083333,NA,-1.16490007308333,-1.16312986908333,-0.633798919583333,NA,NA,1.08186311891667,0.324661215666667
sp|P70257|NFIX_MOUSE@T267,P70257,T267,1.25017944333333,0.428878825,-0.7748911085,NA,-0.426580568,NA,NA,NA,0.66249264175,1.22336606266667
sp|O35393|EFNB3_MOUSE@S274,O35393,S274,0.337791229333333,-0.253516588333333,NA,NA,NA,NA,NA,NA,-0.881003754111111,0.274275246666667
sp|P35803|GPM6B_MOUSE@S326,P35803,S326,1.559552475,NA,NA,NA,1.592638374,1.083573549,1.185109691,NA,1.549884118,2.73834015
sp|Q8BTI8|SRRM2_MOUSE@S2224,Q8BTI8,S2224,0.0872738823333333,-0.0271641703333334,NA,NA,-1.25148234333333,NA,NA,NA,0.532245566666667,0.217666555
sp|Q8BTI8|SRRM2_MOUSE@S2535,Q8BTI8,S2535,1.78632077933333,0.747251714333334,-0.342862906666666,NA,-1.05497482066667,-1.30529894166667,NA,NA,-1.75150825466667,1.17769992133333
sp|Q6PIE5|AT1A2_MOUSE@S496,Q6PIE5,S496,0.675493188833333,0.381417095583334,NA,NA,NA,NA,NA,NA,NA,0.363432095333333
sp|P70257|NFIX_MOUSE@S268,P70257,S268,1.24855274533333,0.423371455333333,-0.76810058625,NA,-0.402517521666667,NA,NA,NA,0.656253429125,1.22331037
sp|O08599|STXB1_MOUSE@S507,O08599,S507,-0.00450854499999997,0.535800247500001,NA,NA,NA,NA,-0.874683087500001,NA,0.146157118500001,1.158757792
sp|Q80YA9|CNKR2_MOUSE@S756,Q80YA9,S756,3.24184251033333,1.26882037966667,NA,NA,0.581729664666667,-0.336546317333333,-0.0810907678333336,NA,1.09196221866667,2.270713392
sp|Q5H8C4|VP13A_MOUSE@S1928,Q5H8C4,S1928,1.869203030875,1.593004709875,-0.579586005,NA,NA,NA,0.28281707175,NA,0.395356642375,0.754512801875
sp|Q5H8C4|VP13A_MOUSE@S1929,Q5H8C4,S1929,2.16887980233333,2.27533737533333,-0.913340379700001,NA,NA,NA,0.540113956,NA,1.3381784205,1.05509296233333
sp|Q9QXZ0|MACF1_MOUSE@S4458,Q9QXZ0,S4458,0.962362403,-1.091897021,NA,NA,NA,NA,NA,NA,NA,-0.039563877
sp|Q8K2P7|S38A1_MOUSE@T54,Q8K2P7,T54,4.129983217,-0.026638645,NA,NA,NA,NA,NA,NA,NA,0.734386835
sp|Q9R1V6|ADA22_MOUSE@T856,Q9R1V6,T856,-0.221223721,NA,NA,NA,NA,NA,NA,NA,1.146962629,-0.09318
sp|Q9R1V6|ADA22_MOUSE@S855,Q9R1V6,S855,-0.258263399333333,NA,NA,NA,NA,NA,NA,NA,1.17262843166667,-0.131162159333333
sp|Q9JKN6|NOVA1_MOUSE@S154,Q9JKN6,S154,-2.30268978166667,NA,NA,NA,NA,NA,NA,NA,-1.15871183966667,0.381022221333333
sp|Q80YN3|BCAS1_MOUSE@S525,Q80YN3,S525,0.502651416,-0.023083716,NA,NA,-1.85290840258333,NA,NA,NA,-0.249558137666667,0.727712356333333
sp|Q6PIE5|AT1A2_MOUSE@S439,Q6PIE5,S439,NA,NA,NA,NA,NA,NA,NA,NA,-0.249340590166667,0.497886301333333
sp|Q9Z2D6|MECP2_MOUSE@S80,Q9Z2D6,S80,2.67694599566667,1.140383377,-0.366021747,NA,-0.169734325666667,NA,-0.0829381398666669,NA,0.717436513,1.591833274
sp|Q8K4P8|HECW1_MOUSE@S935,Q8K4P8,S935,-0.0180127292500003,0.344631805,NA,NA,-2.18816106225,-0.72722623725,NA,NA,-1.75546017225,-0.3949912675
sp|Q8K4P8|HECW1_MOUSE@S937,Q8K4P8,S937,1.0149090035,1.61061109,-0.8606682175,NA,-1.4609644595,1.0636334205,-0.0887647194999998,-2.8134788255,-0.190595416,0.5512507515
sp|P19246|NFH_MOUSE@S733,P19246,S733,4.384741256,4.0233704045,2.432757699,NA,1.446515587,-0.716175937,2.464166615,0.0178012679999997,3.3182745155,3.266053904
sp|Q68FH0|PKP4_MOUSE@S222,Q68FH0,S222,0.46590125225,1.3363884345,NA,NA,1.0478499605,NA,NA,NA,0.6028708235,0.42002136775
sp|Q68FH0|PKP4_MOUSE@S336,Q68FH0,S336,2.132861667,1.01177184566667,-0.882371391774194,NA,0.398004918225806,-0.312741485806452,-0.256347339387097,NA,1.35090039222581,1.45789827333333
sp|Q9QZQ1|AFAD_MOUSE@S1173,Q9QZQ1,S1173,-0.377527417,1.25574642383333,-1.07962231816667,NA,-0.0561980181666663,-0.346290253166667,NA,NA,-0.745134368666667,-0.156977296333333
sp|O88704|HCN1_MOUSE@T39,O88704,T39,-0.176381081666667,0.0931703803333333,NA,NA,NA,0.281171794666667,-0.872781310333333,NA,0.859190554333333,2.19869540766667
sp|P28652|KCC2B_MOUSE@S367,P28652,S367,2.023421309,-0.423335750555555,NA,NA,-0.187774240305555,0.839961788694445,-0.352708699305555,NA,1.76180942733333,2.85039004
sp|Q9QYB8|ADDB_MOUSE@S602,Q9QYB8,S602,2.66683377466667,1.741552185,-0.536360823208333,NA,-0.596574193875,-0.195667443208334,-0.703416500375,-0.486752962208334,1.62543298866667,2.52424139266667
sp|Q9ESJ4|SPN90_MOUSE@T173,Q9ESJ4,T173,4.58521698733333,4.16332353833333,2.12076870566667,2.17389440066667,3.34419489033333,1.98990407833333,2.255322715,1.341316818,3.139668244,4.594079983
sp|Q9ESJ4|SPN90_MOUSE@T174,Q9ESJ4,T174,5.07344495966667,4.61217149666667,2.98934106666667,2.92836527968519,3.64166379866667,2.50681972266667,2.98552712233333,1.662288613,3.55222158,4.880842225
sp|P13595|NCAM1_MOUSE@S1005,P13595,S1005,3.52790270966667,3.45533897333333,2.01509207033333,NA,1.00544433666667,-0.270323597690476,-0.0750427333333333,0.0658993857470243,1.89383812566667,3.91533274433333
sp|D3YVF0|AKAP5_MOUSE@S22,D3YVF0,S22,1.95761490433333,-0.0635259430555555,NA,NA,1.20456703169444,-0.156464899555556,-0.376509978805556,1.34573970644444,3.97182805766667,4.22724651033333
sp|P13595|NCAM1_MOUSE@S886,P13595,S886,3.85781752433333,3.76476574733333,1.49311213633333,NA,1.50300183633333,0.907443774368627,2.45985511066667,1.08878097310196,2.94363430533333,3.94125819266667
sp|Q9R0K7|AT2B2_MOUSE@S1155,Q9R0K7,S1155,1.669941179,0.696751387,-1.08374352833333,NA,0.237625059666667,-1.232595973,-1.057658593,NA,0.207216281,1.627229732
sp|Q9R0K7|AT2B2_MOUSE@S1156,Q9R0K7,S1156,1.419513947,0.70988677,-1.32050858377778,NA,-0.0430078267777778,-1.51140869811111,-1.33647131811111,NA,-0.0715964441111118,1.02808340566667
sp|P08553|NFM_MOUSE@S502,P08553,S502,2.003586666,1.74022921233333,NA,NA,NA,-0.506330376208334,-0.964281308708334,NA,1.93283851,3.82208324633333
sp|Q52KI8|SRRM1_MOUSE@S635,Q52KI8,S635,2.80799397633333,1.44783272733333,-0.258606474,0.366276737142857,0.4120125725,-0.859439474857143,-0.7649286405,-0.682460212142857,0.922246980666667,2.14568416666667
sp|Q80U49|C170B_MOUSE@S965,Q80U49,S965,0.830754454,0.952372871333333,-0.659692313666667,NA,-0.701077631666667,NA,-0.600553480666667,NA,0.303607094333333,0.338683067666667
sp|Q3U3E2|F117B_MOUSE@S102,Q3U3E2,S102,2.67384127425,2.14017264825,-0.705003226,NA,NA,NA,0.609216269,NA,1.61050988275,2.37289271175
sp|Q68FH0|PKP4_MOUSE@S335,Q68FH0,S335,2.35376911658333,1.15364665808333,-0.539943023916666,NA,0.741130040083333,-0.476913344,-1.11339289183333,NA,1.69430973908333,1.97556434008333
sp|Q68FH0|PKP4_MOUSE@S334,Q68FH0,S334,2.49033297158333,1.32851323108333,0.293522385083334,NA,1.71741622658333,-0.284053101,NA,NA,2.15547989908333,2.28574634058333
sp|P13595|NCAM1_MOUSE@S887,P13595,S887,3.40809361866667,3.40205533966667,1.10861041833333,-0.746798407556548,0.992526358333333,1.27518458231845,1.91105804633333,0.668850980880952,2.51995491633333,3.402635227
sp|Q9JIX8|ACINU_MOUSE@S1003,Q9JIX8,S1003,1.705280506,1.17791013266667,NA,NA,-0.628402683,0.597642877,-0.2477322579,NA,1.5428762615,1.51021618433333
sp|Q9JLM8|DCLK1_MOUSE@T336,Q9JLM8,T336,5.006944244,5.12093142,3.414191327,1.2005613942963,4.395361038,2.674409275,3.22237010166667,2.03459300233333,4.567070978,5.94823513866667
sp|P62482|KCAB2_MOUSE@T18,P62482,T18,0.239197396,-1.168447357,NA,NA,NA,NA,NA,NA,NA,-1.243630319
sp|P62482|KCAB2_MOUSE@S20,P62482,S20,1.68603079433333,0.464597277333333,-1.42334203454444,-1.40681254054444,-0.231820532344445,NA,-0.553028399944445,NA,-0.982614375444445,0.528962416
sp|Q9QZQ1|AFAD_MOUSE@S1182,Q9QZQ1,S1182,-0.551606702666667,-0.531058445666667,NA,NA,NA,NA,NA,NA,-1.235169427,-0.287904799666667
sp|Q8K310|MATR3_MOUSE@Y597,Q8K310,Y597,2.74294060266667,1.28303458333333,-0.0387106586666666,NA,0.923357646,NA,NA,NA,1.197702163,2.09521264233333
sp|Q8K310|MATR3_MOUSE@S598,Q8K310,S598,4.76425584266667,3.36531940033333,1.84228566466667,NA,2.665508047,0.958639764638889,NA,-0.46145744743254,3.212920843,4.17040961566667
sp|P11798|KCC2A_MOUSE@S314,P11798,S314,1.239745578,-0.617307291818181,-0.0769536870303027,NA,2.14629036,1.37334977651515,-0.98664140360606,0.568785253969697,2.50968299033333,4.37733743533333
sp|B2RY56|RBM25_MOUSE@S672,B2RY56,S672,2.36350367266667,1.72037428683333,-1.63260039566667,NA,-0.364555191166667,-0.628936879166667,-1.09329060395238,NA,1.20560251883333,2.493765948
sp|P13595|NCAM1_MOUSE@S884,P13595,S884,2.96534739533333,2.771848035,0.760065836,-0.919649991467262,0.68829001,0.00961656465773783,1.68254842066667,0.669888365595238,1.98170119133333,3.19560008533333
sp|P13595|NCAM1_MOUSE@S885,P13595,S885,3.600750853,3.40904631233333,0.941551808333333,-0.575198873152941,1.165401857,0.716372313576471,2.20537174133333,0.971712553776471,2.60322210833333,3.69419260866667
sp|Q9JLM8|DCLK1_MOUSE@S337,Q9JLM8,S337,5.09447140466667,5.11550542866667,3.46207230233333,1.03781190018519,4.36689196833333,2.68242380033333,3.21476395766667,1.98637085866667,4.644445357,5.987371519
sp|Q08460|KCMA1_MOUSE@S1060,Q08460,S1060,1.016768913,0.690446646333333,NA,NA,0.133627740291667,NA,0.384283707791667,NA,0.452095520333333,1.009361935
sp|P28652|KCC2B_MOUSE@T366,P28652,T366,-0.240480786333333,NA,NA,NA,NA,0.0963377801666665,NA,NA,0.0999285671666665,1.02299487166667
sp|Q52KI8|SRRM1_MOUSE@Y623; sp|Q52KI8|SRRM1_MOUSE@S626,Q52KI8,Y623,-1.5246019125,0.0134620074999998,-2.8594005255,NA,NA,NA,NA,NA,-1.1228685865,-0.1489680465
sp|Q52KI8|SRRM1_MOUSE@S624; sp|Q52KI8|SRRM1_MOUSE@S626,Q52KI8,S624,0.486628532,0.9232431195,-1.5762779385,NA,NA,NA,NA,NA,-0.3541936135,1.293835772
sp|Q8CBW3|ABI1_MOUSE@S183,Q8CBW3,S183,2.35812316266667,2.09963480433333,NA,NA,-0.369628322583333,0.866007312791667,NA,0.285840044091666,1.44093752733333,2.58726331333333
sp|Q08460|KCMA1_MOUSE@T1061,Q08460,T1061,0.290971515916667,-0.170166255833334,NA,NA,-2.01831953783333,NA,NA,NA,-0.442012675833333,-0.377822891583333
sp|Q8K3E5|AHI1_MOUSE@S974,Q8K3E5,S974,1.56024751566667,NA,NA,NA,NA,NA,NA,NA,0.440152815833333,-0.170370118
sp|E9Q3L2|PI4KA_MOUSE@S432,E9Q3L2,S432,1.28083481,0.953240403304762,NA,NA,0.456804373390476,NA,-1.08572289538095,NA,0.0949647505047621,1.25920462666667
sp|Q6P9K8|CSKI1_MOUSE@S791,Q6P9K8,S791,0.269668931333333,-0.772199782666667,NA,NA,0.258346652458333,NA,NA,NA,-0.773474502166667,0.761904659333333
sp|P04370|MBP_MOUSE@T229,P04370,T229,2.91945229333333,1.98478733466667,NA,NA,NA,NA,0.896041102166667,NA,1.366279629,2.38060926366667
sp|Q8K3Z9|PO121_MOUSE@S408,Q8K3Z9,S408,2.219723719,2.13615693233333,0.277495222333333,NA,0.641068777,-0.384177166214286,0.475570576666667,-0.491615682151786,1.419480634,2.03267732666667
sp|Q8K3Z9|PO121_MOUSE@S409,Q8K3Z9,S409,2.222483922,2.17735879733333,0.304053597666667,NA,0.659965195333333,-0.355512570928571,0.484521895333333,-0.472602849741072,1.436318981,2.04090886333333
sp|Q9JJZ4|UB2J1_MOUSE@S266,Q9JJZ4,S266,1.75159701833333,1.43689184675,-0.65389981425,NA,0.0761565932500001,-1.46299201965,NA,NA,0.86228764635,1.54967203666667
sp|Q8BRT1|CLAP2_MOUSE@S376,Q8BRT1,S376,2.67805414833333,1.813114108,NA,NA,NA,-0.371874014916666,1.03453413633333,NA,0.672333977666667,2.70036314933333
sp|P08553|NFM_MOUSE@S44,P08553,S44,1.65350744266667,0.118505656666667,NA,NA,NA,NA,NA,NA,-0.0550755580555555,1.711234704
sp|Q68FH0|PKP4_MOUSE@S230,Q68FH0,S230,1.46018254433333,0.841793483,NA,NA,-1.024090176,-1.4636464612,-0.2668019972,NA,-0.191100881,1.21435144266667
sp|P04370|MBP_MOUSE@T226,P04370,T226,2.227521544,0.855920921,NA,NA,NA,NA,1.547947004,NA,1.638459629,2.053987779
sp|Q61464|ZN638_MOUSE@S128,Q61464,S128,0.993011312,1.016339476,-0.789163057116667,NA,-0.215308889,NA,0.1143799453,NA,-0.155054002666667,1.09613628666667
sp|Q61548|AP180_MOUSE@T309,Q61548,T309,1.200799991,0.518583285333333,NA,NA,-0.580299586041667,NA,-0.0991859345416667,NA,-0.0596289543333333,0.201874930333333
sp|Q61548|AP180_MOUSE@S313,Q61548,S313,2.24177346033333,0.932260634666667,-1.33079215041667,NA,-1.15732744433333,NA,-0.428896587,0.193594588654762,-0.122794461666667,1.575790438
sp|Q68FH0|PKP4_MOUSE@S220,Q68FH0,S220,-0.16952710475,0.8934271245,NA,NA,0.6048886505,NA,NA,NA,0.1599095135,0.16952710475
sp|Q61548|AP180_MOUSE@T312,Q61548,T312,2.21457759733333,0.870914285333333,-1.32535434080556,NA,-1.14876539966667,NA,-0.396816633666667,0.185087670980158,-0.101448347333333,1.53735830466667
sp|Q61548|AP180_MOUSE@T310,Q61548,T310,2.779986489875,1.724972249875,-1.338202545,NA,-1.12273942,NA,0.56056894,NA,0.206672369375,1.631968945875
sp|O08599|STXB1_MOUSE@S516,O08599,S516,1.66909454933333,1.87862685227778,-0.430793131722222,NA,-1.17220655888889,-1.29584120055556,-0.674350032222222,NA,0.424901846,1.760673727
sp|Q9QWI6|SRCN1_MOUSE@S688,Q9QWI6,S688,NA,-2.573883503,NA,NA,NA,NA,NA,NA,-2.410618533,NA
sp|Q9QWI6|SRCN1_MOUSE@T691,Q9QWI6,T691,NA,-2.573883503,NA,NA,NA,NA,NA,NA,-2.410618533,NA
sp|Q8CAA7|PGM2L_MOUSE@S175,Q8CAA7,S175,0.979352844,0.0569423485238095,NA,NA,-1.15761359390476,NA,NA,NA,-0.535608958476191,0.514075692333333
sp|Q8C8R3|ANK2_MOUSE@S3343,Q8C8R3,S3343,3.133896135,1.72645812999359,0.62312038749359,NA,1.34496406008974,-0.176719980948718,NA,1.03221722189744,1.82267967566667,3.86067148833333
sp|A2AQ25|SKT_MOUSE@S1905,A2AQ25,S1905,-1.411114599,0.164109756,-2.696218403,NA,NA,NA,NA,NA,NA,-1.257579149
sp|Q68EF6|BEGIN_MOUSE@S463,Q68EF6,S463,0.5295796595,0.1194026055,NA,NA,-0.859875553875,NA,NA,NA,-0.191949315,0.7472638275
sp|Q9D5R2|WDR20_MOUSE@S432,Q9D5R2,S432,0.543065871333333,-0.445061206,0.214045501888889,NA,-0.124306468111111,-0.143575150111111,NA,NA,NA,-0.00374272366666668
sp|P08553|NFM_MOUSE@S49,P08553,S49,0.735680529666667,0.247393731333333,NA,NA,NA,NA,NA,NA,0.0963083883333334,0.600641295
sp|Q9QYB8|ADDB_MOUSE@S602; sp|Q9QYB8|ADDB_MOUSE@S606,Q9QYB8,S602,1.031037572,0.156428511083333,NA,NA,NA,NA,0.160263042833333,NA,-0.692376244916667,1.02921899466667
sp|Q62417|SRBS1_MOUSE@S62,Q62417,S62,-0.117645307333333,0.225771119333333,NA,NA,NA,NA,NA,NA,-0.712049451166667,0.169844813
sp|Q8VD37|SGIP1_MOUSE@T409,Q8VD37,T409,2.918607263,0.062212533,NA,0.126582320763889,0.460349117763889,NA,0.572642674763889,NA,0.285622396388889,2.17736088266667
sp|F6SEU4|SYGP1_MOUSE@S898,F6SEU4,S898,0.663813134666667,0.743646616,-0.3529417885,NA,-1.5397264985,NA,0.31637204675,NA,0.476774699666667,0.857300708666667
sp|P16305|GBRA6_MOUSE@T341,P16305,T341,0.338898772,NA,NA,-0.996267091,NA,NA,NA,NA,-1.646927596,-0.257189509
sp|P16305|GBRA6_MOUSE@T344,P16305,T344,1.44130782766667,0.219535313166667,NA,-0.531300719708333,NA,NA,NA,NA,0.194752057666667,1.76766782066667
sp|Q8C8R3|ANK2_MOUSE@T2232,Q8C8R3,T2232,-0.5811240498,0.512928897533333,NA,NA,NA,NA,NA,NA,0.2903724586,0.237708695666667
sp|P86046|KCJ13_MOUSE@T327,P86046,T327,1.01488005083333,-0.702594808666667,NA,NA,NA,NA,-1.13168578191667,NA,-0.0239356786666666,0.197107424333333
sp|Q8BUV3|GEPH_MOUSE@S338,Q8BUV3,S338,1.245118741,NA,NA,NA,NA,NA,NA,NA,-0.0694438323333333,0.382869679333333
sp|Q9QYB8|ADDB_MOUSE@S606,Q9QYB8,S606,2.406657757,1.68152406106522,NA,NA,NA,-0.235516733652174,-0.212519138391304,NA,0.691168903065217,1.504459831
sp|Q8K4G5|ABLM1_MOUSE@T495,Q8K4G5,T495,0.860318675,0.1785893335,NA,NA,NA,NA,NA,0.391857950833333,0.232020292833333,0.598830462
sp|P14873|MAP1B_MOUSE@S343,P14873,S343,-0.501129033,0.13947424,NA,NA,NA,NA,-2.2682549,NA,-0.387983739,-0.455432068
sp|Q6NS52|DGKB_MOUSE@S95,Q6NS52,S95,0.5529868175,0.295879855,NA,NA,NA,NA,NA,NA,0.7847742085,0.2702673385
sp|Q6NS52|DGKB_MOUSE@S94,Q6NS52,S94,0.453980425,0.298747162,NA,NA,NA,NA,NA,NA,0.67532152925,0.1503683725
sp|P61264|STX1B_MOUSE@S58,P61264,S58,0.172163498666667,0.4448071114,NA,NA,NA,NA,NA,NA,-0.1173812324,0.765115525333333
sp|Q8C8R3|ANK2_MOUSE@S2827,Q8C8R3,S2827,1.95552622866667,-0.834168831208333,NA,NA,-0.665722221458333,NA,-0.372700423333333,NA,1.17403325916667,2.06338484166667
sp|Q3UIL6|PKHA7_MOUSE@S900,Q3UIL6,S900,-0.8579653895,NA,NA,NA,NA,NA,NA,NA,-0.50280789925,0.61349505125
sp|Q60771|CLD11_MOUSE@S197,Q60771,S197,0.791107909583333,1.20565122058333,NA,NA,NA,NA,-1.52922006754167,NA,0.45563084,1.71188774366667
sp|Q60771|CLD11_MOUSE@S198,Q60771,S198,0.792585389833333,1.20343258533333,NA,NA,NA,NA,-1.53007807454167,NA,0.453956477666667,1.710871233
sp|Q9QYG0|NDRG2_MOUSE@S338,Q9QYG0,S338,0.412653928,-0.923267684166666,-0.526146973041667,NA,NA,NA,NA,NA,0.00676083733333355,0.135708425666667
sp|P60202|MYPR_MOUSE@T118,P60202,T118,-0.590068237393939,0.549515005015151,NA,NA,NA,NA,NA,NA,-0.696920400984848,-0.124627010666667
sp|Q9QYG0|NDRG2_MOUSE@S335,Q9QYG0,S335,-0.658520977,NA,NA,NA,NA,NA,NA,NA,-0.535666177,NA
sp|Q62108|DLG4_MOUSE@S422,Q62108,S422,2.34768590233333,2.99517171132381,NA,NA,NA,-1.14374853190476,0.874241786723809,NA,1.75295205509524,2.148201862
sp|Q62108|DLG4_MOUSE@T420,Q62108,T420,4.02004893566667,2.719715244,NA,NA,-0.665248376333333,-0.305569781033334,1.576082752,NA,2.56609637716667,3.213297352
sp|Q8CIQ7|DOCK3_MOUSE@S1655,Q8CIQ7,S1655,1.38785286275,-1.20750155075,NA,NA,NA,NA,NA,NA,-0.000934708499999992,1.266528059
sp|Q8K4G5|ABLM1_MOUSE@S475,Q8K4G5,S475,0.443263151333333,1.39973843333333,NA,1.39656136933333,NA,NA,NA,NA,-0.359085699166667,-0.124116831666667
sp|O35927|CTND2_MOUSE@S458,O35927,S458,0.704483792666667,-1.41444421316667,NA,-0.0145096831666667,NA,NA,NA,NA,0.713990766333333,0.00150576399999999
sp|Q8CGE9|RGS12_MOUSE@S850,Q8CGE9,S850,0.517640242666667,0.163638542,0.0670314536666666,NA,NA,NA,-0.473533463333333,NA,-0.277400007333333,0.377507935333333
sp|P0C7M9|CLC2L_MOUSE@T53,P0C7M9,T53,0.310291823,0.409188948,NA,NA,NA,NA,NA,NA,NA,0.851944746
sp|P0C7M9|CLC2L_MOUSE@S52,P0C7M9,S52,0.2303886125,0.319762677,NA,NA,NA,NA,NA,NA,NA,0.7687528545
sp|P83510|TNIK_MOUSE@S651,P83510,S651,NA,NA,NA,NA,NA,NA,NA,NA,NA,0.38833046
sp|O88587|COMT_MOUSE@S261,O88587,S261,3.663105211,2.75435309566667,1.73561141966667,1.65809970904762,1.654376269,-0.610084861380953,0.0624309933333333,-0.221725871380953,2.78811692966667,3.849016737
sp|Q9QYB8|ADDB_MOUSE@S594,Q9QYB8,S594,4.11793263433333,3.347937208,0.0935347823470084,NA,2.22345576433333,1.72136697533333,2.31939815880855,0.132943809311111,4.55477751066667,5.34070835066667
sp|Q8C8R3|ANK2_MOUSE@S1925,Q8C8R3,S1925,-0.772922489666667,-0.524466269666667,NA,NA,NA,NA,NA,NA,0.412989742333333,-0.184469204666667
sp|Q61290|CAC1E_MOUSE@T29,Q61290,T29,1.3454310465,1.2552900445,0.160847196,NA,0.3434932005,0.295839971785714,NA,-0.5573040335,0.671789186,1.5321341255
sp|P16546|SPTN1_MOUSE@S1190,P16546,S1190,3.7161538035,NA,NA,NA,1.3274730095,-0.857320321499999,NA,NA,0.719849062500001,2.6826678845
sp|F8VPZ3|UBP32_MOUSE@S1371,F8VPZ3,S1371,2.667868192125,2.195411094625,-0.237722707,NA,NA,NA,1.58267945,NA,2.131775973125,1.828102480125
sp|F8VPZ3|UBP32_MOUSE@S1372,F8VPZ3,S1372,2.401623531,1.41315943933333,-0.67392251925,NA,NA,NA,1.13886253675,NA,1.75324805333333,1.49451636233333
sp|Q91VM5|RMXL1_MOUSE@S205,Q91VM5,S205,1.2042759334,0.00152491840000002,NA,NA,NA,NA,NA,NA,0.7572128396,1.049422664
sp|O35927|CTND2_MOUSE@S457,O35927,S457,0.705183775666667,-1.41517918083333,NA,-0.0474994978333332,NA,NA,NA,NA,0.718216695666667,0.00101324166666666
sp|Q91V14|S12A5_MOUSE@S1044,Q91V14,S1044,0.3213287015,-0.7337540355,NA,NA,NA,NA,NA,NA,-1.14943762,1.2649089965
sp|P20357|MTAP2_MOUSE@T1609,P20357,T1609,1.55474710733333,1.5500133511,-1.30139565131667,0.0061326426833333,0.0867824933333333,-0.220570106333333,NA,NA,0.737385513666667,2.498281678
sp|P20357|MTAP2_MOUSE@S1539,P20357,S1539,2.372227674,2.88358416666667,1.2773297924739,NA,2.778291335,1.68783553701606,-0.0256892969839353,0.483254231052209,2.97729853266667,4.934481955
sp|Q8VD37|SGIP1_MOUSE@T182,Q8VD37,T182,0.9257150808,0.123811061133333,NA,NA,NA,NA,NA,NA,NA,0.435548454666667
sp|Q9ESN9|JIP3_MOUSE@S365,Q9ESN9,S365,2.26851036366667,-0.231358232144927,-1.47454757388406,NA,NA,0.150906506115942,-0.217309158797102,NA,0.400710183855073,2.90607953
sp|Q9ESN9|JIP3_MOUSE@S366,Q9ESN9,S366,2.378535432,-0.277826397141304,-1.44208970858696,NA,NA,0.181073510413044,-0.150099774152174,NA,0.358711708358696,2.981660906
sp|Q8R3Z5|CACB1_MOUSE@T418,Q8R3Z5,T418,1.01554136,-0.916879509,NA,NA,NA,NA,NA,NA,NA,0.879427326
sp|Q8R3Z5|CACB1_MOUSE@S417,Q8R3Z5,S417,0.935913469,NA,NA,NA,NA,NA,NA,NA,NA,0.791185015333333
sp|Q8CIP5|DISP2_MOUSE@S1121,Q8CIP5,S1121,-0.260487031,NA,NA,NA,NA,NA,NA,NA,-0.452661223,0.485276509
sp|Q9R0L6|PCM1_MOUSE@S65,Q9R0L6,S65,-0.801575188666667,-1.51396950766667,NA,NA,NA,NA,-0.457395166666667,NA,-0.846598099666667,0.332457642333333
sp|O35526|STX1A_MOUSE@S64,O35526,S64,2.36351441533333,2.237453035,0.618913423666667,NA,-0.226923280333333,NA,1.41955385966667,-0.4587576225,1.791182253,2.06749879466667
sp|Q3UHJ0|AAK1_MOUSE@T604,Q3UHJ0,T604,1.86204325533333,0.636588648333333,NA,NA,NA,NA,NA,NA,-1.19502483166667,0.498231027333333
sp|Q64012|RALY_MOUSE@S135,Q64012,S135,-1.89557313533333,-0.299202199333333,NA,NA,NA,NA,NA,NA,0.141383511666667,-1.41161828633333
sp|Q6ZQ18|EFR3B_MOUSE@S216,Q6ZQ18,S216,NA,-0.4236427755,NA,NA,NA,NA,NA,NA,0.3315690475,1.0247543745
sp|Q9QYC0|ADDA_MOUSE@T610,Q9QYC0,T610,1.13982680866667,0.121651317166667,-1.76109601933333,NA,-2.29169971933333,-2.20022786304762,-0.691794250333333,-1.56496388761905,0.614417718666667,1.64076513216667
sp|O35633|VIAAT_MOUSE@S95,O35633,S95,-0.88490071,-1.733734498,NA,0.517707126,NA,NA,NA,NA,-0.394116153000001,-0.110878987
sp|O35633|VIAAT_MOUSE@S97,O35633,S97,0.359770864,0.793649704083333,NA,0.120926968208333,-0.798175066791667,NA,NA,NA,0.310297335083333,1.51777688966667
sp|Q80XQ2|TBCD5_MOUSE@S578,Q80XQ2,S578,2.2022651415,1.910360728,NA,NA,-0.589189915125,0.721090344875,NA,NA,1.201447706,1.815473284
sp|P08551|NFL_MOUSE@S48,P08551,S48,0.182158486,-0.934135459111111,NA,NA,NA,NA,-1.47621199311111,NA,-0.685079307666667,0.374005770333333
sp|P08551|NFL_MOUSE@S49,P08551,S49,0.808758315,-0.430735393958333,NA,NA,NA,NA,-1.20180125383333,NA,-0.072862088,0.920010343
sp|P08551|NFL_MOUSE@S50,P08551,S50,1.304948296,0.0314168310277779,NA,NA,NA,NA,-0.842242335222222,NA,0.297657783333333,1.445881033
sp|P08551|NFL_MOUSE@S52,P08551,S52,1.470436266,0.969637053472222,-0.120179685527778,NA,NA,NA,-0.895213455777778,NA,0.293277919666667,1.640832502
sp|Q3UHJ0|AAK1_MOUSE@T603,Q3UHJ0,T603,1.85519122433333,0.629736617333333,NA,NA,NA,NA,NA,NA,-1.20187686266667,0.491378996333333
sp|O88343|S4A4_MOUSE@S257,O88343,S257,2.97425807266667,1.719019168,0.956742387951389,NA,-0.016447423048611,NA,1.71002172757639,NA,0.764115421576389,2.12833424366667
sp|Q60771|CLD11_MOUSE@T200,Q60771,T200,-0.54343707125,-0.10099159175,NA,NA,NA,NA,NA,NA,-0.1225324905,0.3780590865
sp|P08775|RPB1_MOUSE@S1920,P08775,S1920,0.2773035015,NA,NA,NA,NA,NA,NA,NA,-0.523671512,0.2747834045
sp|Q8BL65|ABLM2_MOUSE@S289,Q8BL65,S289,0.0113238712000001,-0.469497284133333,NA,NA,-0.998222094866667,NA,0.3643480726,NA,-0.276766496733333,-0.447536783666667
sp|Q8BL65|ABLM2_MOUSE@S296,Q8BL65,S296,-0.524479814833333,-0.491121347083333,NA,NA,-0.856666962083333,NA,NA,NA,-1.13219771258333,-0.585604859333333
sp|Q8BL65|ABLM2_MOUSE@S294,Q8BL65,S294,-0.3915063122,-0.396968231866667,NA,NA,-0.795128263133333,NA,NA,NA,-1.24357824426667,-0.628115380333333
sp|Q8BL65|ABLM2_MOUSE@S290,Q8BL65,S290,-1.7473483925,NA,NA,NA,NA,NA,NA,NA,NA,-1.9808942455
sp|Q8BL65|ABLM2_MOUSE@S292,Q8BL65,S292,-0.787622439166667,-0.671285331666666,NA,NA,NA,NA,NA,NA,-1.61820817991667,-0.977038348666667
sp|Q8BL65|ABLM2_MOUSE@T291,Q8BL65,T291,-0.5838561975,NA,NA,NA,NA,NA,NA,NA,-1.41182714625,-0.772014237
sp|Q8CHU3|EPN2_MOUSE@S173,Q8CHU3,S173,-0.72103034,-1.622894924,NA,NA,NA,NA,NA,NA,NA,-1.229198691
sp|Q8R3Q2|PP6R2_MOUSE@S669,Q8R3Q2,S669,1.674776932,1.182816088,-0.307471287,NA,0.981990106,NA,NA,-0.277535067,1.015465473,1.967772678
sp|P97445|CAC1A_MOUSE@T2070,P97445,T2070,-0.57655258,NA,NA,NA,NA,NA,NA,NA,NA,-0.466619402
sp|P97445|CAC1A_MOUSE@S2071,P97445,S2071,-0.081388331,NA,NA,NA,NA,NA,NA,NA,NA,0.110078525
sp|Q9QYG0|NDRG2_MOUSE@S332,Q9QYG0,S332,-0.677129847,0.251747190166667,-1.5574335625,NA,-1.4462576065,NA,NA,NA,-0.616824007166667,-0.327042937666667
sp|D3YXK2|SAFB1_MOUSE@S366,D3YXK2,S366,4.041154955,2.228680359,0.436640829466666,NA,1.19177305633333,0.910353629466666,0.709256814279167,-0.378878207033334,2.287505423,3.526211293
sp|O88935|SYN1_MOUSE@S510,O88935,S510,-0.410966237,-1.534465366,-1.410319271,NA,NA,NA,NA,NA,NA,NA
sp|Q8C3Q5|SHSA7_MOUSE@S250,Q8C3Q5,S250,-0.194031404333333,-0.649249227583333,NA,NA,-0.571161230083333,NA,NA,NA,-0.979971111083333,-0.0332701703333333
sp|Q8C3Q5|SHSA7_MOUSE@S249,Q8C3Q5,S249,-0.194188149333333,-0.985167758833333,NA,NA,-0.9063461225,NA,NA,NA,-1.31849707116667,-0.702749571333333
sp|Q80U49|C170B_MOUSE@T541,Q80U49,T541,0.189168863,-0.345571039,-2.2277524605,NA,-1.3335952745,NA,NA,NA,-0.9354379875,-0.000998424499999859
sp|Q80U49|C170B_MOUSE@T540,Q80U49,T540,0.188458467,-0.346294142,-2.22841857083333,NA,-1.33426138483333,NA,NA,NA,-0.936104097833333,-0.00156325649999987
sp|Q9QYB5|ADDG_MOUSE@S673,Q9QYB5,S673,0.860704089666667,-0.379393623333333,NA,NA,NA,NA,NA,NA,-0.0193522383333333,0.760215115666667
sp|O88874|CCNK_MOUSE@S341,O88874,S341,1.302379297,NA,NA,NA,NA,NA,NA,NA,NA,1.319441078
sp|Q8R3Q2|PP6R2_MOUSE@S670,Q8R3Q2,S670,1.86533367233333,1.754288296,-0.136156192,NA,0.661801229666667,NA,-0.100954628,-0.261150415166667,1.09414940933333,2.66532616466667
sp|Q60771|CLD11_MOUSE@S196,Q60771,S196,-1.217324255,0.218122827,NA,NA,NA,NA,NA,NA,-0.793161717,1.12520935
sp|Q9QYB5|ADDG_MOUSE@S683,Q9QYB5,S683,3.102569486,2.2401085925,0.701284140416667,NA,0.667014118,-0.2865626795,1.72933835258333,NA,2.0425366275,2.600705883
sp|Q9QYB5|ADDG_MOUSE@S681,Q9QYB5,S681,3.51749828766667,2.49166384149184,1.00196190947086,NA,0.936706477333333,-0.163903646333333,1.43746951676457,NA,2.31130640466667,3.077167277
sp|P16330|CN37_MOUSE@S227,P16330,S227,-2.19429811466667,-0.0196527843333333,NA,NA,NA,NA,NA,NA,-0.744414895333333,-0.106448120333333
sp|Q8K4G5|ABLM1_MOUSE@S737,Q8K4G5,S737,NA,0.056569311,NA,NA,NA,NA,NA,NA,0.374599743,0.237038238
sp|Q8K4G5|ABLM1_MOUSE@S738,Q8K4G5,S738,-0.583752165666667,0.130402542333333,NA,NA,NA,NA,NA,NA,0.916035172333333,0.669497561333333
sp|Q80YA9|CNKR2_MOUSE@T339,Q80YA9,T339,0.206704150666667,0.974588645333333,NA,NA,-0.00455758000000039,-1.762964881,NA,-2.105817458,-0.671583636333334,0.315182807666667
sp|Q9QYB8|ADDB_MOUSE@S688,Q9QYB8,S688,-0.281677230083333,0.482813101333333,NA,NA,-2.01545302325,NA,NA,-1.51073451425,-0.13171638725,-0.0511989270000001
sp|Q9QYB8|ADDB_MOUSE@T687,Q9QYB8,T687,-0.774640170666667,-0.330638466166667,NA,NA,-2.37035690633333,NA,NA,-1.86563839733333,-0.486620270333334,-0.0191210931666669
sp|Q9QYB8|ADDB_MOUSE@S692,Q9QYB8,S692,1.00163778788889,0.781698658333333,NA,NA,-1.18635066511111,NA,NA,-0.681632156111111,0.409475696333333,1.44118961
sp|Q5RJI5|BRSK1_MOUSE@S443,Q5RJI5,S443,0.661689071666667,0.210664137666667,NA,NA,-0.072785066225,NA,-0.537217978666667,-0.780328508225,-0.225926490125,0.830355278333333
sp|Q5RJI5|BRSK1_MOUSE@S442,Q5RJI5,S442,0.664498972333333,0.209733015,NA,NA,-0.0547679202,NA,-0.539523152,-0.7870593882,-0.227602308,0.830585377666667
sp|Q8BUN9|NCKX2_MOUSE@S312,Q8BUN9,S312,1.57147900266667,1.00227053266667,1.420672403,NA,1.26892627366667,0.153197648361111,0.433162804861111,-0.245227968763889,2.08204300466667,3.514814356
sp|Q5XJV6|LMTK3_MOUSE@S962,Q5XJV6,S962,1.0469136225,1.221097511,NA,NA,NA,NA,NA,NA,1.36885428,2.1999155125
sp|Q62261|SPTB2_MOUSE@T2186,Q62261,T2186,0.0891376516666666,-0.614423908,NA,NA,NA,NA,-1.04203139188889,NA,-1.34645094088889,-0.820929708333333
sp|Q9QYR6|MAP1A_MOUSE@S1796,Q9QYR6,S1796,3.140156718,2.686569637,0.990522151,NA,1.038316065,0.778439489,NA,NA,2.499289913,3.099392085
sp|Q9WV92|E41L3_MOUSE@T923,Q9WV92,T923,1.687290552,1.802488645,0.283093121,NA,-0.256254052,NA,NA,NA,0.886447666,2.298606455
sp|Q7TPW1|NEXN_MOUSE@S296,Q7TPW1,S296,-1.00053711266667,-0.643415773666667,NA,NA,NA,NA,NA,NA,0.0423756523333332,0.218504892333333
sp|Q62261|SPTB2_MOUSE@S2183,Q62261,S2183,-0.906803936,NA,NA,NA,NA,NA,-0.624617762,NA,-0.929037311,-1.849463558
sp|O08547|SC22B_MOUSE@S177,O08547,S177,0.799058763,0.691506704,NA,NA,NA,NA,NA,NA,-0.8034130115,-0.1699821905
sp|Q62108|DLG4_MOUSE@S415,Q62108,S415,3.12945735066667,1.63618613366667,0.407930172166667,NA,NA,0.0460738521666667,1.59599814666667,NA,1.95107916416667,2.20595356266667
sp|Q8CH25|SLTM_MOUSE@S289,Q8CH25,S289,3.251515584,3.04170074833333,0.945745935333333,NA,2.43855944966667,1.79484727019444,-0.470374409734127,NA,2.64035306966667,3.29336368666667
sp|Q9QYR6|MAP1A_MOUSE@T1794,Q9QYR6,T1794,3.140156718,2.686569637,0.990522151,NA,1.038316065,0.778439489,NA,NA,2.499289913,3.099392085
sp|Q02248|CTNB1_MOUSE@T556,Q02248,T556,0.248475913625,0.909877330625,NA,NA,0.741259928,-0.490277962,-0.082209605,NA,0.132825993125,1.652787653625
sp|Q02248|CTNB1_MOUSE@S552,Q02248,S552,2.164843726,2.49919520666667,1.06987656942857,NA,0.273977908333333,-0.477167381,1.521783208,-0.464084839321429,1.98872426233333,2.65952674266667
sp|Q01815|CAC1C_MOUSE@S815,Q01815,S815,-0.344881031,-0.2136436725,NA,NA,NA,NA,NA,NA,NA,-0.568889755
sp|P63318|KPCG_MOUSE@T655,P63318,T655,-0.114389228,0.77132031575,-1.07058239975,NA,-2.530515452,-1.595495427,NA,NA,-1.018589492,0.557160752
sp|Q924K8|MTA3_MOUSE@S516,Q924K8,S516,0.23949158925,0.79531585675,NA,NA,NA,NA,0.3758784525,NA,-0.0709608377499999,0.23265357975
sp|Q8K400|STXB5_MOUSE@S786,Q8K400,S786,1.429992087,0.183132833,NA,NA,NA,NA,NA,NA,NA,0.270642966
sp|Q8K400|STXB5_MOUSE@T785,Q8K400,T785,1.429992087,0.183132833,NA,NA,NA,NA,NA,NA,NA,0.270642966
sp|O35691|PININ_MOUSE@S66,O35691,S66,1.470783182,0.9833810255,NA,NA,NA,0.3684439265,NA,NA,0.9878355255,1.225514066
sp|Q3UJU9|RMD3_MOUSE@S46,Q3UJU9,S46,2.234816631,0.677678762,-0.813249048833333,0.780498819666667,-0.719076401833333,NA,0.327894898666667,NA,0.969588642,1.93179922866667
sp|Q5U4C3|SFR19_MOUSE@S682,Q5U4C3,S682,-0.3184061375,2.01910139275,NA,NA,NA,NA,NA,NA,0.28115579925,1.063581721
sp|Q2PFD7|PSD3_MOUSE@S1000,Q2PFD7,S1000,0.0301225219999998,-0.0981985330000001,-1.162167071125,NA,NA,NA,NA,NA,-1.2757140255,-0.115467818
sp|P84309|ADCY5_MOUSE@S8,P84309,S8,0.2800581595,0.61554059475,-1.49841095325,NA,NA,NA,NA,NA,0.17831191275,-0.040113443
sp|Q2PFD7|PSD3_MOUSE@S1001,Q2PFD7,S1001,0.0248517816666665,-0.103905230333333,-1.14758247383333,NA,NA,NA,NA,NA,-1.27583343833333,-0.119598699333333
sp|Q69ZX8|ABLM3_MOUSE@S282,Q69ZX8,S282,0.328365611333333,-0.259758373333333,NA,NA,NA,NA,NA,NA,-1.63268324633333,0.701833442
sp|Q9ER47|KCNH7_MOUSE@S1188,Q9ER47,S1188,1.551260122375,1.897722750875,NA,NA,-0.64484381325,NA,1.555900033,NA,1.616095525375,3.190272132375
sp|O08539|BIN1_MOUSE@S321,O08539,S321,-0.4928483705,-1.7017566845,NA,NA,NA,NA,NA,NA,-1.9888296475,-0.1497485025
sp|O08539|BIN1_MOUSE@S324,O08539,S324,-0.8356943305,-1.3589107245,NA,NA,NA,NA,NA,NA,-1.6459836875,-0.2903451925
sp|Q01063|PDE4D_MOUSE@T289,Q01063,T289,-0.83279054425,-0.77513664075,NA,NA,NA,NA,NA,NA,-1.6793893235,-1.0873626765
sp|Q01063|PDE4D_MOUSE@S287,Q01063,S287,0.408208698,0.421065987083333,-1.56532271241667,NA,NA,NA,-0.708930802416667,NA,-0.758630130416667,0.459114368666667
sp|O88444|ADCY1_MOUSE@S550,O88444,S550,2.054821573,-0.0446067706666664,NA,NA,-1.66129614366667,NA,0.0942126443333328,NA,-0.269828769666666,1.48640202366667
sp|O88444|ADCY1_MOUSE@S549,O88444,S549,0.777062490333333,-0.848400977,NA,NA,NA,NA,0.0303036244999998,NA,-0.237074913,0.0881713296666667
sp|Q9R0K7|AT2B2_MOUSE@S1118,Q9R0K7,S1118,1.68729015333333,1.21507320233333,NA,NA,-1.18765826866667,NA,0.034688499,NA,0.643351467333333,2.79576173466667
sp|Q8R081|HNRPL_MOUSE@S98,Q8R081,S98,0.0516101256666667,0.623012735833333,NA,NA,NA,NA,-0.893319628166667,NA,-0.0888874451666666,-0.053532599
sp|Q6PCP5|MFF_MOUSE@T149,Q6PCP5,T149,-0.9362998055,NA,NA,NA,NA,NA,-1.1355634095,NA,NA,-2.0439346435
sp|Q80X80|C2C2L_MOUSE@T417,Q80X80,T417,0.4546917795,0.629922745,-0.9297397275,NA,-0.7173219275,-1.7227635465,-0.8657158375,-1.5859579825,0.3500758505,0.855856484
sp|Q80U28|MADD_MOUSE@T1060,Q80U28,T1060,2.41766636,3.543933953,2.18915227433333,NA,2.19539503933333,1.03548040233333,3.03576807233333,1.24341632833333,2.856637553,3.408405051
sp|Q6PCP5|MFF_MOUSE@S151,Q6PCP5,S151,0.598202944666667,-0.599819039858586,-1.84411286787879,0.713345909717172,-1.21319060008081,NA,-0.913161014333333,NA,0.751659846,0.384718095333333
sp|Q9D032|SSBP3_MOUSE@S347,Q9D032,S347,0.981482305,1.29516138,NA,NA,0.160842505,NA,NA,NA,-0.083080654,0.822337449
sp|Q8C8R3|ANK2_MOUSE@S1936,Q8C8R3,S1936,-0.5326120645,-0.4076123315,NA,NA,NA,NA,NA,NA,NA,0.6950169225
sp|Q9QYR6|MAP1A_MOUSE@S1789,Q9QYR6,S1789,2.218359903,2.25449848866667,0.757016042,0.994907689994048,1.20685662933333,-0.858230135380952,0.288660063333333,NA,1.14124462266667,3.02367285433333
sp|B9EHT4|CLIP3_MOUSE@S402,B9EHT4,S402,0.6903945935,-0.22487593975,NA,-0.68560713975,-1.68194460475,NA,-0.3636922385,NA,-0.1239838695,0.2701418355
sp|B9EHT4|CLIP3_MOUSE@S401,B9EHT4,S401,0.633589127666667,0.0231554502971014,NA,-0.779656957615942,-1.77599442261594,NA,-0.499056115105072,NA,-0.246063006605072,-0.133890164333333
sp|Q68FD5|CLH1_MOUSE@S67,Q68FD5,S67,0.155166308866667,-0.228595162733334,NA,NA,NA,NA,NA,NA,-0.1692624398,-0.664891708666667
sp|P08553|NFM_MOUSE@S428,P08553,S428,0.7565801545,-0.9261691385,NA,NA,NA,NA,NA,NA,-1.45665444433333,0.690882454
sp|Q5RJI5|BRSK1_MOUSE@S508,Q5RJI5,S508,0.700980019031746,0.575090579555555,0.838404635555555,NA,1.01426142366667,-1.04593014444444,-0.358639065253968,0.225050624555555,1.35060489533333,2.121277314
sp|Q5DQR4|STB5L_MOUSE@S819,Q5DQR4,S819,NA,NA,NA,NA,NA,NA,NA,NA,NA,-0.317586415
sp|Q5DQR4|STB5L_MOUSE@S818,Q5DQR4,S818,NA,NA,NA,NA,NA,NA,NA,NA,0.288450659,1.241202401
sp|Q8BPN8|DMXL2_MOUSE@S1399,Q8BPN8,S1399,1.399044364,-0.323411755,NA,NA,NA,NA,NA,NA,-0.669918994,0.64353807
sp|Q5DQR4|STB5L_MOUSE@S597,Q5DQR4,S597,-1.0145724245,-0.5069070165,NA,NA,NA,NA,NA,NA,-0.3386123,-0.256353025
sp|P27546|MAP4_MOUSE@T784,P27546,T784,-0.043541419,-0.4595125368,NA,NA,-1.1883336718,NA,-0.3528797406,NA,-0.4698367524,-0.4658099786
sp|P60202|MYPR_MOUSE@T116,P60202,T116,0.574973490333333,1.0373871615,-0.1213985045,NA,-0.2349955865,NA,0.3969454225,-0.4921239525,0.531993642833333,0.280086501333333
sp|O35551|RABE1_MOUSE@S410,O35551,S410,-0.684249283,NA,NA,NA,NA,NA,NA,NA,NA,0.050762794
sp|O35551|RABE1_MOUSE@T408,O35551,T408,-0.684249283,NA,NA,NA,NA,NA,NA,NA,NA,0.050762794
sp|O35551|RABE1_MOUSE@S407,O35551,S407,-0.684249283,NA,NA,NA,NA,NA,NA,NA,NA,0.050762794
sp|Q5Y5T5|ZDHC8_MOUSE@S672,Q5Y5T5,S672,2.67519740666667,0.598086226333333,NA,NA,0.00148694848333353,-0.156895546916667,0.0583392288333332,0.149649346833333,1.00849883333333,2.336151602
sp|Q5DQR4|STB5L_MOUSE@S598,Q5DQR4,S598,-1.01561045166667,-0.501300831166667,NA,NA,NA,NA,NA,NA,-0.3455606905,-0.256494878666667
sp|Q04690|NF1_MOUSE@S866,Q04690,S866,0.845387541666667,-0.131419967,-0.845710261638889,NA,-1.64140451788889,NA,NA,NA,1.30323125377778,0.655024224666667
sp|Q8BIE6|FRM4A_MOUSE@S785,Q8BIE6,S785,-0.040899673,NA,-1.13688955333333,NA,NA,NA,NA,NA,NA,0.189990568333333
sp|Q9D168|INT12_MOUSE@S127,Q9D168,S127,-0.0267567723333333,0.636799928416667,NA,NA,NA,-2.39974707045833,NA,NA,0.277232379416667,1.00628332966667
sp|E9Q0S6|TENS1_MOUSE@S1346,E9Q0S6,S1346,1.44444294833333,0.633586148916667,-1.76566297078333,-0.845725130783333,0.306338584416667,-0.328424570783333,NA,NA,0.576018349416667,2.003785197
sp|Q80XU3|NUCKS_MOUSE@S181,Q80XU3,S181,1.908262709,2.54269290166667,NA,NA,NA,NA,0.0811916809999995,NA,0.802212525333333,2.059256664
sp|Q9ERR1|NDEL1_MOUSE@S231,Q9ERR1,S231,1.63937235833333,1.81486285933333,NA,NA,NA,NA,-0.136049910333333,NA,0.560238642,1.02443388666667
sp|O35526|STX1A_MOUSE@S59,O35526,S59,-1.6951336665,0.159705282,NA,NA,NA,NA,NA,NA,-1.5503723205,-1.078494553
sp|P14873|MAP1B_MOUSE@T1943,P14873,T1943,NA,-1.33844228,NA,NA,NA,NA,NA,NA,NA,NA
sp|P14873|MAP1B_MOUSE@T1945,P14873,T1945,NA,-1.33844228,NA,NA,NA,NA,NA,NA,NA,NA
sp|P26049|GBRA3_MOUSE@S433,P26049,S433,0.406835207333333,0.353146143,NA,NA,NA,NA,-0.281500744875,NA,-0.0214096615000001,1.31879776266667
sp|Q9QYR6|MAP1A_MOUSE@T1797,Q9QYR6,T1797,3.140156718,2.686569637,0.990522151,NA,1.038316065,0.778439489,NA,NA,2.499289913,3.099392085
sp|O88587|COMT_MOUSE@S260,O88587,S260,3.40938903833333,2.459885916,1.38322680633333,1.11743971166667,1.48278601,-0.876920052619048,0.0624309933333333,-0.474150901619048,2.42114347566667,3.468375677
sp|O88569|ROA2_MOUSE@S225,O88569,S225,0.469039549,-0.120385117,-0.8801762548125,0.2446905131875,1.62422953,-0.0171006555,-0.39473524,0.4885604885,1.4139295915,2.325950369
sp|Q7TQF7|AMPH_MOUSE@S500,Q7TQF7,S500,0.908529151333333,0.0350926630833332,NA,NA,NA,NA,NA,NA,0.41113551025,0.940773968666667
sp|Q6PDL0|DC1L2_MOUSE@S407,Q6PDL0,S407,-1.12434607483333,-1.01578888408333,NA,NA,NA,NA,NA,NA,-1.67137600308333,0.281410331666667
sp|P46660|AINX_MOUSE@S37,P46660,S37,1.214779801,-0.631734849444445,NA,NA,2.35808359672222,1.71551851222222,NA,0.168465690722222,3.00145736166667,3.101334649
sp|Q9QYR6|MAP1A_MOUSE@T504,Q9QYR6,T504,0.865862302666667,-0.0429131913333333,NA,-1.08477368933333,NA,NA,NA,NA,-1.41893115133333,0.966001491666667
sp|P10853|H2B1F_MOUSE@S56,P10853,S56,0.573167933,-1.301607074,NA,NA,NA,NA,NA,NA,-1.324846711,NA
sp|P97772|GRM1_MOUSE@S853,P97772,S853,NA,NA,NA,NA,NA,NA,NA,NA,NA,NA
sp|P97772|GRM1_MOUSE@T852,P97772,T852,NA,NA,NA,NA,NA,NA,NA,NA,NA,NA
sp|Q9QYB8|ADDB_MOUSE@S692; sp|Q9QYB8|ADDB_MOUSE@S696,Q9QYB8,S692,-1.2751248815,-0.0619051237500003,-1.19020678275,NA,NA,-0.68765223575,NA,NA,NA,-0.631352249
sp|P20357|MTAP2_MOUSE@S823,P20357,S823,NA,NA,NA,NA,NA,NA,NA,NA,NA,NA
sp|Q9QYR6|MAP1A_MOUSE@S1200,Q9QYR6,S1200,NA,NA,NA,NA,NA,NA,NA,NA,NA,-1.007117068
sp|O70166|STMN3_MOUSE@S81,O70166,S81,NA,NA,NA,NA,NA,NA,NA,NA,NA,NA
sp|A2A690|TANC2_MOUSE@S1534,A2A690,S1534,-0.238207381266667,0.186812201533333,NA,NA,NA,NA,0.109764998266667,NA,-1.4895056126,0.236177721666667
sp|P63141|KCNA2_MOUSE@S468,P63141,S468,NA,NA,NA,NA,NA,NA,-0.646901958,NA,NA,NA
sp|P97772|GRM1_MOUSE@T851,P97772,T851,NA,NA,NA,NA,NA,NA,NA,NA,NA,NA
sp|Q640R3|HECAM_MOUSE@S343,Q640R3,S343,0.419142140166666,0.318555573166666,-0.830356767333334,NA,-1.03186940733333,NA,-0.503781193333334,NA,-1.46043388433333,0.594207262666667
sp|Q9Z2W8|GRIA4_MOUSE@T864,Q9Z2W8,T864,NA,-1.5702053685,NA,NA,NA,NA,NA,NA,-1.8584930945,-0.8399055795
sp|Q05D44|IF2P_MOUSE@S215,Q05D44,S215,-0.401156257,NA,-1.460362711,NA,NA,NA,NA,NA,-1.480365312,NA
sp|Q9ERZ4|ACM2_MOUSE@S232,Q9ERZ4,S232,-0.240461652,NA,NA,NA,NA,NA,NA,NA,NA,-1.113461152
sp|P56695|WFS1_MOUSE@S32,P56695,S32,-1.773095549,-0.608938295,NA,NA,NA,NA,NA,NA,-0.483714115,-0.959030789
sp|Q3UH68|LIMC1_MOUSE@S217,Q3UH68,S217,0.52170141,-1.725680108,NA,NA,NA,NA,NA,NA,NA,-0.70696103
sp|O70439|STX7_MOUSE@T79,O70439,T79,-0.693339976,-0.999959945,NA,-0.039747776,NA,NA,NA,NA,-0.444475433,-0.650634803
sp|O70439|STX7_MOUSE@T78,O70439,T78,-0.69380938,NA,NA,NA,NA,NA,NA,NA,-0.444475433,NA
sp|Q9Z2W8|GRIA4_MOUSE@S866,Q9Z2W8,S866,NA,-1.07720653533333,NA,NA,NA,NA,NA,NA,-1.16532762983333,-0.847169242333333
sp|Q640R3|HECAM_MOUSE@Y342,Q640R3,Y342,-0.2289205845,-0.5494493875,-1.5699302875,NA,-1.4825955165,NA,-0.8496098085,NA,-3.1104868685,0.1933565935
sp|P14873|MAP1B_MOUSE@S1814,P14873,S1814,-1.24248681525,-1.42695393375,NA,NA,-1.3512753285,NA,NA,NA,NA,0.2646650615
sp|P14873|MAP1B_MOUSE@S1815,P14873,S1815,-1.2491687825,-1.4376981115,NA,NA,-1.339751454,NA,NA,NA,NA,0.276188936
sp|P14873|MAP1B_MOUSE@S1813,P14873,S1813,-1.2638582335,-1.4503586705,NA,NA,-1.331687143,NA,NA,NA,NA,0.284253247
sp|P28661|SEPT4_MOUSE@S117,P28661,S117,-1.057141209,-0.870757739,NA,NA,NA,NA,NA,NA,NA,-1.244506983
sp|P28661|SEPT4_MOUSE@S118,P28661,S118,-1.057141209,-0.870757739,NA,NA,NA,NA,NA,NA,NA,-1.244506983
sp|Q99KX1|MLF2_MOUSE@S237,Q99KX1,S237,-0.450453516818182,-0.964733267,-0.743453321409091,-0.949869571227273,NA,NA,NA,NA,-1.02579993079545,-0.393434602295455
sp|Q8C8R3|ANK2_MOUSE@T3718,Q8C8R3,T3718,NA,-1.75955551,NA,NA,NA,NA,NA,-0.553289804,NA,NA
sp|Q8C8R3|ANK2_MOUSE@T3717,Q8C8R3,T3717,NA,-1.75955551,NA,NA,NA,NA,NA,-0.553289804,NA,NA
sp|F6SEU4|SYGP1_MOUSE@T913,F6SEU4,T913,-1.352942996,-1.202227485,-1.41561603,NA,-1.179296831,NA,NA,NA,NA,-1.672265412
sp|F6SEU4|SYGP1_MOUSE@T912,F6SEU4,T912,0.0297764446666667,0.158588677014493,-1.14522580502899,NA,-0.95625556942029,NA,-1.04995923815942,NA,-0.754397917985507,0.0605402436666667
sp|D3YVF0|AKAP5_MOUSE@S251,D3YVF0,S251,0.0628703646666667,0.0715177556666666,NA,NA,-1.2664590160582,NA,NA,NA,-0.196246080201058,1.12252985933333
sp|Q9Z0P4|PALM_MOUSE@T145,Q9Z0P4,T145,3.581575677,2.17701345466667,0.645609972666667,NA,2.05680294566667,0.564352615,-0.393175827333333,-0.0269094639166671,2.71610029333333,4.59087051566667
sp|Q3U0V1|FUBP2_MOUSE@S182,Q3U0V1,S182,-0.385201439333333,-0.469149503333333,NA,NA,NA,NA,NA,NA,NA,-0.357344909833333
sp|Q640R3|HECAM_MOUSE@S345,Q640R3,S345,1.63142298166667,1.22854406766667,-0.326689267208334,NA,-0.596269517708333,NA,-0.0422539467083335,-0.464536607708334,-0.216124748,1.69773747633333
sp|P97379|G3BP2_MOUSE@T227,P97379,T227,-1.06488731566667,-0.153172869166667,NA,NA,NA,NA,NA,NA,0.133517231333334,0.212078499333333
sp|P63141|KCNA2_MOUSE@S434,P63141,S434,NA,NA,NA,NA,NA,NA,NA,NA,NA,-0.966213382
sp|Q7TME0|PLPR4_MOUSE@T417,Q7TME0,T417,NA,NA,NA,NA,NA,NA,NA,NA,NA,NA
sp|Q6PDI6|MINY2_MOUSE@S99,Q6PDI6,S99,NA,NA,NA,NA,NA,NA,NA,NA,NA,NA
sp|P63141|KCNA2_MOUSE@T433,P63141,T433,NA,NA,NA,NA,NA,NA,NA,NA,NA,-0.968971929
sp|Q8C7M3|TRIM9_MOUSE@S46,Q8C7M3,S46,-1.784455454,-1.420715652,NA,NA,NA,NA,NA,NA,NA,-1.944236378
sp|Q9WV69|DEMA_MOUSE@T91,Q9WV69,T91,2.1252063878125,2.3516661568125,1.5537395813125,NA,0.5787206433125,0.4267628598125,0.7228054578125,NA,0.9852559163125,1.9200828858125
sp|Q9WV69|DEMA_MOUSE@S92,Q9WV69,S92,2.019201056875,2.365195257875,1.566778596875,NA,0.585880412875,0.440291960875,0.734053836375,NA,0.998785017375,1.932938383875
sp|A2AN08|UBR4_MOUSE@S178,A2AN08,S178,NA,NA,NA,NA,NA,NA,NA,NA,NA,-2.143800562
sp|P06837|NEUM_MOUSE@T172,P06837,T172,-0.742560464499999,-0.232683172999999,-1.7195671665,NA,-2.6280495268,NA,NA,NA,-1.469098688,0.199471139
sp|P06837|NEUM_MOUSE@T171,P06837,T171,-0.9132342305,-0.2289455515,-1.711212145,NA,-2.50457251925,NA,NA,NA,-0.677184096250001,0.199754911
sp|Q6PE13|PRRT3_MOUSE@S845,Q6PE13,S845,-0.104687096,-0.51406960125,NA,-0.3786896185,-0.18341369775,-0.51258957375,0.14948711425,NA,0.22670952925,0.640885538
sp|Q8C8R3|ANK2_MOUSE@S1816; sp|Q8C8R3|ANK2_MOUSE@S1819,Q8C8R3,S1816,NA,0.323070033,NA,NA,NA,NA,NA,NA,NA,NA
sp|Q9ES97|RTN3_MOUSE@T671,Q9ES97,T671,-1.263148697,NA,NA,NA,NA,NA,-1.639706169,NA,NA,-1.302420192
sp|Q9ES97|RTN3_MOUSE@S673,Q9ES97,S673,-1.26241677633333,NA,NA,NA,NA,NA,-1.63805392433333,NA,NA,-1.30527360933333
sp|O70439|STX7_MOUSE@S45,O70439,S45,-0.65797406,NA,NA,NA,NA,NA,NA,NA,NA,NA
sp|P60879|SNP25_MOUSE@S130,P60879,S130,NA,NA,NA,NA,NA,NA,NA,NA,NA,-1.820342816
sp|P14873|MAP1B_MOUSE@S1373,P14873,S1373,-2.181242372,NA,NA,NA,NA,NA,NA,NA,NA,-2.309887491
sp|Q8VDN2|AT1A1_MOUSE@T219,Q8VDN2,T219,NA,NA,NA,NA,NA,NA,NA,NA,NA,NA
sp|Q9Z0P4|PALM_MOUSE@T141; sp|Q9Z0P4|PALM_MOUSE@T145,Q9Z0P4,T141,-0.089517399,NA,NA,-0.0483312725000001,NA,NA,NA,NA,-1.3706789805,-0.235694297
sp|P08553|NFM_MOUSE@S769,P08553,S769,4.91507255266667,5.086318233,2.817427628,0.160975549066667,1.895155775,0.589250564466667,3.95535240433333,-0.564912942133333,3.895041825,4.03455143366667
sp|O88643|PAK1_MOUSE@S223,O88643,S223,-2.426833807,-1.130131306,NA,NA,NA,NA,-0.981646336,NA,NA,-1.504679759
sp|Q8BTI8|SRRM2_MOUSE@S1305,Q8BTI8,S1305,-0.420277407,NA,NA,NA,NA,NA,NA,NA,NA,-0.998045762
sp|Q5DU25|IQEC2_MOUSE@S1114,Q5DU25,S1114,NA,NA,NA,NA,NA,NA,-0.365155986,NA,NA,NA
sp|Q9QYR6|MAP1A_MOUSE@S1196; sp|Q9QYR6|MAP1A_MOUSE@S1200,Q9QYR6,S1196,NA,NA,NA,NA,NA,NA,NA,NA,NA,NA
sp|Q3UHD9|AGAP2_MOUSE@S921,Q3UHD9,S921,-0.599567325166667,-0.210464900333333,NA,NA,-1.47589585166667,NA,NA,-0.394458579666667,NA,-0.045585081
sp|Q6PIE5|AT1A2_MOUSE@S450,Q6PIE5,S450,NA,NA,NA,NA,NA,NA,NA,NA,NA,NA
sp|Q8CJ40|CROCC_MOUSE@S1469,Q8CJ40,S1469,-2.375950192,NA,NA,NA,NA,NA,NA,NA,NA,NA
sp|P59281|RHG39_MOUSE@S597,P59281,S597,NA,NA,NA,NA,NA,NA,NA,NA,NA,-2.289596646
sp|A6X919|D19L1_MOUSE@S23,A6X919,S23,-1.368146182,-1.390406196,NA,NA,NA,-0.413361013,NA,-0.369685795,NA,-1.811993656
sp|P14873|MAP1B_MOUSE@S1384,P14873,S1384,-2.01156702,-0.861274346,NA,NA,NA,NA,NA,NA,NA,NA
sp|P14873|MAP1B_MOUSE@S828,P14873,S828,0.306893614,-0.0173452176136363,NA,NA,NA,NA,0.0390798126818185,NA,0.119778433886364,0.908016885454545
sp|P14873|MAP1B_MOUSE@S829,P14873,S829,0.306586839666667,-0.0153011447424243,NA,NA,NA,NA,0.0300382711212125,NA,0.0871351392575757,0.90275671530303
sp|F8VPU2|FARP1_MOUSE@S23,F8VPU2,S23,-0.07291409,0.98902587525,NA,NA,-1.98248836625,NA,NA,NA,NA,-0.8787848145
sp|F8VPU2|FARP1_MOUSE@T24,F8VPU2,T24,-0.0643520043333333,0.995327214916667,NA,NA,-2.02171720158333,NA,NA,NA,NA,-0.879148466833333
sp|Q9DBC7|KAP0_MOUSE@S77; sp|Q9DBC7|KAP0_MOUSE@S83,Q9DBC7,S77,NA,NA,NA,NA,NA,NA,NA,NA,NA,NA
sp|Q9Z2W8|GRIA4_MOUSE@S862,Q9Z2W8,S862,0.384495690833333,-0.578452906666667,NA,NA,NA,NA,NA,NA,0.0447130913333338,-0.136497805166667
sp|Q3UH99|SHSA6_MOUSE@S247,Q3UH99,S247,4.06743872866667,2.97481013966667,1.60328295166667,0.426713512333333,3.23478557533333,1.272629804,-0.701955015555555,1.40514998633333,0.703717793333333,2.59081474666667
sp|Q8BTI8|SRRM2_MOUSE@S1359,Q8BTI8,S1359,-2.67557678433333,NA,NA,NA,NA,NA,NA,NA,NA,-0.402797107333333
sp|Q8BTI8|SRRM2_MOUSE@S1360,Q8BTI8,S1360,-2.71904563866667,NA,NA,NA,NA,NA,NA,NA,NA,-0.446265961666667
sp|Q9QYR6|MAP1A_MOUSE@S1023,Q9QYR6,S1023,NA,NA,NA,NA,NA,NA,NA,NA,NA,NA
sp|O70439|STX7_MOUSE@T41,O70439,T41,0.659882374,NA,NA,NA,0.129581699,NA,NA,NA,-0.358459459,-0.326759785
sp|Q9QXV0|PCS1N_MOUSE@S205,Q9QXV0,S205,NA,NA,NA,NA,NA,NA,NA,NA,NA,NA
sp|Q9QXV0|PCS1N_MOUSE@S204,Q9QXV0,S204,NA,NA,NA,NA,NA,NA,NA,NA,NA,NA
sp|Q9QXV0|PCS1N_MOUSE@T202,Q9QXV0,T202,NA,NA,NA,NA,NA,NA,NA,NA,NA,NA
sp|Q91VC7|PP14A_MOUSE@S134,Q91VC7,S134,-1.414723111,-1.435734048,NA,NA,NA,NA,NA,NA,NA,NA
sp|P70399|TP53B_MOUSE@S822,P70399,S822,-2.219633761,NA,NA,NA,NA,NA,NA,NA,NA,NA
sp|P14873|MAP1B_MOUSE@S1382,P14873,S1382,NA,-0.911204508,NA,NA,NA,NA,NA,NA,NA,NA
sp|Q9ESK9|RBCC1_MOUSE@S243,Q9ESK9,S243,NA,NA,NA,NA,NA,NA,NA,NA,-0.93747656,-1.055942855
sp|Q8VDN2|AT1A1_MOUSE@T226,Q8VDN2,T226,NA,NA,NA,NA,NA,NA,NA,NA,NA,NA
sp|O35188|X3CL1_MOUSE@S262,O35188,S262,NA,-0.8690766415,NA,NA,NA,NA,NA,NA,NA,-1.4149644315
sp|Q62108|DLG4_MOUSE@S418; sp|Q62108|DLG4_MOUSE@S422,Q62108,S418,-3.414758655,NA,NA,NA,NA,NA,NA,NA,NA,NA
sp|Q2WF71|LRFN1_MOUSE@T727,Q2WF71,T727,-1.670756986,NA,NA,NA,NA,NA,NA,NA,NA,NA
sp|Q8K4J6|MRTFA_MOUSE@S487,Q8K4J6,S487,-0.893813984,NA,NA,NA,NA,NA,NA,NA,NA,-1.255509444
sp|Q8K4J6|MRTFA_MOUSE@T488,Q8K4J6,T488,-0.893813984,NA,NA,NA,NA,NA,NA,NA,NA,-1.255343861
sp|Q71M36|CSPG5_MOUSE@S543,Q71M36,S543,-2.0621995685,NA,NA,NA,NA,NA,NA,NA,NA,-1.4569318195
sp|E9PUL5|PRRT2_MOUSE@S208,E9PUL5,S208,NA,NA,NA,NA,NA,NA,NA,NA,NA,-1.672430609
sp|Q5U3K5|RABL6_MOUSE@S480,Q5U3K5,S480,NA,NA,NA,NA,NA,NA,NA,NA,NA,-2.095936544
sp|Q5U3K5|RABL6_MOUSE@S482,Q5U3K5,S482,NA,NA,NA,NA,NA,NA,NA,NA,NA,-2.095936544
sp|Q5U3K5|RABL6_MOUSE@S483,Q5U3K5,S483,NA,NA,NA,NA,NA,NA,NA,NA,NA,-2.095936544
sp|Q9QYR6|MAP1A_MOUSE@S1606,Q9QYR6,S1606,4.721222093,5.06433779766667,3.79859445466667,2.07388692287037,3.16843901133333,1.75694195133333,4.20736772933333,2.372186835,3.742681249,4.37342961
sp|Q5SW75|SSH2_MOUSE@T486,Q5SW75,T486,NA,NA,NA,NA,NA,NA,NA,NA,NA,NA
sp|Q5SW75|SSH2_MOUSE@S487,Q5SW75,S487,NA,NA,NA,NA,NA,NA,NA,NA,NA,NA
sp|Q61851|FGFR3_MOUSE@S418,Q61851,S418,-1.366450494,NA,NA,NA,NA,NA,-0.130059092,NA,NA,-1.344613402
sp|P20357|MTAP2_MOUSE@S608,P20357,S608,1.21789675145455,1.22345287618182,NA,NA,NA,0.313658764272727,0.675895963090909,NA,0.302761609454545,1.139226269
sp|Q9JME5|AP3B2_MOUSE@S272,Q9JME5,S272,0.0253739786666666,-0.926516308,NA,NA,NA,NA,NA,NA,-0.64986426,-0.288097506666667
sp|Q62108|DLG4_MOUSE@S418,Q62108,S418,-0.821807488,0.043524703,NA,NA,-0.841700504,NA,NA,NA,NA,-0.807675205
sp|Q3UHL1|CAMKV_MOUSE@S428,Q3UHL1,S428,NA,NA,NA,NA,NA,NA,NA,NA,NA,NA
sp|O35136|NCAM2_MOUSE@S786,O35136,S786,NA,NA,NA,NA,NA,NA,NA,NA,NA,NA
sp|Q3UH99|SHSA6_MOUSE@S434,Q3UH99,S434,-1.968833432,-0.419807757,NA,NA,NA,NA,-0.624146101,NA,-2.414449274,-1.037553669
sp|P51859|HDGF_MOUSE@S165,P51859,S165,NA,NA,NA,NA,NA,NA,NA,NA,NA,-1.686017622
sp|Q6A0A2|LAR4B_MOUSE@S603,Q6A0A2,S603,-0.0571315941666667,-0.956706466416667,-2.00019434541667,NA,-1.58996029541667,-0.463400579416667,NA,NA,-1.21918827166667,-0.204415657666667
sp|Q9QXS1|PLEC_MOUSE@S1443,Q9QXS1,S1443,0.286619590416667,-0.495905348,NA,NA,NA,NA,NA,NA,0.0669837771666668,-0.591225203666667
sp|Q8C1B1|CAMP2_MOUSE@S572,Q8C1B1,S572,0.0675881706666667,-0.376993875666667,NA,NA,NA,NA,NA,NA,-1.345774676,-0.339953021
sp|Q8C1B1|CAMP2_MOUSE@S573,Q8C1B1,S573,0.0732589006,-0.371415977733333,NA,NA,NA,NA,NA,NA,-1.33829421726667,-0.334065666666667
sp|Q7TQG1|PKHA6_MOUSE@T245,Q7TQG1,T245,-1.499289908,NA,NA,NA,NA,NA,NA,NA,NA,NA
sp|Q7TQG1|PKHA6_MOUSE@S247,Q7TQG1,S247,-1.499289908,NA,NA,NA,NA,NA,NA,NA,NA,NA
sp|Q3UHL1|CAMKV_MOUSE@T430,Q3UHL1,T430,-2.191272767,NA,NA,NA,NA,NA,NA,NA,NA,NA
sp|Q9QYB5|ADDG_MOUSE@S677,Q9QYB5,S677,-1.09389320166667,-1.17583619441667,NA,NA,-0.188558897416667,NA,-0.955473764416667,NA,-1.33364405291667,-0.120159606666667
sp|Q64332|SYN2_MOUSE@S342,Q64332,S342,-0.941382731,-0.913404272,NA,NA,NA,NA,NA,NA,NA,-1.445965789
sp|Q9WV92|E41L3_MOUSE@S468,Q9WV92,S468,1.38285132016667,1.40991915633333,NA,NA,NA,NA,0.298014764333333,NA,0.685805424666667,0.109039193166667
sp|Q9WV92|E41L3_MOUSE@S470,Q9WV92,S470,1.65420967233333,1.30388874722222,NA,NA,NA,NA,0.368768950472222,NA,0.711895316,0.193896003333333
sp|Q8C8R3|ANK2_MOUSE@S3774,Q8C8R3,S3774,1.22193069466667,0.946896708583334,-0.414024288916666,-1.48792424227381,0.340630491083334,-1.81040754127381,-1.31495296641667,-1.92137547127381,0.556037915083333,1.446469669
sp|Q80TE7|LRRC7_MOUSE@S1118,Q80TE7,S1118,-1.864719736,NA,NA,NA,NA,NA,NA,NA,NA,-0.85967133
sp|P70441|NHRF1_MOUSE@S273,P70441,S273,-0.327595130333333,-0.0118605536521739,NA,NA,NA,NA,-0.645801402391304,NA,-0.646058231391304,-0.208794211666667
sp|P70441|NHRF1_MOUSE@S275,P70441,S275,0.310262550666667,-0.323090199862319,NA,NA,NA,NA,-0.117645802634058,NA,-0.118060953134058,0.587730241
sp|P27546|MAP4_MOUSE@S517,P27546,S517,NA,NA,NA,NA,NA,NA,NA,NA,NA,0.086445268
sp|Q9QYG0|NDRG2_MOUSE@T334,Q9QYG0,T334,-2.175657237,NA,NA,NA,NA,NA,NA,NA,-0.61735268,NA
sp|P61329|FGF12_MOUSE@S212,P61329,S212,-0.570263778166667,-0.746216865666667,-0.620458025166666,NA,-2.51457371916667,NA,-2.65801923516667,NA,-1.46883454716667,0.433276156333333
sp|Q9ES28|ARHG7_MOUSE@T159,Q9ES28,T159,NA,NA,NA,NA,NA,NA,NA,NA,NA,-0.849163337
sp|Q99NB9|SF3B1_MOUSE@T211,Q99NB9,T211,NA,NA,NA,NA,NA,NA,NA,NA,NA,-1.506246989
sp|Q01063|PDE4D_MOUSE@S136,Q01063,S136,-2.26621401,NA,NA,NA,NA,NA,NA,NA,NA,NA
sp|P14873|MAP1B_MOUSE@S1781,P14873,S1781,NA,NA,NA,NA,NA,NA,NA,NA,NA,NA
sp|P60469|LIPA3_MOUSE@S645,P60469,S645,0.915467623833333,1.72711981333333,NA,NA,0.0818175938333329,NA,NA,NA,-0.0897681721666668,1.58041610133333
sp|Q91XM9|DLG2_MOUSE@S414,Q91XM9,S414,-0.0748450907499995,2.1449583765,0.4306110905,NA,NA,NA,NA,NA,0.9603128365,-0.429956797249999
sp|Q9DBC7|KAP0_MOUSE@S83,Q9DBC7,S83,3.89121492016667,2.87747750866667,1.781097536,0.763714839,1.842385288,-0.410197169,0,-0.45839385,2.22156473,3.45732300516667
sp|Q91W39|NCOA5_MOUSE@S378,Q91W39,S378,0.854993691,NA,NA,NA,NA,NA,NA,NA,-0.244445485,0.247150178
sp|Q9R1C7|PR40A_MOUSE@T369,Q9R1C7,T369,NA,NA,NA,NA,NA,NA,NA,NA,NA,NA
sp|O35927|CTND2_MOUSE@Y1150,O35927,Y1150,NA,-1.641965079,NA,NA,NA,NA,NA,NA,NA,NA
sp|O35927|CTND2_MOUSE@S1149,O35927,S1149,NA,-1.641965079,NA,NA,NA,NA,NA,NA,NA,NA
sp|P68404|KPCB_MOUSE@T642,P68404,T642,NA,-1.27549729933333,NA,NA,NA,NA,NA,NA,-0.394710822333334,-0.562630010333333
sp|Q9DBC7|KAP0_MOUSE@S77,Q9DBC7,S77,2.031242856,1.384837171,-0.076619008,NA,0.47888802,0,0,NA,0.496458176,2.580961825
sp|Q5SSL4|ABR_MOUSE@S53,Q5SSL4,S53,NA,NA,NA,NA,NA,NA,NA,NA,NA,NA
sp|Q5SSL4|ABR_MOUSE@T55,Q5SSL4,T55,NA,NA,NA,NA,NA,NA,NA,NA,NA,NA
sp|Q5SSL4|ABR_MOUSE@Y49,Q5SSL4,Y49,NA,NA,NA,NA,NA,NA,NA,NA,NA,NA
sp|Q9QYX7|PCLO_MOUSE@S1341,Q9QYX7,S1341,NA,NA,NA,NA,NA,NA,NA,NA,NA,NA
sp|Q9QWI6|SRCN1_MOUSE@S579,Q9QWI6,S579,0.920087334,0.4634791855,-1.403477743,NA,NA,NA,NA,NA,0.0364491985000001,0.502560378
sp|Q5SSL4|ABR_MOUSE@S57,Q5SSL4,S57,NA,NA,NA,NA,NA,NA,NA,NA,NA,NA
sp|Q5SSL4|ABR_MOUSE@S61,Q5SSL4,S61,NA,NA,NA,NA,NA,NA,NA,NA,NA,NA
sp|Q14CH0|F171B_MOUSE@S792,Q14CH0,S792,NA,NA,NA,NA,NA,NA,NA,NA,NA,-1.739994069
sp|Q14CH0|F171B_MOUSE@T791,Q14CH0,T791,NA,NA,NA,NA,NA,NA,NA,NA,NA,NA
sp|P53986|MOT1_MOUSE@S230,P53986,S230,3.94576914666667,4.43627507166667,3.420788172,3.36712918083333,2.885584866,1.10445778466667,4.055599543,1.45840421566667,4.245122752,4.19234816633333
sp|Q7TPS5|C2CD5_MOUSE@S661,Q7TPS5,S661,NA,NA,NA,NA,NA,NA,NA,NA,NA,NA
sp|Q62108|DLG4_MOUSE@S415; sp|Q62108|DLG4_MOUSE@S418,Q62108,S415,-1.194936058,NA,NA,NA,NA,NA,NA,NA,NA,-1.516326394
sp|Q7TPS5|C2CD5_MOUSE@S659,Q7TPS5,S659,NA,NA,NA,NA,NA,NA,NA,NA,NA,NA
sp|Q3TVI8|PBIP1_MOUSE@S164,Q3TVI8,S164,NA,NA,NA,NA,NA,NA,NA,NA,NA,-1.49884515
sp|Q3TVI8|PBIP1_MOUSE@S165,Q3TVI8,S165,NA,NA,NA,NA,NA,NA,NA,NA,NA,-1.5003577515
sp|Q9QYB8|ADDB_MOUSE@S688; sp|Q9QYB8|ADDB_MOUSE@S692,Q9QYB8,S688,NA,NA,NA,NA,NA,NA,NA,NA,NA,-2.19078979
sp|Q99KX1|MLF2_MOUSE@S239,Q99KX1,S239,-0.2768077665,-1.2525846575,NA,-0.5597232665,NA,NA,NA,NA,NA,-1.6611948895
sp|Q91V14|S12A5_MOUSE@S49,Q91V14,S49,3.09920981466667,2.30582467125,0.38759733425,NA,-1.42622290375,NA,NA,NA,-2.14381946025,1.28305001733333
sp|Q9QYB8|ADDB_MOUSE@S696,Q9QYB8,S696,2.229278651,1.08254527066667,-0.432053708363637,NA,-0.293622132313131,-0.104900122262626,-0.194368053868687,NA,2.14498652766667,3.25939817066667
sp|Q9QYX7|PCLO_MOUSE@S1340,Q9QYX7,S1340,NA,NA,NA,NA,NA,NA,NA,NA,NA,NA
sp|Q99JY9|ARP3_MOUSE@S418,Q99JY9,S418,2.07462489166667,1.53359738166667,-1.01505851127119,0.684693092576271,-0.684953674271187,-0.670671086423729,-0.235118029288135,NA,0.691162104666667,2.230869411
sp|Q3TVI8|PBIP1_MOUSE@S166,Q3TVI8,S166,NA,NA,NA,NA,NA,NA,NA,NA,NA,-1.499601847
sp|Q9QYR6|MAP1A_MOUSE@S1634,Q9QYR6,S1634,1.77410002783333,1.44088587133333,0.458250665833334,NA,1.12821795433333,0.888027640333334,-0.0312938616666664,-0.123705883166666,1.70613587133333,2.54934656683333
sp|Q9QYR6|MAP1A_MOUSE@T1633,Q9QYR6,T1633,1.76693028827778,1.44223956077778,0.467578447777778,NA,1.13746481577778,0.915658654777778,-0.022047000222222,-0.121950139722222,1.67760081827778,2.54588817027778
sp|Q8BIK4|DOCK9_MOUSE@Y938,Q8BIK4,Y938,NA,NA,NA,NA,NA,NA,NA,NA,NA,NA
sp|Q8BIK4|DOCK9_MOUSE@S936,Q8BIK4,S936,0.226342651219048,0.120734171666667,NA,NA,NA,NA,NA,NA,-1.01534809398095,0.30182913
sp|Q5DU25|IQEC2_MOUSE@S731,Q5DU25,S731,NA,NA,NA,NA,NA,NA,NA,NA,NA,-1.549401487
sp|Q5DU25|IQEC2_MOUSE@S734,Q5DU25,S734,-0.118599199666667,0.0114886336666665,NA,NA,NA,NA,NA,NA,NA,-0.327166459
sp|O35136|NCAM2_MOUSE@T794,O35136,T794,NA,NA,NA,NA,NA,NA,NA,NA,NA,NA
sp|O35136|NCAM2_MOUSE@T795,O35136,T795,NA,NA,NA,NA,NA,NA,NA,NA,NA,NA
sp|Q8CD78|SRTM1_MOUSE@S106,Q8CD78,S106,NA,NA,NA,NA,NA,NA,NA,NA,NA,NA
sp|Q8CD78|SRTM1_MOUSE@S107,Q8CD78,S107,NA,NA,NA,NA,NA,NA,NA,NA,NA,NA
sp|Q99PU5|ACBG1_MOUSE@S55,Q99PU5,S55,-0.094878232,-1.678887131,NA,NA,NA,NA,NA,NA,NA,-1.448474336
sp|Q99PU5|ACBG1_MOUSE@S53,Q99PU5,S53,0.713516939666666,-0.870491959333333,NA,NA,NA,NA,NA,NA,-1.61433939733333,-0.640079164333333
sp|Q80TE7|LRRC7_MOUSE@S869,Q80TE7,S869,NA,NA,NA,NA,NA,NA,NA,NA,NA,-1.999874922
sp|Q3URD3|SLMAP_MOUSE@S469,Q3URD3,S469,NA,NA,NA,NA,NA,NA,NA,NA,NA,NA
sp|Q91V14|S12A5_MOUSE@S48,Q91V14,S48,2.68588039833333,1.97198116308333,0.248108627083333,NA,-1.79309274291667,NA,NA,NA,NA,0.799612926333333
sp|Q6ZWU9|RS27_MOUSE@S11,Q6ZWU9,S11,NA,NA,NA,NA,NA,NA,NA,NA,NA,-1.171870268
sp|Q80TE7|LRRC7_MOUSE@T868,Q80TE7,T868,NA,NA,NA,NA,NA,NA,NA,NA,NA,NA
sp|Q80TE7|LRRC7_MOUSE@T867,Q80TE7,T867,NA,NA,NA,NA,NA,NA,NA,NA,NA,NA
sp|Q8C7M3|TRIM9_MOUSE@T41,Q8C7M3,T41,NA,NA,NA,NA,NA,NA,NA,-0.28903662,NA,-2.041167528
sp|P70379|FGF14_MOUSE@S210,P70379,S210,NA,NA,NA,NA,NA,NA,NA,NA,NA,NA
sp|Q8C8R3|ANK2_MOUSE@S3692,Q8C8R3,S3692,NA,NA,NA,NA,NA,NA,NA,NA,NA,NA
sp|Q8VDN2|AT1A1_MOUSE@S222,Q8VDN2,S222,NA,NA,NA,NA,NA,NA,NA,NA,NA,NA
sp|Q3UGY8|BIG3_MOUSE@S1646,Q3UGY8,S1646,-1.153135093,NA,NA,NA,NA,NA,NA,NA,NA,-0.833613494333333
sp|Q8BZ98|DYN3_MOUSE@S763,Q8BZ98,S763,NA,NA,NA,NA,NA,NA,NA,NA,NA,NA
sp|P59017|B2L13_MOUSE@S343,P59017,S343,NA,NA,NA,NA,NA,NA,NA,NA,NA,NA
sp|P16054|KPCE_MOUSE@S729,P16054,S729,NA,NA,NA,NA,NA,NA,NA,NA,NA,NA
sp|Q9ES97|RTN3_MOUSE@S230,Q9ES97,S230,-1.41201002966667,NA,NA,NA,NA,NA,NA,NA,NA,-0.688032490666667
sp|B9EKR1|PTPRZ_MOUSE@S576,B9EKR1,S576,NA,NA,NA,NA,NA,NA,NA,NA,NA,NA
sp|Q8BJI1|S6A17_MOUSE@S725,Q8BJI1,S725,NA,NA,NA,NA,NA,NA,NA,NA,NA,NA
sp|Q3TVA9|CC136_MOUSE@S50,Q3TVA9,S50,NA,NA,NA,NA,NA,NA,NA,NA,NA,NA
sp|Q9QYR6|MAP1A_MOUSE@S1768; sp|Q9QYR6|MAP1A_MOUSE@S1772,Q9QYR6,S1768,-1.65628314325,-0.0499270515000001,NA,NA,NA,NA,NA,NA,NA,-1.36405326375
sp|Q9DB70|FUND1_MOUSE@Y11,Q9DB70,Y11,NA,NA,NA,NA,NA,NA,NA,NA,NA,NA
sp|Q9DB70|FUND1_MOUSE@S13,Q9DB70,S13,NA,NA,NA,NA,NA,NA,NA,NA,NA,NA
sp|P63213|GBG2_MOUSE@T52,P63213,T52,NA,NA,NA,NA,NA,NA,NA,NA,NA,NA
sp|Q62188|DPYL3_MOUSE@S522,Q62188,S522,NA,NA,NA,NA,NA,NA,NA,NA,NA,NA
sp|Q9Z0P4|PALM_MOUSE@S124,Q9Z0P4,S124,NA,NA,NA,NA,NA,-0.44202021,NA,NA,NA,NA
sp|Q9D2P8|MOBP_MOUSE@S85,Q9D2P8,S85,1.19689321333333,-0.356539188333333,-1.66913108508333,NA,NA,NA,NA,NA,-0.65090474,0.995502835666667
sp|Q8BG05|ROA3_MOUSE@S359,Q8BG05,S359,-0.663405229,NA,NA,NA,NA,NA,NA,-0.635646512,NA,NA
sp|Q8BG05|ROA3_MOUSE@S357,Q8BG05,S357,-0.666615227666667,NA,NA,NA,NA,NA,NA,NA,NA,NA
sp|Q62261|SPTB2_MOUSE@S2102,Q62261,S2102,2.85286870066667,1.516751937,-1.74016961158333,NA,0.453293951416666,NA,-0.768942328583334,NA,1.341910619,2.738547468
sp|Q9CYT6|CAP2_MOUSE@S311,Q9CYT6,S311,0.546011806,-1.92314636066667,NA,NA,NA,NA,NA,NA,0.142324819,0.767735168
sp|Q80U23|SNPH_MOUSE@S20,Q80U23,S20,NA,-0.331275302,NA,NA,NA,NA,NA,NA,NA,NA
sp|Q9Z0P4|PALM_MOUSE@S122,Q9Z0P4,S122,NA,NA,NA,NA,NA,-0.44202021,NA,NA,NA,NA
sp|Q68FH0|PKP4_MOUSE@T282,Q68FH0,T282,NA,NA,NA,NA,NA,NA,NA,NA,NA,NA
sp|Q9QXZ0|MACF1_MOUSE@S280,Q9QXZ0,S280,NA,NA,NA,NA,NA,NA,NA,NA,NA,NA
sp|Q9QYR6|MAP1A_MOUSE@S898; sp|Q9QYR6|MAP1A_MOUSE@S899,Q9QYR6,S898,-1.839527411,NA,NA,NA,NA,NA,-1.01582614,NA,NA,NA
sp|Q80YA9|CNKR2_MOUSE@S906,Q80YA9,S906,0.364681502333333,0.021515874,NA,NA,-1.21925667351389,NA,NA,NA,0.193998285,0.585585840611111
sp|D3YZI9|PGBD5_MOUSE@S519,D3YZI9,S519,NA,NA,NA,NA,NA,NA,NA,NA,NA,NA
sp|D3YZI9|PGBD5_MOUSE@S520,D3YZI9,S520,NA,NA,NA,NA,NA,NA,NA,NA,NA,NA
sp|Q6P5F6|S39AA_MOUSE@S593,Q6P5F6,S593,NA,NA,NA,NA,NA,NA,NA,NA,NA,NA
sp|Q7TQ95|LNP_MOUSE@S411,Q7TQ95,S411,3.00598098966667,2.50483827833333,0.457002081333333,0.690809606444444,1.95289967066667,0.297102428444444,-1.13956779788889,NA,1.83852861766667,3.22688598
sp|Q61361|PGCB_MOUSE@S406,Q61361,S406,NA,NA,NA,NA,NA,NA,NA,NA,NA,NA
sp|Q61361|PGCB_MOUSE@S414,Q61361,S414,NA,NA,NA,NA,NA,NA,NA,NA,NA,NA
sp|Q61361|PGCB_MOUSE@T415,Q61361,T415,NA,NA,NA,NA,NA,NA,NA,NA,NA,NA
sp|Q61361|PGCB_MOUSE@S413,Q61361,S413,NA,NA,NA,NA,NA,NA,NA,NA,NA,NA
sp|Q8R0S2|IQEC1_MOUSE@S513,Q8R0S2,S513,-0.545538954666667,-1.48211052966667,NA,NA,NA,NA,NA,-0.00931757466666696,NA,-1.87693871466667
sp|Q9D6Z1|NOP56_MOUSE@S513,Q9D6Z1,S513,NA,NA,NA,NA,NA,NA,NA,NA,NA,NA
sp|O09126|SEM4D_MOUSE@S782,O09126,S782,NA,NA,NA,NA,NA,NA,NA,NA,NA,NA
sp|Q9ET77|JPH3_MOUSE@S706,Q9ET77,S706,NA,NA,NA,NA,NA,NA,NA,NA,NA,NA
sp|Q91YM2|RHG35_MOUSE@S1179,Q91YM2,S1179,NA,-0.838390139,NA,NA,NA,NA,NA,NA,NA,NA
sp|Q62417|SRBS1_MOUSE@S345,Q62417,S345,NA,NA,NA,NA,NA,NA,NA,NA,NA,NA
sp|Q9QYR6|MAP1A_MOUSE@S895; sp|Q9QYR6|MAP1A_MOUSE@S898,Q9QYR6,S895,-1.813831819,NA,NA,NA,NA,NA,-1.01582614,NA,NA,NA
sp|Q9R0K7|AT2B2_MOUSE@S1185,Q9R0K7,S1185,-0.97977187,-0.5837017945,NA,NA,-0.49181758,NA,NA,NA,-0.197105323,-0.4504406045
sp|G5E829|AT2B1_MOUSE@S1207,G5E829,S1207,-0.969341136,-0.577953468,NA,NA,-0.48666628,NA,NA,NA,-0.186674589,-0.435327463
sp|G5E829|AT2B1_MOUSE@S1208,G5E829,S1208,-2.211675764,-1.702860211,NA,NA,NA,NA,NA,NA,-1.429009217,-1.795089976
sp|Q9R0K7|AT2B2_MOUSE@S1186,Q9R0K7,S1186,-2.211675764,-1.702860211,NA,NA,NA,NA,NA,NA,-1.429009217,-1.795089976
sp|G5E829|AT2B1_MOUSE@S1211,G5E829,S1211,-0.9949510825,-0.59281586175,NA,NA,-0.497031649,NA,NA,NA,-0.2122845355,-0.47168496225
sp|Q9R0K7|AT2B2_MOUSE@S1189,Q9R0K7,S1189,-0.993959188,-0.59132802,NA,NA,-0.502226941,NA,NA,NA,-0.211292641,-0.471189015
sp|Q9D415|DLGP1_MOUSE@S973,Q9D415,S973,NA,NA,NA,NA,NA,NA,NA,NA,NA,NA
sp|Q6PFD5|DLGP3_MOUSE@S965,Q6PFD5,S965,-1.811149723,-1.187505366,NA,NA,-1.299900541,NA,NA,NA,NA,-1.64742492
sp|Q8C8R3|ANK2_MOUSE@S3786,Q8C8R3,S3786,NA,-1.889853478,NA,NA,NA,NA,NA,NA,NA,NA
sp|Q3UHK1|MYCT_MOUSE@S47,Q3UHK1,S47,NA,NA,NA,NA,NA,NA,NA,NA,NA,NA
sp|Q3UHK1|MYCT_MOUSE@S44,Q3UHK1,S44,NA,NA,NA,NA,-0.985721855,NA,NA,NA,NA,NA
sp|D3YVE8|S35G2_MOUSE@S409,D3YVE8,S409,1.21999460733333,2.54921765233333,0.264380268666667,0.620729433783333,-0.205247225966666,NA,-0.0721018087166663,NA,-0.284946720666667,1.038139916
sp|Q68FH0|PKP4_MOUSE@S280,Q68FH0,S280,-1.348298978,NA,NA,NA,NA,NA,NA,NA,NA,-0.353793168
sp|Q8BQZ4|RLGPB_MOUSE@T378,Q8BQZ4,T378,0.63139203,NA,NA,NA,NA,NA,NA,NA,-0.459474552,-0.535619826
sp|P26645|MARCS_MOUSE@S140,P26645,S140,-0.0531498833333334,0.640751061791667,-1.070118527,NA,-1.54739913830833,-1.39359071830833,-1.29534262530833,-0.817324860308333,-0.72101304,0.768399173
sp|P26645|MARCS_MOUSE@S141,P26645,S141,-0.0528200483333334,0.636212982875,-1.070118527,NA,-1.544463904025,-1.392048992025,-1.291890312025,-0.830152011025,-0.718441606666667,0.768247763
sp|P26645|MARCS_MOUSE@T143,P26645,T143,0.257661704,1.05595191966667,-1.20723881166667,NA,-1.20677549203333,-1.03908444261667,-0.938652912616667,-0.477187461616667,-0.316204045333333,1.43572716966667
sp|Q99104|MYO5A_MOUSE@S600,Q99104,S600,0.298346027,0.679994381666667,NA,0.684194655666667,NA,NA,-0.259557625666667,NA,0.302888275333333,0.596961487666667
sp|P06837|NEUM_MOUSE@S142,P06837,S142,3.710118096,4.02144974866667,3.50068182366667,NA,2.10646175333333,0.263677110294118,1.37274169266667,-0.441089160039216,3.43910546233333,4.32406562266667
sp|Q60875|ARHG2_MOUSE@S955,Q60875,S955,-1.721982917,NA,NA,NA,NA,NA,NA,NA,-1.468410793,-0.844806978
sp|Q6PFD5|DLGP3_MOUSE@S185,Q6PFD5,S185,0.972545916,0.267540415371429,NA,NA,NA,NA,-0.775801531685714,NA,-0.316040005885714,0.412159254
sp|O70507|HCN4_MOUSE@S1026,O70507,S1026,1.11111323666667,0.400552843333333,-0.731204155166667,NA,NA,NA,NA,NA,-1.09775552183333,0.4622991745
sp|O35927|CTND2_MOUSE@S471,O35927,S471,0.343061237666667,-0.123874087583333,NA,NA,-1.25886328183333,NA,NA,NA,-0.0111359404166664,0.295071818666667
sp|Q8BQZ4|RLGPB_MOUSE@T379,Q8BQZ4,T379,0.63139203,NA,NA,NA,NA,NA,NA,NA,-0.459474552,-0.535619826
sp|P63216|GBG3_MOUSE@T5,P63216,T5,0.466218537,0.858801646666667,-0.732906085037037,NA,-0.694282408402116,-0.150610060767196,-1.10451756719577,NA,-1.5987165271164,-0.0574000423333333
sp|O88569|ROA2_MOUSE@S344,O88569,S344,-1.726553479,NA,NA,NA,NA,NA,NA,NA,NA,-1.355795454
sp|Q569Z6|TR150_MOUSE@T324,Q569Z6,T324,1.761293304,1.019223716,-0.045134468,NA,-0.387902593,NA,0.152995244,NA,-0.010948728,1.372613493
sp|Q8R0S2|IQEC1_MOUSE@S415,Q8R0S2,S415,1.36890270166667,0.713052507333333,NA,NA,-0.753490327513889,-0.203237696513889,NA,-0.0284797862222225,-0.218661086388889,1.14546997033333
sp|Q61548|AP180_MOUSE@T317,Q61548,T317,0.533695626666667,-0.0871601184166666,-1.20883419016667,NA,-1.33140480116667,NA,-0.839326495916667,-0.125127482166667,-0.757808211666666,-0.561734813
sp|Q61548|AP180_MOUSE@S316,Q61548,S316,0.541369479,-0.0831237417499999,-1.204767923875,NA,-1.327338534875,NA,-0.83477165975,-0.121061215875,-0.756539345625,-0.561734813
sp|P19246|NFH_MOUSE@S607,P19246,S607,3.61198067166667,3.394124043,1.498384733,NA,0.423790172333333,-0.0195803177619054,1.83454687266667,0.35450555752381,2.52531607833333,3.04608751066667
sp|Q8VH51|RBM39_MOUSE@S97,Q8VH51,S97,0.537039921,NA,NA,NA,NA,NA,NA,NA,0.641736493,2.664560388
sp|O88569|ROA2_MOUSE@Y347,O88569,Y347,-1.726553479,NA,NA,NA,NA,NA,NA,NA,NA,-1.355795454
sp|Q9QYC0|ADDA_MOUSE@S366,Q9QYC0,S366,-0.510178684,-0.49085101275,NA,NA,NA,NA,NA,NA,-0.35067553625,0.39452957
sp|Q9R1V6|ADA22_MOUSE@S832,Q9R1V6,S832,-1.347550942,-3.555513692,NA,NA,-2.516790031,NA,-4.470755168,NA,-1.880250837,-1.107460182
sp|Q7TSJ2|MAP6_MOUSE@S632,Q7TSJ2,S632,0.171231636,-0.9521890545,NA,NA,NA,NA,-1.04940531033333,NA,-1.32892655233333,-0.3000893255
sp|Q9QYC0|ADDA_MOUSE@T358,Q9QYC0,T358,1.37491448833333,0.130222291,-0.557734985583333,NA,-1.58791945058333,-0.861911216583333,NA,NA,-0.844152666333333,1.11218946166667
sp|P19246|NFH_MOUSE@S529,P19246,S529,2.6516148495,1.6283100965,-0.1166097775,NA,-0.581396395,-1.16849390308333,0.532758912083333,NA,0.9179235535,1.5067970505
sp|Q8BTG7|NDRG4_MOUSE@S298,Q8BTG7,S298,1.7908605355,0.0161617165000001,NA,NA,NA,NA,1.6262205155,NA,0.4511183125,1.1639945165
sp|P26645|MARCS_MOUSE@S27,P26645,S27,0.982672922333333,0.764774331166667,-0.246298065233333,NA,0.0966412746666668,-0.298721376233333,-0.0364167812333331,-1.59376064523333,2.003274415,2.61339373366667
sp|P19246|NFH_MOUSE@S523,P19246,S523,1.90674237933333,1.61736470033333,-0.465719486541667,-0.320835023041667,-1.45240948004167,NA,NA,NA,0.298900656333333,0.995264824333333
sp|P19246|NFH_MOUSE@S601,P19246,S601,1.481895098,1.691624643,-0.343033136090909,NA,-0.286116907484849,NA,0.886513465242424,NA,0.340065559,1.31154823966667
sp|P19246|NFH_MOUSE@S595,P19246,S595,2.14681969733333,2.35844968933333,0.148218912333333,0.258904630733333,-0.813828503766667,NA,0.844888105733333,-0.507644594466667,1.26457365966667,1.894560744
sp|Q01097|NMDE2_MOUSE@T890,Q01097,T890,NA,NA,NA,NA,NA,NA,NA,NA,NA,NA
sp|Q01097|NMDE2_MOUSE@S886,Q01097,S886,NA,NA,NA,NA,NA,NA,NA,NA,NA,NA
sp|P06837|NEUM_MOUSE@S96,P06837,S96,2.711679644,3.57808374066667,2.99723557633333,NA,1.62655182666667,NA,1.27038363533333,0.93703979347619,2.91676692733333,3.542078404
sp|P04370|MBP_MOUSE@T152,P04370,T152,1.133922073,0.790438995333333,NA,NA,-1.23432704791667,NA,-0.101427987166666,NA,-0.416173312333333,0.392170290333333
sp|P04370|MBP_MOUSE@S151,P04370,S151,1.13614763133333,0.788717474333333,NA,NA,-1.22645366091667,NA,-0.104322616166667,NA,-0.399319174,0.390062220666667
sp|Q9CQG9|TM100_MOUSE@S121,Q9CQG9,S121,-1.175818469,0.059559455,NA,NA,NA,NA,NA,NA,NA,-0.614940149
sp|Q01097|NMDE2_MOUSE@T888,Q01097,T888,NA,NA,NA,NA,NA,NA,NA,NA,NA,NA
sp|Q3UGY8|BIG3_MOUSE@S1645,Q3UGY8,S1645,-1.15742368633333,NA,NA,NA,NA,NA,NA,NA,NA,-0.839158000666667
sp|Q7TNM2|TRI46_MOUSE@S627,Q7TNM2,S627,-1.342058024,NA,NA,NA,-0.842168019,NA,NA,NA,-0.199221832,-1.777496574
sp|Q921C1|CXG3_MOUSE@S261,Q921C1,S261,2.600222573,1.886623693,0.3866390395,NA,-1.948805818,NA,0.111715581,NA,0.985546905,0.8951598695
sp|O35607|BMPR2_MOUSE@S863,O35607,S863,-0.739086118,-0.069999,NA,0.156627553,NA,NA,NA,NA,NA,NA
sp|O35607|BMPR2_MOUSE@S862,O35607,S862,-0.739086118,-0.069999,NA,0.156627553,NA,NA,NA,NA,NA,NA
sp|Q5SRX1|TM1L2_MOUSE@S479,Q5SRX1,S479,-1.990228563,NA,NA,NA,NA,NA,NA,NA,NA,NA
sp|Q5SRX1|TM1L2_MOUSE@T482,Q5SRX1,T482,NA,NA,NA,NA,NA,NA,NA,NA,NA,NA
sp|Q9DBS2|TPRGL_MOUSE@T34,Q9DBS2,T34,-0.703206238,-0.7424346955,NA,NA,NA,NA,NA,NA,NA,NA
sp|Q9WUB0|HOIL1_MOUSE@S344,Q9WUB0,S344,-1.661964557,NA,NA,NA,NA,NA,NA,NA,NA,-1.619866731
sp|Q68FH0|PKP4_MOUSE@S313,Q68FH0,S313,0.720602311888889,-0.600593146333333,-1.69302725636111,NA,-0.558649051361111,-1.02730746086111,NA,NA,-0.0625146843333333,0.303524623333333
sp|Q80U49|C170B_MOUSE@S981,Q80U49,S981,-1.920617466,-0.915683039,NA,NA,NA,NA,NA,NA,NA,NA
sp|Q8BL65|ABLM2_MOUSE@S477,Q8BL65,S477,NA,NA,NA,NA,NA,NA,NA,NA,NA,NA
sp|O88703|HCN2_MOUSE@S840,O88703,S840,0.761609722333333,1.70717909422574,-0.0145041387742614,0.277015612725739,-0.821571896021097,-1.23281264659072,1.05877125722574,NA,0.112679651225738,0.860774541333333
sp|P04370|MBP_MOUSE@S172,P04370,S172,0.072562933,-0.505494252,NA,NA,NA,NA,NA,NA,NA,-1.311596689
sp|O88703|HCN2_MOUSE@S842,O88703,S842,0.784345765,1.58003347666667,-0.217320005666667,0.214202438064957,-0.973238267242735,-1.22666497335556,1.01990726166667,NA,0.149163197333333,0.322544345333333
sp|Q3UNH4|GRIN1_MOUSE@S495,Q3UNH4,S495,-0.8960108705,-1.08900040675,NA,NA,NA,NA,NA,NA,-0.6006637355,-0.07961904925
sp|Q8VD37|SGIP1_MOUSE@T335,Q8VD37,T335,NA,NA,NA,NA,NA,NA,NA,NA,NA,NA
sp|Q9JLM8|DCLK1_MOUSE@S392,Q9JLM8,S392,NA,NA,NA,NA,NA,NA,NA,NA,NA,NA
sp|O08788|DCTN1_MOUSE@T103,O08788,T103,NA,NA,NA,NA,NA,NA,NA,NA,NA,NA
sp|O08788|DCTN1_MOUSE@T104,O08788,T104,NA,NA,NA,NA,NA,NA,NA,NA,NA,NA
sp|O08788|DCTN1_MOUSE@S105,O08788,S105,NA,NA,NA,NA,NA,NA,NA,NA,NA,NA
sp|O08788|DCTN1_MOUSE@T108,O08788,T108,NA,NA,NA,NA,NA,NA,NA,NA,NA,NA
sp|Q8R1Q8|DC1L1_MOUSE@S207,Q8R1Q8,S207,-1.261289431,-1.477184189,NA,NA,-0.041880538,NA,NA,NA,-0.728655898,NA
sp|Q69ZH9|RHG23_MOUSE@S372,Q69ZH9,S372,NA,-0.643264132666667,NA,NA,NA,NA,NA,NA,NA,-0.780215651666667
sp|Q3UHD1|AGRB1_MOUSE@S1467,Q3UHD1,S1467,-1.302319358,NA,-1.400611128,NA,NA,NA,NA,NA,NA,-1.199322481
sp|Q80YA9|CNKR2_MOUSE@S390,Q80YA9,S390,-1.279955722,NA,NA,NA,NA,NA,NA,NA,NA,NA
sp|Q3UNH4|GRIN1_MOUSE@S182,Q3UNH4,S182,NA,NA,NA,NA,NA,NA,NA,NA,NA,NA
sp|Q8C8R3|ANK2_MOUSE@S2090,Q8C8R3,S2090,NA,NA,NA,NA,NA,NA,NA,NA,NA,-1.630365423
sp|Q68FF6|GIT1_MOUSE@S370,Q68FF6,S370,1.595328929,1.5733219695,1.5503849725,-1.39552923733333,1.9093155415,0.5694769485,-0.616224175,0.1898461545,1.8912379905,2.943471038
sp|Q68FF6|GIT1_MOUSE@S371,Q68FF6,S371,1.59778885166667,1.57569649158333,1.54662194158333,-1.36211057630556,1.82607972758333,0.490031674083333,-0.629794343416667,0.140173012083333,1.83593074908333,2.951256904
sp|Q62417|SRBS1_MOUSE@S185,Q62417,S185,-0.1805907915,-0.79231039725,-0.5864305035,NA,NA,NA,0.1651554455,NA,NA,-0.92999489475
sp|Q62417|SRBS1_MOUSE@T184,Q62417,T184,-0.1796838775,-0.79185694025,-0.5855235895,NA,NA,NA,0.1660623595,NA,NA,-0.92863452375
sp|A2AJK6|CHD7_MOUSE@S2548,A2AJK6,S2548,NA,NA,NA,NA,-1.791547557,NA,NA,NA,NA,NA
sp|Q3UHD1|AGRB1_MOUSE@S1466,Q3UHD1,S1466,-1.304376665,NA,-1.402133079,NA,NA,NA,NA,NA,NA,NA
sp|Q08460|KCMA1_MOUSE@S711,Q08460,S711,0.657126164111111,0.382679037333333,NA,NA,NA,NA,NA,-0.933448437638889,-0.136871185,0.886550906
sp|Q8BWB6|STEA2_MOUSE@S482,Q8BWB6,S482,NA,NA,NA,NA,-1.383023247,NA,NA,NA,NA,NA
sp|Q6WVG3|KCD12_MOUSE@T198; sp|Q6WVG3|KCD12_MOUSE@S206,Q6WVG3,T198,-2.159341477,NA,NA,NA,NA,NA,NA,NA,NA,NA
sp|Q8VDN2|AT1A1_MOUSE@T232,Q8VDN2,T232,NA,NA,NA,NA,NA,NA,NA,NA,NA,NA
sp|Q9D328|NACHO_MOUSE@S154,Q9D328,S154,NA,NA,NA,NA,NA,NA,NA,NA,NA,NA
sp|A2AN08|UBR4_MOUSE@S181,A2AN08,S181,NA,NA,NA,NA,NA,NA,NA,NA,NA,NA
sp|D3YZU1|SHAN1_MOUSE@S413,D3YZU1,S413,3.72386163833333,0.174263213666667,0.743684559833333,0.471723110333333,1.48691925433333,NA,NA,-0.925082757366666,NA,2.822451053
sp|Q5SWU9|ACACA_MOUSE@S2342,Q5SWU9,S2342,NA,-0.923417377,NA,NA,NA,NA,NA,NA,NA,NA
sp|Q6PIC6|AT1A3_MOUSE@T630,Q6PIC6,T630,NA,NA,NA,NA,NA,NA,NA,NA,NA,NA
sp|O54991|CNTP1_MOUSE@S1382,O54991,S1382,NA,NA,NA,NA,NA,NA,NA,NA,NA,NA
sp|O54991|CNTP1_MOUSE@S1384,O54991,S1384,NA,NA,NA,NA,NA,NA,NA,NA,NA,NA
sp|O08547|SC22B_MOUSE@S137,O08547,S137,-1.467121917,NA,NA,NA,-1.155111311,NA,NA,NA,-0.667251051,NA
sp|O88737|BSN_MOUSE@S1108,O88737,S1108,-1.78893157833333,NA,NA,NA,NA,NA,-1.05840370733333,NA,NA,-1.19370634633333
sp|Q8VD37|SGIP1_MOUSE@S398,Q8VD37,S398,NA,0.27627835,NA,NA,NA,NA,NA,NA,NA,NA
sp|O55131|SEPT7_MOUSE@T227,O55131,T227,NA,NA,NA,NA,NA,NA,NA,NA,NA,NA
sp|Q91WK0|LRRF2_MOUSE@S111,Q91WK0,S111,NA,NA,NA,NA,NA,NA,NA,NA,NA,NA
sp|Q9QYR6|MAP1A_MOUSE@S2029,Q9QYR6,S2029,-0.57576498,NA,NA,NA,NA,NA,NA,NA,NA,NA
sp|Q9QYR6|MAP1A_MOUSE@T2031,Q9QYR6,T2031,-0.574411076,NA,NA,1.809454448,NA,NA,NA,NA,NA,NA
sp|O88737|BSN_MOUSE@S1114,O88737,S1114,0.949238689333333,0.81375505,-0.291313412055555,NA,0.517786707944445,-0.815116672555555,NA,-1.34407572505556,0.710917130944445,2.030409306
sp|Q6NSW3|SPKAP_MOUSE@S1354,Q6NSW3,S1354,-2.807361424,-1.644193655,NA,-1.035740167,NA,NA,-2.059047499,NA,NA,NA
sp|O88737|BSN_MOUSE@T1116,O88737,T1116,-2.057121621,NA,NA,NA,NA,NA,NA,NA,NA,-1.479033008
sp|Q63959|KCNC3_MOUSE@T750; sp|Q63959|KCNC3_MOUSE@S754,Q63959,T750,NA,-1.131449073,NA,NA,NA,NA,NA,NA,NA,-2.297440736
sp|Q6PIC6|AT1A3_MOUSE@S625,Q6PIC6,S625,NA,NA,NA,NA,NA,NA,NA,NA,NA,NA
sp|B1AZP2|DLGP4_MOUSE@S973,B1AZP2,S973,NA,NA,NA,NA,NA,NA,NA,NA,-1.193159327,NA
sp|O88737|BSN_MOUSE@S3022,O88737,S3022,-1.818206024,-1.411084779,NA,NA,NA,NA,NA,NA,NA,NA
sp|Q6P542|ABCF1_MOUSE@S103,Q6P542,S103,NA,-1.552396948,NA,NA,NA,NA,NA,NA,NA,NA
sp|Q6P542|ABCF1_MOUSE@S107,Q6P542,S107,-1.57385422316667,-1.27778054766667,NA,NA,NA,NA,NA,NA,NA,-1.75354170791667
sp|P62908|RS3_MOUSE@T221,P62908,T221,NA,-1.157253479,NA,NA,NA,NA,NA,NA,NA,-1.074952905
sp|P14873|MAP1B_MOUSE@S1153,P14873,S1153,-0.958675348,NA,NA,NA,NA,NA,NA,NA,NA,NA
sp|P14873|MAP1B_MOUSE@S1151,P14873,S1151,-0.952839137,NA,NA,NA,NA,NA,NA,NA,NA,NA
sp|P14873|MAP1B_MOUSE@T1149,P14873,T1149,-0.956354364,NA,NA,NA,NA,NA,NA,NA,NA,NA
sp|Q80TM6|R3HD2_MOUSE@T924,Q80TM6,T924,NA,NA,NA,NA,NA,NA,NA,NA,NA,NA
sp|Q80TM6|R3HD2_MOUSE@S923,Q80TM6,S923,NA,NA,NA,NA,NA,NA,NA,NA,NA,NA
sp|O88737|BSN_MOUSE@S1105,O88737,S1105,-2.174130885,NA,NA,NA,NA,NA,NA,NA,NA,-1.573528484
sp|P63318|KPCG_MOUSE@S690,P63318,S690,-0.321203678333333,-0.0752317263333333,-1.98931381666667,NA,-2.28985311666667,NA,-2.07313306066667,NA,-1.56218074533333,0.615656413333333
sp|Q9QYX7|PCLO_MOUSE@S1398,Q9QYX7,S1398,NA,NA,NA,NA,NA,NA,NA,NA,NA,NA
sp|P70377|FGF13_MOUSE@S208,P70377,S208,-1.942448963,NA,NA,NA,NA,NA,NA,NA,NA,-2.015716213
sp|B1AZP2|DLGP4_MOUSE@S977,B1AZP2,S977,-2.032059842,NA,NA,NA,-1.879059665,NA,NA,NA,NA,NA
sp|Q9EPR4|S23A2_MOUSE@S81,Q9EPR4,S81,NA,NA,NA,NA,NA,NA,NA,NA,NA,NA
sp|Q8CBH5|MFSD6_MOUSE@T11,Q8CBH5,T11,3.24784197466667,4.418438433,3.351419367,0.620804417370371,2.32189943533333,1.162435779,3.38964719533333,1.586225604,2.31107718466667,2.81961859333333
sp|P14873|MAP1B_MOUSE@S1789; sp|P14873|MAP1B_MOUSE@S1793,P14873,S1789,-0.876059665,NA,NA,NA,NA,NA,NA,NA,NA,-1.171279406
sp|Q6PIC6|AT1A3_MOUSE@S442,Q6PIC6,S442,-0.196968196333333,-1.33048001833333,NA,NA,NA,NA,NA,NA,-0.538416822333333,-0.924700754333333
sp|Q4KMM3|OXR1_MOUSE@T203,Q4KMM3,T203,NA,NA,NA,NA,NA,NA,NA,NA,NA,NA
sp|Q4KMM3|OXR1_MOUSE@S204,Q4KMM3,S204,0.920048036,0.053170905,NA,NA,NA,NA,NA,NA,-0.483738737,0.767918267
sp|P20357|MTAP2_MOUSE@S447,P20357,S447,0.0356855861666666,-0.530432931,NA,NA,-0.567042524833333,NA,NA,NA,NA,-0.731259299666667
sp|A2AQ25|SKT_MOUSE@S1038,A2AQ25,S1038,-1.935939648,NA,NA,NA,NA,NA,NA,NA,NA,NA
sp|A2AQ25|SKT_MOUSE@S1035,A2AQ25,S1035,-1.935939648,NA,NA,NA,NA,NA,NA,NA,NA,NA
sp|Q8K212|PACS1_MOUSE@S428,Q8K212,S428,NA,NA,NA,NA,NA,NA,NA,NA,NA,NA
sp|Q8K212|PACS1_MOUSE@T427,Q8K212,T427,NA,NA,NA,NA,NA,NA,NA,NA,NA,NA
sp|Q02357|ANK1_MOUSE@S852,Q02357,S852,NA,NA,NA,NA,NA,NA,NA,NA,NA,NA
sp|Q8BGU5|CCNY_MOUSE@S326,Q8BGU5,S326,2.663265185,-0.0945637554999998,-0.80743749675,NA,1.4184386545,NA,NA,0.251602421,-0.868286002,1.2132956115
sp|P16330|CN37_MOUSE@S169,P16330,S169,0.782447272,0.867824259944444,-1.75382100105556,-0.420029504055556,-1.88333369605556,NA,1.488261963,0.439547726944444,0.114854982444444,1.29775190633333
sp|P08551|NFL_MOUSE@S59,P08551,S59,NA,NA,NA,NA,NA,NA,NA,NA,NA,NA
sp|Q3UHE1|PITM3_MOUSE@S495; sp|Q3UHE1|PITM3_MOUSE@S504,Q3UHE1,S495,NA,NA,NA,NA,NA,NA,NA,NA,NA,NA
sp|Q99L43|CDS2_MOUSE@T50,Q99L43,T50,-1.786091583,NA,NA,NA,NA,NA,NA,NA,NA,NA
sp|Q6PCN3|TTBK1_MOUSE@S541,Q6PCN3,S541,NA,NA,NA,NA,NA,NA,NA,NA,NA,-1.663963883
sp|Q60902|EP15R_MOUSE@S353,Q60902,S353,-2.293060541,NA,-1.097061132,NA,NA,NA,NA,NA,NA,NA
sp|Q9Z351|KCNQ2_MOUSE@S479,Q9Z351,S479,NA,NA,-1.645619606,NA,NA,NA,NA,NA,NA,NA
sp|Q8BJ42|DLGP2_MOUSE@S667,Q8BJ42,S667,0.75796961,-0.5786642425,NA,NA,-1.38704306816667,-0.946060584166667,NA,NA,NA,1.238013074
sp|Q8BMK4|CKAP4_MOUSE@S367,Q8BMK4,S367,1.122645134,1.190066955125,-0.0712274263749998,NA,-0.423873547375,-0.809894576375,0.0556523506666666,-0.153281388375,0.685577407333333,1.747254597
sp|Q9CQ22|LTOR1_MOUSE@T28,Q9CQ22,T28,-1.19847028,NA,NA,NA,NA,NA,NA,NA,NA,NA
sp|Q5GH64|XKR7_MOUSE@T559,Q5GH64,T559,-0.330223544333333,-0.7164670708,NA,NA,NA,NA,NA,NA,-1.11495771153333,-0.427327481466667
sp|Q8C9H6|STRP2_MOUSE@S328,Q8C9H6,S328,-1.172028799,-2.121239099,NA,NA,NA,NA,NA,NA,NA,-0.949236836
sp|Q9QYR6|MAP1A_MOUSE@S1768,Q9QYR6,S1768,1.23158453833333,1.18724907033333,-0.676344565666667,NA,-0.78858693083683,-0.429940535417249,0.151539339708625,NA,0.323170628,1.25273957433333
sp|Q9QYX7|PCLO_MOUSE@Y1828,Q9QYX7,Y1828,-0.279705325,-0.410886692,NA,NA,NA,NA,-0.753967004,NA,NA,0.64075333
sp|Q9QYX7|PCLO_MOUSE@T1831,Q9QYX7,T1831,-0.277481394333333,-0.410311731,NA,NA,NA,NA,-0.813690306,NA,NA,0.642506190333333
sp|Q9QYX7|PCLO_MOUSE@S1829,Q9QYX7,S1829,-0.273445550333333,-0.4084953055,NA,NA,NA,NA,-0.8637925095,NA,NA,0.642354780333333
sp|O88737|BSN_MOUSE@S1481,O88737,S1481,0.1999592765,-1.629927424,-1.216041813,NA,-0.757041553,NA,NA,NA,-0.23953878,0.1469598725
sp|O88737|BSN_MOUSE@S1482,O88737,S1482,0.206342445,-1.632785225,-1.217923874,NA,-0.757750164,NA,NA,NA,-0.234953283,0.146018842
sp|Q8BXR1|S7A14_MOUSE@S488,Q8BXR1,S488,-1.8738214,NA,NA,NA,NA,NA,NA,NA,NA,NA
sp|Q9WV92|E41L3_MOUSE@S486,Q9WV92,S486,-0.96621619,NA,NA,NA,-0.151366799,NA,NA,NA,NA,-1.070168173
sp|P05480|SRC_MOUSE@T73,P05480,T73,-0.880830577,NA,NA,NA,NA,NA,NA,NA,NA,NA
sp|P05480|SRC_MOUSE@S74,P05480,S74,-0.881558106,NA,NA,NA,NA,NA,NA,NA,NA,NA
sp|B1AWN6|SCN2A_MOUSE@S487,B1AWN6,S487,-0.818593819,-1.411544632,NA,NA,NA,NA,NA,NA,NA,NA
sp|Q9QYX7|PCLO_MOUSE@S4286,Q9QYX7,S4286,-1.497680828,NA,NA,NA,NA,NA,NA,NA,-1.955430472,-1.510288158
sp|B1AWN6|SCN2A_MOUSE@S486,B1AWN6,S486,-0.82184068,-1.42484456,NA,NA,NA,NA,NA,NA,NA,NA
sp|Q9QYX7|PCLO_MOUSE@S4290,Q9QYX7,S4290,-1.490937989,NA,NA,NA,NA,NA,NA,NA,-1.948687633,-1.506611054
sp|P42567|EPS15_MOUSE@S324,P42567,S324,NA,-1.865217786,NA,NA,NA,NA,NA,NA,NA,-0.245915397
sp|Q8CFI0|NED4L_MOUSE@S478,Q8CFI0,S478,0.126267966666667,-0.889888044333333,NA,NA,NA,NA,NA,NA,-1.30831885433333,-0.664988101333333
sp|Q8CFI0|NED4L_MOUSE@S477,Q8CFI0,S477,0.126267966666667,-0.880368169833333,NA,NA,NA,NA,NA,NA,-1.31149214583333,-0.664988101333333
sp|P30275|KCRU_MOUSE@T364,P30275,T364,-1.057064806,NA,NA,NA,NA,NA,NA,NA,-0.8514116655,-0.911188526
sp|P30275|KCRU_MOUSE@S366,P30275,S366,-0.565277956333333,-1.15224604433333,NA,NA,NA,NA,NA,NA,-1.00773410383333,-0.515591892333333
sp|Q8BYI9|TENR_MOUSE@S723,Q8BYI9,S723,-1.802080801,-1.125115226,NA,NA,NA,NA,NA,NA,NA,-1.356733269
sp|Q8BYI9|TENR_MOUSE@S724,Q8BYI9,S724,NA,-1.117154506,NA,NA,NA,NA,NA,NA,NA,-1.35989758
sp|A2AJA9|AJM1_MOUSE@S509,A2AJA9,S509,NA,NA,NA,NA,0.272729419,NA,-1.916009855,NA,-0.176287444,-0.734445141
sp|Q99P72|RTN4_MOUSE@S291,Q99P72,S291,NA,NA,NA,NA,NA,NA,NA,NA,NA,NA
sp|Q62188|DPYL3_MOUSE@T509,Q62188,T509,NA,NA,NA,NA,NA,NA,NA,NA,NA,-0.885736046
sp|P54227|STMN1_MOUSE@S38,P54227,S38,0.152081445,-0.1789817905,NA,NA,NA,NA,-1.59254302725,NA,-0.463207706250001,0.289382183749999
sp|Q3UJU9|RMD3_MOUSE@S83,Q3UJU9,S83,-1.165913063,NA,NA,NA,NA,NA,NA,NA,NA,NA
sp|B1AWN6|SCN2A_MOUSE@S484,B1AWN6,S484,-0.819859627,-1.420278403,NA,NA,NA,NA,NA,NA,NA,NA
sp|Q7TSJ2|MAP6_MOUSE@S687,Q7TSJ2,S687,-0.27322781,-1.030494143,NA,NA,-1.219750401,NA,NA,NA,NA,-0.977885103
sp|Q60932|VDAC1_MOUSE@S117,Q60932,S117,2.478601974,2.89454047116667,1.95525087016667,-0.265919146520833,1.18942971866667,-0.368005234333333,1.11114997816667,-0.903552305520833,2.671077274,3.317946498
sp|P28652|KCC2B_MOUSE@T382,P28652,T382,-1.497960046,NA,NA,NA,NA,NA,NA,NA,NA,-1.753932106
sp|P28652|KCC2B_MOUSE@T381,P28652,T381,-1.501613444,NA,NA,NA,NA,NA,NA,NA,NA,-1.753932106
sp|Q569Z6|TR150_MOUSE@S679,Q569Z6,S679,NA,-1.184156453,NA,NA,NA,-0.122935485,NA,NA,NA,-0.916546636
sp|Q9EPN1|NBEA_MOUSE@S1519,Q9EPN1,S1519,0.402076249333333,-0.640178376222222,NA,NA,NA,NA,NA,-0.526585150972222,0.692097853,1.945372812
sp|Q811D0|DLG1_MOUSE@S517,Q811D0,S517,NA,-1.1661776535,NA,NA,NA,NA,NA,NA,-1.1998215965,-0.7579511315
sp|P58404|STRN4_MOUSE@S223,P58404,S223,NA,-0.29738916,NA,NA,NA,NA,NA,-0.429918101,NA,-1.258877489
sp|Q8K019|BCLF1_MOUSE@S510,Q8K019,S510,NA,NA,NA,NA,NA,NA,NA,NA,NA,NA
sp|Q8K019|BCLF1_MOUSE@Y509,Q8K019,Y509,NA,NA,NA,NA,NA,NA,NA,NA,NA,NA
sp|Q9QYR6|MAP1A_MOUSE@T893,Q9QYR6,T893,-1.110774697,NA,NA,NA,NA,NA,NA,NA,NA,-1.301380171
sp|Q9QYR6|MAP1A_MOUSE@S895,Q9QYR6,S895,-1.121548494,NA,NA,NA,NA,NA,NA,NA,NA,-1.301380171
sp|Q8CGE9|RGS12_MOUSE@S1233,Q8CGE9,S1233,0.10810936375,-0.8732278405,-1.5526057,NA,NA,NA,NA,NA,NA,-1.25072268975
sp|A2AJA9|AJM1_MOUSE@T511,A2AJA9,T511,NA,NA,NA,NA,0.604673270333333,NA,NA,NA,NA,-0.430974938666667
sp|A2AJA9|AJM1_MOUSE@S512,A2AJA9,S512,NA,NA,NA,NA,0.608140843666667,NA,NA,NA,NA,-0.432721433333333
sp|P17710|HXK1_MOUSE@T392,P17710,T392,-1.09648322,0.076409807,NA,NA,NA,NA,NA,NA,-0.59555028,-1.689995479
sp|P17710|HXK1_MOUSE@S393,P17710,S393,-1.097983227,0.084431484,NA,NA,NA,NA,NA,NA,-0.596661677,-1.689995479
sp|P17710|HXK1_MOUSE@T391,P17710,T391,-0.747146371,NA,NA,NA,NA,NA,NA,NA,NA,NA
sp|Q8C0T5|SI1L1_MOUSE@S1528,Q8C0T5,S1528,NA,-0.398523357,NA,NA,NA,NA,NA,NA,NA,-1.578146868
sp|P98203|ARVC_MOUSE@T643,P98203,T643,NA,NA,NA,NA,NA,NA,NA,NA,-0.647690834,-1.450400862
sp|Q8CC35|SYNPO_MOUSE@S882,Q8CC35,S882,NA,NA,NA,NA,NA,NA,NA,NA,NA,NA
sp|Q3TWL2|PP4P1_MOUSE@S169,Q3TWL2,S169,-0.185202357,NA,NA,NA,NA,NA,NA,NA,-0.558130212,-0.15213762
sp|Q3UPL0|SC31A_MOUSE@S1173,Q3UPL0,S1173,0.281427498114286,-0.362524443666667,NA,NA,NA,NA,-0.690144659628571,NA,-0.144060479685714,-1.10580256633333
sp|Q60932|VDAC1_MOUSE@S115,Q60932,S115,3.6217405455,3.434180019,3.070677113,0.635646201,2.517369645,0.644203081,1.708918172,-0.022706297,3.7804810055,3.64795685
sp|Q3UJU9|RMD3_MOUSE@S81,Q3UJU9,S81,-1.165913063,NA,NA,NA,NA,NA,NA,NA,NA,NA
sp|Q99P72|RTN4_MOUSE@S167,Q99P72,S167,NA,NA,NA,NA,NA,NA,NA,NA,NA,-1.056315207
sp|Q99P72|RTN4_MOUSE@S165,Q99P72,S165,NA,NA,NA,NA,NA,NA,NA,NA,NA,-1.052958444
sp|Q8K0T0|RTN1_MOUSE@S350,Q8K0T0,S350,0.881909315,-1.10942763190278,NA,NA,NA,NA,0.695037885722222,NA,-0.437114527,-0.0108690303333333
sp|Q8K0T0|RTN1_MOUSE@S352,Q8K0T0,S352,1.12250272966667,-1.21260843795833,NA,NA,NA,NA,0.588677757416667,NA,-1.17633660358333,0.181396535666667
sp|P54227|STMN1_MOUSE@S25,P54227,S25,-1.760190296,NA,NA,NA,NA,NA,NA,NA,NA,NA
sp|Q8VCY8|PLPR2_MOUSE@S305,Q8VCY8,S305,-1.325756223,NA,NA,NA,NA,NA,NA,NA,NA,-1.129361942
sp|Q8VCY8|PLPR2_MOUSE@T309,Q8VCY8,T309,-1.325756223,NA,NA,NA,NA,NA,NA,NA,NA,NA
sp|Q8VCY8|PLPR2_MOUSE@S312,Q8VCY8,S312,-1.325756223,NA,NA,NA,NA,NA,NA,NA,NA,-1.131298934
sp|P09405|NUCL_MOUSE@S403,P09405,S403,NA,NA,NA,NA,NA,NA,NA,NA,NA,-1.418296579
sp|Q80U28|MADD_MOUSE@S1237,Q80U28,S1237,-0.873831981666667,-1.07445356166667,NA,NA,NA,NA,NA,NA,NA,-1.01406166016667
sp|A6H5Z3|EXC6B_MOUSE@S261,A6H5Z3,S261,-0.546001695,0.553442976,-1.251349974,NA,NA,-1.579737602,NA,NA,-2.152360517,-0.6148866
sp|P14873|MAP1B_MOUSE@S1497,P14873,S1497,NA,NA,NA,NA,NA,NA,NA,NA,NA,-2.3021238
sp|Q80VP1|EPN1_MOUSE@S416,Q80VP1,S416,NA,NA,NA,NA,-1.402119307,NA,NA,NA,-0.700715802,NA
sp|Q80VP1|EPN1_MOUSE@S419,Q80VP1,S419,NA,NA,NA,NA,-1.402119307,NA,NA,NA,-0.683099325,NA
sp|Q80VP1|EPN1_MOUSE@S418,Q80VP1,S418,NA,NA,NA,NA,-1.402119307,NA,NA,NA,-0.687916089,NA
sp|Q99L02|PGR1A_MOUSE@S236,Q99L02,S236,-1.250192952,-1.439792504,NA,NA,NA,NA,NA,NA,NA,NA
sp|Q99L02|PGR1A_MOUSE@T235,Q99L02,T235,-1.250192952,NA,NA,NA,NA,NA,NA,NA,NA,NA
sp|Q66L44|CBARP_MOUSE@T691,Q66L44,T691,-2.467962671,-1.91901179,NA,NA,NA,NA,NA,NA,NA,NA
sp|Q66L44|CBARP_MOUSE@S692,Q66L44,S692,-2.467962671,-1.91901179,NA,NA,NA,NA,NA,NA,NA,NA
sp|Q66L44|CBARP_MOUSE@S696,Q66L44,S696,-2.467962671,-1.91901179,NA,NA,NA,NA,NA,NA,NA,NA
sp|Q6DFV3|RHG21_MOUSE@S687,Q6DFV3,S687,NA,-1.475947241,NA,NA,NA,NA,NA,NA,NA,NA
sp|Q9Z2A0|PDPK1_MOUSE@S244,Q9Z2A0,S244,-1.042651521,NA,-2.449471473,NA,NA,NA,0.0469172250000003,NA,-0.276071149,NA
sp|Q8K596|NAC2_MOUSE@S622,Q8K596,S622,NA,0.462278985,NA,NA,NA,NA,NA,NA,NA,-1.955773095
sp|Q9ERG2|STRN3_MOUSE@S229,Q9ERG2,S229,0.588089863666667,-0.692661087333333,NA,NA,NA,NA,NA,NA,-0.0215608443333334,-0.286390600333333
sp|Q80U28|MADD_MOUSE@T1235,Q80U28,T1235,-0.6290667215,-0.8201277255,NA,NA,NA,NA,NA,NA,-0.217828361,-0.76247045
sp|Q0VEJ0|CEP76_MOUSE@S83,Q0VEJ0,S83,NA,-0.457727669,NA,NA,NA,NA,NA,NA,-0.950623691,NA
sp|Q7TQG1|PKHA6_MOUSE@S816,Q7TQG1,S816,-1.72396817,-1.882109856,NA,NA,NA,NA,NA,NA,NA,-1.3098982
sp|Q8BSS9|LIPA2_MOUSE@S689,Q8BSS9,S689,NA,-0.465772551,NA,NA,NA,NA,NA,NA,NA,NA
sp|Q7TQG1|PKHA6_MOUSE@T819,Q7TQG1,T819,-2.144676952,NA,NA,NA,NA,NA,NA,NA,NA,-1.897971424
sp|Q3UHJ0|AAK1_MOUSE@T651,Q3UHJ0,T651,-0.108081019166667,-0.243386050416667,NA,NA,-1.35492287741667,NA,-0.437755005916667,NA,NA,-0.876860962666667
sp|Q8C3W1|CA198_MOUSE@S137,Q8C3W1,S137,NA,NA,NA,NA,NA,NA,NA,NA,NA,NA
sp|Q8C3W1|CA198_MOUSE@S140,Q8C3W1,S140,NA,NA,NA,NA,NA,NA,NA,NA,NA,NA
sp|Q8C3W1|CA198_MOUSE@S138,Q8C3W1,S138,NA,NA,NA,NA,NA,NA,NA,NA,NA,NA
sp|Q8C3W1|CA198_MOUSE@S135,Q8C3W1,S135,-1.348559225,NA,NA,NA,NA,NA,NA,NA,NA,NA
sp|Q6GQT5|T151A_MOUSE@S323,Q6GQT5,S323,-1.10158609866667,-0.807149481166667,-1.87200343,NA,-1.503071556,NA,NA,NA,-0.46568078,-0.815198522166667
sp|Q6GQT5|T151A_MOUSE@S322,Q6GQT5,S322,-1.10686655533333,-0.679789862333334,-1.85682334583333,NA,-1.50145486983333,NA,NA,NA,-0.455716076833334,-0.902004658833334
sp|Q60930|VDAC2_MOUSE@T114,Q60930,T114,NA,0.54566994,NA,NA,NA,NA,NA,NA,NA,NA
sp|Q60930|VDAC2_MOUSE@S116,Q60930,S116,NA,-0.009117909,NA,NA,NA,NA,NA,NA,NA,NA
sp|P62806|H4_MOUSE@S48,P62806,S48,NA,NA,NA,NA,NA,NA,NA,NA,-0.223216223,-0.190979863
sp|Q6PE13|PRRT3_MOUSE@S799,Q6PE13,S799,NA,NA,NA,NA,NA,NA,NA,NA,NA,NA
sp|Q01097|NMDE2_MOUSE@S917,Q01097,S917,NA,-1.060351251,NA,NA,NA,NA,NA,NA,NA,NA
sp|Q3UNH4|GRIN1_MOUSE@T795,Q3UNH4,T795,-0.9804863165,-0.7078696635,NA,NA,NA,NA,NA,NA,NA,-1.5490730085
sp|P42567|EPS15_MOUSE@S816,P42567,S816,-1.15756701275,-0.9311711355,NA,NA,NA,NA,NA,NA,-1.62864926875,-0.387935883
sp|Q9QYR6|MAP1A_MOUSE@S1747,Q9QYR6,S1747,-0.417452668333333,NA,NA,NA,-2.93106172233333,NA,NA,NA,NA,-0.515557444333333
sp|Q9R1L5|MAST1_MOUSE@S791,Q9R1L5,S791,-1.47059017566667,-1.29115632366667,NA,NA,NA,NA,NA,NA,NA,NA
sp|Q9QYR6|MAP1A_MOUSE@S1772,Q9QYR6,S1772,0.287595192333333,-0.953192422666667,NA,NA,-0.702219750569444,NA,NA,NA,-1.14380162594444,-0.803424201
sp|Q9QYR6|MAP1A_MOUSE@T870,Q9QYR6,T870,-2.28409992,NA,NA,NA,NA,NA,NA,NA,NA,NA
sp|Q9QYR6|MAP1A_MOUSE@S873,Q9QYR6,S873,-2.28409992,NA,NA,NA,NA,NA,NA,NA,NA,NA
sp|Q9QYR6|MAP1A_MOUSE@T872,Q9QYR6,T872,-2.28409992,NA,NA,NA,NA,NA,NA,NA,NA,NA
sp|Q5SRX1|TM1L2_MOUSE@S160,Q5SRX1,S160,-0.405673252333333,-1.57127022141667,-1.35608045525,NA,NA,-1.76555214425,NA,NA,NA,-0.730845245
sp|P11798|KCC2A_MOUSE@S234,P11798,S234,-2.101699368,NA,NA,NA,NA,NA,NA,NA,NA,NA
sp|P11798|KCC2A_MOUSE@T239,P11798,T239,-2.101699368,NA,NA,NA,NA,NA,NA,NA,NA,NA
sp|Q9QYR6|MAP1A_MOUSE@S890,Q9QYR6,S890,-1.109693044,NA,NA,NA,NA,NA,NA,NA,NA,-1.301380171
sp|Q9QWI6|SRCN1_MOUSE@T296,Q9QWI6,T296,0.615050915333333,0.174078884333333,0.515364502333333,NA,0.735213195333333,-1.77009631466667,NA,-2.47935793766667,1.01486332333333,2.35486815333333
sp|P35436|NMDE1_MOUSE@S929,P35436,S929,NA,-0.737993604,NA,NA,NA,NA,NA,NA,NA,NA
sp|Q6P9K8|CSKI1_MOUSE@S1259,Q6P9K8,S1259,NA,-0.974940614,NA,NA,NA,NA,NA,NA,NA,NA
sp|P16546|SPTN1_MOUSE@S1031,P16546,S1031,NA,NA,NA,NA,NA,NA,NA,NA,-1.04475236,-0.99796387
sp|P27546|MAP4_MOUSE@S901,P27546,S901,-1.307408827,-1.267208894,NA,NA,NA,NA,NA,NA,NA,-0.941086827
sp|Q9QYR6|MAP1A_MOUSE@T2182,Q9QYR6,T2182,1.90072566566667,1.715468201,NA,NA,-0.126789165090909,-0.130559725383838,-0.547181515161616,NA,0.70365741,2.00129577033333
sp|P62908|RS3_MOUSE@T220,P62908,T220,-0.740191624,NA,NA,NA,NA,NA,NA,NA,NA,-1.270435091
sp|Q91VK4|ITM2C_MOUSE@T39,Q91VK4,T39,-0.330287933666667,-1.07870794716667,NA,NA,-1.06453389716667,NA,-1.32215233916667,NA,NA,-0.933444010666667
sp|Q80TE7|LRRC7_MOUSE@S1157,Q80TE7,S1157,-0.638723023,-1.761961635,NA,NA,NA,NA,NA,NA,NA,0.131248549
sp|O55201|SPT5H_MOUSE@S664,O55201,S664,-0.614565996,NA,NA,NA,NA,NA,NA,NA,NA,-1.939133483
sp|P13595|NCAM1_MOUSE@S958,P13595,S958,0.0126982940000001,NA,NA,NA,NA,NA,NA,NA,NA,0.464794923
sp|Q9WV34|MPP2_MOUSE@T117,Q9WV34,T117,-1.3373810005,NA,NA,NA,NA,NA,NA,NA,NA,-1.790938659
sp|Q9D7P6|ISCU_MOUSE@S15,Q9D7P6,S15,-1.896290799,NA,NA,NA,NA,NA,NA,NA,NA,-1.903802487
sp|Q80TE7|LRRC7_MOUSE@S1156,Q80TE7,S1156,-0.640563605,-1.757853479,NA,NA,NA,NA,NA,NA,NA,0.129407967
sp|Q68EF6|BEGIN_MOUSE@S246,Q68EF6,S246,0.10633570825,0.24709999375,NA,NA,NA,NA,NA,NA,-0.0660731753333333,0.0415860143333334
sp|Q8VD37|SGIP1_MOUSE@S151,Q8VD37,S151,NA,NA,NA,NA,NA,NA,NA,NA,NA,-1.787565672
sp|Q8VD37|SGIP1_MOUSE@S149,Q8VD37,S149,-1.543683222,-1.493199851,NA,NA,NA,NA,NA,NA,NA,-1.617570466
sp|P14873|MAP1B_MOUSE@S1438,P14873,S1438,NA,NA,NA,NA,NA,NA,NA,NA,NA,-1.672531069
sp|Q99NE5|RIMS1_MOUSE@S708,Q99NE5,S708,-0.675722505,NA,NA,NA,NA,NA,NA,NA,NA,NA
sp|Q60899|ELAV2_MOUSE@Y219,Q60899,Y219,-0.599206507,NA,NA,NA,NA,NA,NA,NA,-0.669594998,NA
sp|Q6PAM0|AAKB2_MOUSE@S183,Q6PAM0,S183,-0.464239660666667,NA,NA,NA,NA,NA,NA,NA,NA,-0.991015675666667
sp|Q6PAM0|AAKB2_MOUSE@S182,Q6PAM0,S182,-0.494254343,NA,NA,NA,NA,NA,NA,NA,NA,-0.930986311
sp|P35436|NMDE1_MOUSE@S892,P35436,S892,NA,NA,NA,NA,NA,NA,NA,NA,NA,NA
sp|P35436|NMDE1_MOUSE@S890,P35436,S890,NA,NA,NA,NA,NA,NA,NA,NA,NA,NA
sp|Q6PGL7|WASC2_MOUSE@S747,Q6PGL7,S747,-0.548952817,NA,NA,NA,NA,NA,NA,NA,NA,-1.435988896
sp|Q9WV92|E41L3_MOUSE@T495,Q9WV92,T495,-1.244818314,NA,NA,NA,NA,NA,NA,NA,NA,NA
sp|Q8C2Q3|RBM14_MOUSE@T206,Q8C2Q3,T206,-0.642347987333333,-0.991098574333333,-0.793870632666666,NA,NA,NA,-0.956935679,NA,1.54087455333333,-0.0205932043333333
sp|Q60899|ELAV2_MOUSE@S221,Q60899,S221,-0.844225556,NA,NA,NA,NA,NA,NA,NA,-1.01197197513333,-1.24730984146667
sp|Q99NE5|RIMS1_MOUSE@S709,Q99NE5,S709,-1.717828802,NA,NA,NA,NA,NA,NA,NA,NA,NA
sp|Q61624|ZN148_MOUSE@S304,Q61624,S304,-1.898896174,NA,NA,NA,NA,NA,NA,NA,NA,NA
sp|Q99NE5|RIMS1_MOUSE@S716,Q99NE5,S716,-1.34465780466667,-0.492108126666667,NA,NA,NA,NA,NA,NA,NA,NA
sp|Q6PIC6|AT1A3_MOUSE@S474,Q6PIC6,S474,-0.885215222444445,0.339555468,-0.877422119944445,NA,NA,NA,NA,NA,-0.373333935666667,-0.271073286666667
sp|Q66L44|CBARP_MOUSE@S129,Q66L44,S129,-0.74998637,NA,NA,NA,NA,NA,NA,NA,NA,NA
sp|O08553|DPYL2_MOUSE@S507,O08553,S507,-0.851460043,NA,NA,NA,NA,NA,NA,NA,NA,-1.43845477
sp|O08553|DPYL2_MOUSE@T509,O08553,T509,0.309442519666667,-0.452678745083333,-0.739689536083333,NA,-0.347448345083333,NA,-0.499864138083333,NA,0.197296947083333,0.37282022
sp|Q8BH70|FBXL4_MOUSE@S45,Q8BH70,S45,NA,-1.072709676,NA,NA,NA,NA,NA,NA,-0.619108605,-1.221171427
sp|Q5XJV6|LMTK3_MOUSE@S977,Q5XJV6,S977,-0.613478444,NA,NA,NA,NA,NA,NA,NA,-1.013444329,-0.867972911
sp|Q7TQF7|AMPH_MOUSE@S252,Q7TQF7,S252,NA,-0.64863309,NA,NA,NA,NA,NA,NA,NA,NA
sp|Q6PIC6|AT1A3_MOUSE@S712,Q6PIC6,S712,-0.189701829333333,-1.31100944966667,NA,NA,NA,NA,NA,NA,NA,-0.92753294
sp|Q7TQH0|ATX2L_MOUSE@S597,Q7TQH0,S597,-0.883696010333333,-0.136059344333333,NA,NA,NA,NA,0.752952505666667,NA,NA,-0.948240585333334
sp|Q8VD37|SGIP1_MOUSE@S397,Q8VD37,S397,NA,NA,NA,NA,NA,NA,NA,NA,NA,NA
sp|B1AZP2|DLGP4_MOUSE@T915,B1AZP2,T915,NA,NA,NA,NA,NA,NA,NA,NA,NA,-1.2085386725
sp|Q61624|ZN148_MOUSE@T305,Q61624,T305,-1.898896174,NA,NA,NA,NA,NA,NA,NA,NA,NA
sp|Q61624|ZN148_MOUSE@S301,Q61624,S301,-1.898896174,NA,NA,NA,NA,NA,NA,NA,NA,NA
sp|Q5DTT2|PSD1_MOUSE@S156,Q5DTT2,S156,-1.3530348335,-0.401505934,-1.65355152716667,NA,NA,NA,NA,NA,NA,-1.168525815
sp|Q5DTT2|PSD1_MOUSE@T155,Q5DTT2,T155,-1.01892371666667,-0.0738725891666663,-1.332698283,NA,NA,NA,NA,NA,NA,-0.836434298166666
sp|Q61301|CTNA2_MOUSE@S256,Q61301,S256,-1.0924722785,0.214252374,NA,NA,NA,NA,NA,NA,-0.2647764705,0.0114112635
sp|Q61301|CTNA2_MOUSE@S262,Q61301,S262,-0.499111371666667,-0.221633324666667,NA,NA,NA,NA,-0.432083662583333,NA,-0.44671128,-0.052772753
sp|Q61301|CTNA2_MOUSE@T261,Q61301,T261,-1.0959126495,-0.5454795285,NA,NA,NA,NA,NA,NA,-0.934830219,-0.714276236
sp|Q61301|CTNA2_MOUSE@S255,Q61301,S255,-1.094194515,0.214730005,NA,NA,NA,NA,NA,NA,-0.263202084,0.0114112635
sp|Q62261|SPTB2_MOUSE@S2340,Q62261,S2340,4.385466086,3.92467149433333,3.74563160633333,1.016749791,3.11467276,1.929741005,-0.1841502915,0.0802528275000001,2.53743240466667,4.28960064866667
sp|Q9QYR6|MAP1A_MOUSE@T897,Q9QYR6,T897,-1.837796466,NA,NA,NA,NA,NA,NA,NA,NA,-2.029250836
sp|Q9QYR6|MAP1A_MOUSE@S898,Q9QYR6,S898,-1.837009579,NA,NA,NA,NA,NA,NA,NA,NA,-2.029250836
sp|Q9QYR6|MAP1A_MOUSE@S899,Q9QYR6,S899,-1.838752922,NA,NA,NA,NA,NA,NA,NA,NA,-2.030440049
sp|Q9QWI6|SRCN1_MOUSE@S911,Q9QWI6,S911,-1.213336922,NA,NA,NA,NA,NA,NA,0.280994759,-1.00811902,-1.708433009
sp|Q8K019|BCLF1_MOUSE@S656,Q8K019,S656,NA,NA,NA,NA,NA,NA,NA,NA,-1.018501288,-0.244502139
sp|Q99P72|RTN4_MOUSE@S690,Q99P72,S690,NA,-1.820608382,NA,NA,NA,NA,NA,NA,NA,-1.402262414
sp|Q99J21|MCLN1_MOUSE@S29,Q99J21,S29,-2.026465116,NA,NA,NA,NA,NA,-0.925560769,NA,NA,NA
sp|P97445|CAC1A_MOUSE@S752,P97445,S752,NA,NA,NA,NA,NA,NA,NA,NA,NA,NA
sp|Q9QY81|PO210_MOUSE@S1839,Q9QY81,S1839,-1.248697588,-1.343247662,NA,NA,NA,NA,NA,NA,NA,-0.386569531
sp|Q9Z1P7|KANK3_MOUSE@S167,Q9Z1P7,S167,-1.408204763,NA,NA,NA,NA,NA,NA,NA,NA,NA
sp|Q9QYB8|ADDB_MOUSE@S60,Q9QYB8,S60,-0.573940723,NA,NA,NA,NA,NA,NA,NA,NA,NA
sp|O88384|VTI1B_MOUSE@S138,O88384,S138,0.119392279,NA,NA,NA,NA,NA,NA,NA,NA,-0.725135342
sp|Q99J21|MCLN1_MOUSE@T34,Q99J21,T34,-2.026465116,NA,NA,NA,NA,NA,-0.925560769,NA,NA,NA
sp|Q99J21|MCLN1_MOUSE@T28,Q99J21,T28,-2.026465116,NA,NA,NA,NA,NA,-0.925560769,NA,NA,NA
sp|Q99J21|MCLN1_MOUSE@T33,Q99J21,T33,-2.026465116,NA,NA,NA,NA,NA,-0.925560769,NA,NA,NA
sp|Q3U0M1|TPPC9_MOUSE@S953,Q3U0M1,S953,NA,-0.426686979,NA,NA,NA,NA,NA,NA,NA,-1.535931598
sp|Q6WQJ1|DGLA_MOUSE@S849,Q6WQJ1,S849,NA,-0.070970761,NA,NA,NA,NA,NA,NA,NA,NA
sp|Q6WQJ1|DGLA_MOUSE@S847,Q6WQJ1,S847,NA,-0.078116118,NA,NA,NA,NA,NA,NA,NA,NA
sp|E9Q3L2|PI4KA_MOUSE@T1425,E9Q3L2,T1425,-2.363928166,NA,NA,NA,NA,NA,NA,NA,NA,-0.837035702
sp|E9Q3L2|PI4KA_MOUSE@S1427,E9Q3L2,S1427,-1.075055202,NA,NA,NA,NA,NA,NA,NA,-2.28656966,-1.282948283
sp|P35438|NMDZ1_MOUSE@S889,P35438,S889,NA,NA,NA,NA,NA,NA,NA,NA,NA,-1.029581077
sp|P35438|NMDZ1_MOUSE@S890,P35438,S890,NA,NA,NA,NA,NA,NA,NA,NA,-0.654813278,-0.962143504
sp|Q61701|ELAV4_MOUSE@S233,Q61701,S233,0.316810172,NA,NA,NA,-0.635503411,NA,NA,NA,NA,-0.267296013
sp|Q61165|SL9A1_MOUSE@S707,Q61165,S707,1.846203764,NA,NA,NA,NA,NA,NA,NA,NA,-0.159537614
sp|Q8R0S2|IQEC1_MOUSE@S106,Q8R0S2,S106,-0.502163719,-1.0559702595,NA,NA,-1.65947431525,NA,NA,NA,-2.03707653725,-0.88297429775
sp|Q5DTT2|PSD1_MOUSE@S154,Q5DTT2,S154,-1.016493452,-0.0585736464999999,-1.3053064295,NA,NA,NA,NA,NA,NA,-0.830213816
sp|Q9WVQ1|MAGI2_MOUSE@S621,Q9WVQ1,S621,-0.8789417855,-1.52297184,0.168479307,NA,NA,NA,NA,NA,NA,-1.1162314835
sp|Q9QWI6|SRCN1_MOUSE@S430,Q9QWI6,S430,-2.3361868085,NA,NA,NA,NA,NA,-1.0134621585,NA,-0.433731207,-1.0875937185
sp|Q9QWI6|SRCN1_MOUSE@T425,Q9QWI6,T425,NA,NA,NA,NA,NA,NA,NA,NA,NA,NA
sp|P15388|KCNC1_MOUSE@S160,P15388,S160,1.681466854,1.516902847,-1.397452949,NA,-0.351552168,NA,NA,NA,-3.607164934,1.04621983
sp|Q811D0|DLG1_MOUSE@S448,Q811D0,S448,4.20849143814286,3.86007897314286,2.35456193414286,NA,1.77855559264286,0.993870657,1.61220760514286,0.219075868,2.74738952364286,3.99620232014286
sp|Q6PCN3|TTBK1_MOUSE@S834,Q6PCN3,S834,-0.682642626,-1.226155336,NA,NA,NA,NA,NA,NA,-0.938443845,-1.415133457
sp|Q6PFD5|DLGP3_MOUSE@S753,Q6PFD5,S753,-1.74016688,NA,NA,NA,NA,NA,NA,NA,NA,NA
sp|A6H5Z3|EXC6B_MOUSE@T260,A6H5Z3,T260,-0.544571931,0.55487274,-1.24992021,NA,NA,-1.578307838,NA,NA,-2.150930753,-0.613456836
sp|Q6PFD5|DLGP3_MOUSE@T750,Q6PFD5,T750,-1.772309116,NA,NA,NA,NA,NA,NA,NA,NA,NA
sp|F6SEU4|SYGP1_MOUSE@S766,F6SEU4,S766,-2.340288252,NA,-1.673965711,-0.153197547,NA,NA,NA,-0.576007591,NA,-1.198715651
sp|F6SEU4|SYGP1_MOUSE@S765,F6SEU4,S765,-2.340288252,NA,-1.673965711,-0.153197547,NA,NA,NA,-0.576007591,NA,-1.198715651
sp|Q8VDN4|CCD92_MOUSE@S194,Q8VDN4,S194,-0.0352424053333333,0.2043204345,-1.1526721935,NA,NA,NA,-0.1393305955,NA,-0.028386249,-0.364856774666667
sp|Q60610|TIAM1_MOUSE@S1466,Q60610,S1466,-0.852819515,NA,NA,NA,NA,NA,NA,NA,NA,-0.0767876486666667
sp|Q6PFD5|DLGP3_MOUSE@Y745,Q6PFD5,Y745,NA,NA,NA,NA,NA,NA,NA,NA,NA,NA
sp|A6H5Z3|EXC6B_MOUSE@S259,A6H5Z3,S259,-0.5431393275,0.5563053435,-1.2484876065,NA,NA,-1.5768752345,NA,NA,-2.1494981495,-0.6120242325
sp|Q62445|SP4_MOUSE@T777,Q62445,T777,NA,NA,NA,NA,NA,NA,NA,NA,NA,NA
sp|Q69ZK9|NLGN2_MOUSE@S714,Q69ZK9,S714,-1.535395887,-1.626323611,NA,NA,-0.806769694,NA,NA,0.112305243,NA,-1.811422135
sp|Q9QX47|SON_MOUSE@S1723,Q9QX47,S1723,0.199817733666667,NA,NA,NA,NA,NA,NA,NA,NA,-0.0556174846666666
sp|P14873|MAP1B_MOUSE@S1789,P14873,S1789,0.492225456333333,0.951942511666667,NA,NA,NA,NA,NA,NA,-0.487353164,0.0212088146666667
sp|P14873|MAP1B_MOUSE@S1788,P14873,S1788,0.504426051666667,0.963394683666667,NA,NA,NA,NA,NA,NA,-0.476649415333333,0.000161119666666626
sp|P14873|MAP1B_MOUSE@Y1792,P14873,Y1792,NA,NA,NA,NA,NA,NA,NA,NA,NA,NA
sp|Q80W04|TMCC2_MOUSE@S466,Q80W04,S466,0.461642215333333,-0.1275353025,NA,NA,-1.52765828833333,NA,NA,-0.343325421333333,0.00404038499999999,-0.8512230605
sp|Q80W04|TMCC2_MOUSE@S467,Q80W04,S467,0.418339798424242,0.0225056040606061,NA,NA,-1.34929841884848,NA,NA,-0.164965551848485,0.156526000060606,-0.618669973666667
sp|P14873|MAP1B_MOUSE@T527,P14873,T527,0.796922893,-0.68121593,NA,NA,NA,NA,-0.706978968,NA,NA,-0.532932535
sp|Q9ESN9|JIP3_MOUSE@S585,Q9ESN9,S585,-1.970383219,-0.632615606,NA,0,NA,NA,NA,NA,0.150913783,-1.282469903
sp|Q3UNH4|GRIN1_MOUSE@S576,Q3UNH4,S576,0.832802577,-1.835522196,NA,NA,NA,NA,NA,NA,NA,0.355709869
sp|Q8VD37|SGIP1_MOUSE@S371,Q8VD37,S371,0.334953858933334,-1.92812906106667,0.0610033281333342,NA,0.168299049133334,NA,NA,1.54662102013333,-1.64547725786667,0.348202903333333
sp|Q9Z0V2|KCND2_MOUSE@S552,Q9Z0V2,S552,NA,-0.822874445,NA,NA,NA,NA,NA,NA,NA,-1.2829292495
sp|Q62261|SPTB2_MOUSE@S2337,Q62261,S2337,2.56538713366667,2.43107915166667,2.270247802,NA,1.38751761366667,0.785891078527778,-1.54934424611508,NA,0.728393453,2.74852712566667
sp|Q62261|SPTB2_MOUSE@S2339,Q62261,S2339,4.35495121633333,3.843676262,3.71973528,1.016749791,3.104475635,1.928875717,-0.154182219041666,0.0836319249583335,2.502391713,4.24049036333333
sp|Q9ESN9|JIP3_MOUSE@S586,Q9ESN9,S586,-1.970383219,-0.639827616,NA,0,NA,NA,NA,NA,0.156646125,-1.282469903
sp|P14873|MAP1B_MOUSE@S1260,P14873,S1260,1.471116496,1.441645704,0.163455169666667,0.127983903777778,-0.473810636,NA,-0.493094968888889,-0.730131732746032,-0.0283117113333333,2.00499555333333
sp|Q9WV92|E41L3_MOUSE@S802,Q9WV92,S802,0.563984573,NA,NA,NA,NA,NA,NA,NA,NA,-0.630053896
sp|Q9WV92|E41L3_MOUSE@S804,Q9WV92,S804,-0.0489957129999998,-0.712712135,NA,NA,NA,NA,NA,NA,-0.848405457,0.298220152
sp|P60202|MYPR_MOUSE@S114,P60202,S114,NA,NA,NA,NA,NA,NA,NA,NA,NA,-0.618215151
sp|Q0QWG9|GRD2I_MOUSE@S572,Q0QWG9,S572,1.16490220466667,0.0397536139166667,-1.98173159908333,NA,-2.60092485608333,NA,-2.06842614108333,NA,-0.434200654583333,0.949430731666667
sp|P06837|NEUM_MOUSE@T166,P06837,T166,-3.2836685425,-2.3987114765,NA,NA,NA,NA,NA,NA,-1.038525659,-0.7367112855
sp|Q9Z188|DYR1B_MOUSE@Y273,Q9Z188,Y273,1.129636234,0.141431364,NA,NA,NA,NA,NA,NA,NA,1.819931699
sp|A2AJA9|AJM1_MOUSE@S109,A2AJA9,S109,0.621188036,0.894053843,-0.775885937312169,0.626494317481482,-1.06673889934392,0.255111362481482,-0.365517123169312,NA,0.686905500084656,0.889569939666667
sp|Q9WV92|E41L3_MOUSE@T493,Q9WV92,T493,NA,NA,NA,NA,NA,NA,NA,NA,NA,NA
sp|P14873|MAP1B_MOUSE@S1395,P14873,S1395,NA,NA,NA,NA,NA,NA,NA,NA,NA,NA
sp|Q8CJ19|MICA3_MOUSE@S1187,Q8CJ19,S1187,-0.62448684,NA,NA,NA,NA,NA,NA,NA,0.765749883,0.95930234
sp|P42669|PURA_MOUSE@S181,P42669,S181,-2.587377525,-0.251418202,NA,NA,NA,NA,NA,NA,NA,-1.225028201
sp|P42669|PURA_MOUSE@T182,P42669,T182,-2.55326398,-0.284757778,NA,NA,NA,NA,NA,NA,NA,-1.285482641
sp|Q9QYR6|MAP1A_MOUSE@S1205,Q9QYR6,S1205,0.3947064935,0.4181354965,-0.4519245705,NA,-1.5975316655,NA,0.3422371715,-1.5029439025,0.293299777499999,1.1590242255
sp|Q60902|EP15R_MOUSE@S229,Q60902,S229,NA,NA,-1.050897301,NA,NA,NA,NA,NA,NA,NA
sp|Q80U28|MADD_MOUSE@S1239,Q80U28,S1239,-0.659161385833333,-1.17669222158333,NA,NA,NA,NA,NA,NA,NA,-1.68004900908333
sp|P14873|MAP1B_MOUSE@S1391,P14873,S1391,NA,NA,NA,NA,NA,NA,NA,NA,NA,NA
sp|Q9D415|DLGP1_MOUSE@S389,Q9D415,S389,-2.223456798,-1.08769315,NA,NA,NA,NA,NA,NA,-1.053560751,-1.047237981
sp|P63318|KPCG_MOUSE@T674,P63318,T674,-0.987051837,NA,NA,NA,NA,NA,NA,NA,NA,NA
sp|P08551|NFL_MOUSE@Y57,P08551,Y57,NA,NA,NA,NA,NA,NA,NA,NA,NA,NA
sp|P08551|NFL_MOUSE@S58,P08551,S58,NA,NA,NA,NA,NA,NA,NA,NA,NA,NA
sp|Q8BGN3|ENPP6_MOUSE@S71,Q8BGN3,S71,NA,NA,NA,NA,NA,NA,NA,NA,NA,NA
sp|Q8BGN3|ENPP6_MOUSE@Y72,Q8BGN3,Y72,NA,NA,NA,NA,NA,NA,NA,NA,NA,NA
sp|Q8BGN3|ENPP6_MOUSE@S69,Q8BGN3,S69,NA,NA,NA,NA,NA,NA,NA,NA,NA,NA
sp|Q8CC35|SYNPO_MOUSE@S258,Q8CC35,S258,NA,NA,NA,NA,NA,NA,NA,NA,NA,NA
sp|Q80Z38|SHAN2_MOUSE@S1005,Q80Z38,S1005,-1.6626699515,-0.1721550115,NA,NA,NA,NA,NA,NA,NA,NA
sp|P63318|KPCG_MOUSE@Y675,P63318,Y675,NA,NA,NA,NA,NA,NA,NA,NA,NA,NA
sp|Q3UHJ0|AAK1_MOUSE@S729,Q3UHJ0,S729,-1.427098482,NA,NA,NA,NA,NA,NA,NA,NA,NA
sp|Q8K3F6|KCNQ3_MOUSE@T580,Q8K3F6,T580,NA,NA,NA,NA,NA,NA,NA,NA,NA,NA
sp|Q8K4Q0|RPTOR_MOUSE@S863,Q8K4Q0,S863,-0.532970413,-1.4235079785,NA,NA,NA,NA,NA,NA,NA,-1.349458925
sp|Q6Y7W8|GGYF2_MOUSE@T25,Q6Y7W8,T25,NA,NA,NA,NA,NA,NA,NA,NA,NA,NA
sp|Q6Y7W8|GGYF2_MOUSE@S26,Q6Y7W8,S26,NA,NA,NA,NA,NA,NA,NA,NA,NA,NA
sp|Q62188|DPYL3_MOUSE@T508,Q62188,T508,NA,NA,NA,NA,NA,NA,NA,NA,NA,NA
sp|Q62188|DPYL3_MOUSE@T507,Q62188,T507,NA,NA,NA,NA,NA,NA,NA,NA,NA,NA
sp|Q9QYR6|MAP1A_MOUSE@S526,Q9QYR6,S526,2.314181631,2.47983666,1.123311335,-0.027637175,2.504074237,0.891536142,1.189194713,0.375286739,2.967974313,3.568119203
sp|Q9QYR6|MAP1A_MOUSE@S527,Q9QYR6,S527,2.314181631,2.48081306,1.164774527,-0.082337123,2.515267274,0.931332225,1.211926967,0.393461261,2.979197311,3.570837364
sp|Q9QYB5|ADDG_MOUSE@S423,Q9QYB5,S423,2.18603764,NA,NA,NA,NA,NA,NA,NA,NA,0.719389659
sp|Q8CBH5|MFSD6_MOUSE@S646,Q8CBH5,S646,NA,NA,NA,NA,NA,NA,NA,NA,-0.332604338,NA
sp|Q8CBH5|MFSD6_MOUSE@S647,Q8CBH5,S647,NA,NA,NA,NA,NA,NA,NA,NA,-0.337403237,NA
sp|Q8C996|TM163_MOUSE@S11,Q8C996,S11,-1.211359404,NA,NA,NA,NA,NA,NA,NA,0.530430733,-0.709806077
sp|Q5SWU9|ACACA_MOUSE@S29,Q5SWU9,S29,NA,NA,NA,NA,NA,NA,NA,NA,NA,NA
sp|Q5SWU9|ACACA_MOUSE@S25,Q5SWU9,S25,NA,NA,NA,NA,NA,NA,NA,NA,NA,NA
sp|Q61625|GRID2_MOUSE@T903,Q61625,T903,NA,NA,NA,NA,NA,NA,NA,NA,NA,NA
sp|Q61625|GRID2_MOUSE@S898,Q61625,S898,NA,NA,NA,NA,NA,NA,NA,NA,NA,NA
sp|Q61625|GRID2_MOUSE@S899,Q61625,S899,NA,NA,NA,NA,NA,NA,NA,NA,NA,NA
sp|Q920R0|ALS2_MOUSE@T504,Q920R0,T504,-1.7457418,NA,NA,NA,NA,NA,NA,NA,NA,-1.524011378
sp|Q99104|MYO5A_MOUSE@S1649,Q99104,S1649,-0.48598428,-0.947153763,-1.00415571,NA,NA,NA,NA,NA,-0.194828697,-1.219193767
sp|Q62445|SP4_MOUSE@T772,Q62445,T772,NA,NA,NA,NA,NA,NA,NA,NA,NA,NA
sp|Q62445|SP4_MOUSE@S768,Q62445,S768,NA,NA,NA,NA,NA,NA,NA,NA,NA,NA
sp|Q62445|SP4_MOUSE@S765,Q62445,S765,NA,NA,NA,NA,NA,NA,NA,NA,NA,NA
sp|Q62445|SP4_MOUSE@S776,Q62445,S776,NA,NA,NA,NA,NA,NA,NA,NA,NA,NA
sp|Q02248|CTNB1_MOUSE@S675,Q02248,S675,NA,NA,NA,NA,NA,NA,NA,NA,NA,NA
sp|P63101|1433Z_MOUSE@S207,P63101,S207,NA,NA,NA,NA,NA,NA,NA,NA,NA,NA
sp|Q5SNZ0|GRDN_MOUSE@S1677,Q5SNZ0,S1677,NA,NA,NA,NA,NA,NA,NA,NA,-1.059736633,NA
sp|Q68FF6|GIT1_MOUSE@S422,Q68FF6,S422,NA,NA,NA,NA,NA,NA,NA,NA,NA,-1.690688426
sp|Q68FF6|GIT1_MOUSE@S423,Q68FF6,S423,NA,NA,NA,NA,NA,NA,NA,NA,NA,-1.690688426
sp|Q9QYR6|MAP1A_MOUSE@S526; sp|Q9QYR6|MAP1A_MOUSE@S527,Q9QYR6,S526,4.54571595866667,4.86452539266667,3.23281486266667,1.643611745,4.10617863466667,2.58999082566667,3.83418337733333,1.477210276,4.346911808,5.690803048
sp|Q68FH0|PKP4_MOUSE@T227,Q68FH0,T227,-1.835973223,NA,NA,NA,NA,-1.640254,NA,NA,NA,NA
sp|O08553|DPYL2_MOUSE@S522,O08553,S522,2.12289721566667,1.78516020133333,-0.007444729,NA,0.703289979388889,-1.29158530948611,1.03561057733333,-0.696175853611111,1.46263845066667,2.45313175433333
sp|O70166|STMN3_MOUSE@S62,O70166,S62,NA,NA,NA,NA,NA,NA,NA,NA,NA,NA
sp|O70166|STMN3_MOUSE@S65,O70166,S65,0.201161787,0.286061267333333,NA,NA,NA,NA,NA,NA,-0.261271696166667,0.440452793666667
sp|P54227|STMN1_MOUSE@S46,P54227,S46,-1.275538364,NA,NA,NA,NA,NA,NA,NA,NA,-0.904203928
sp|Q68FE2|ATG9A_MOUSE@S656,Q68FE2,S656,-0.0630109066666667,-0.416630675416667,NA,NA,NA,NA,NA,NA,-0.350487221583334,-0.199852388666667
sp|Q91XM9|DLG2_MOUSE@S318,Q91XM9,S318,1.0550579995,NA,NA,NA,NA,NA,-0.0206388689999999,NA,NA,1.3294121955
sp|Q6PHZ5|RB15B_MOUSE@S263,Q6PHZ5,S263,-0.54011634925,NA,NA,NA,NA,NA,-0.058154698,NA,-1.2561905805,-0.98934287075
sp|Q920I9|WDR7_MOUSE@S1455,Q920I9,S1455,NA,NA,NA,NA,NA,NA,NA,NA,-1.362549413,-0.705018345
sp|P63318|KPCG_MOUSE@S373,P63318,S373,0.779532057,NA,NA,NA,NA,NA,NA,NA,NA,1.228007363
sp|O88737|BSN_MOUSE@S2866,O88737,S2866,1.6926453885,0.8285813295,NA,NA,-0.9075620605,NA,NA,NA,0.4691288915,1.7611202075
sp|A2ARP1|VIP1_MOUSE@S1147,A2ARP1,S1147,-0.501332929933333,-0.978347320133333,NA,NA,-0.411353549733333,NA,NA,NA,-0.474963132933333,-0.341353550333333
sp|B1AY13|UBP24_MOUSE@S2044,B1AY13,S2044,-0.00336457233333329,-0.776400727333333,NA,NA,NA,NA,NA,NA,-1.45494908533333,0.988563107666667
sp|Q9R0A1|CLCN2_MOUSE@T28,Q9R0A1,T28,-0.253725266,NA,NA,NA,NA,NA,NA,NA,-0.0367561449999998,-0.798236259
sp|P80560|PTPR2_MOUSE@S678,P80560,S678,-0.106454357666667,-0.720655375416667,NA,NA,-1.61834397025,NA,-0.148734991166667,NA,NA,-0.900440646666667
sp|Q80Z38|SHAN2_MOUSE@S1338,Q80Z38,S1338,0.759618864,-0.3761304325,NA,NA,NA,NA,0.268577419166667,NA,0.0179946949999993,1.584951541
sp|P20357|MTAP2_MOUSE@S476,P20357,S476,0.349792270666667,0.355786396,NA,NA,-0.947445843333333,NA,NA,NA,-0.638553044333333,-0.485047730666667
sp|Q3UHJ0|AAK1_MOUSE@T618,Q3UHJ0,T618,2.81523869855556,0.481388270333334,1.24109802061806,NA,1.02838681205556,-0.579970357444445,0.0904132560555552,-0.264977033944445,2.61748676266667,2.85763557166667
sp|Q69Z98|BRSK2_MOUSE@S424,Q69Z98,S424,-0.222782199666667,-0.524255596333333,NA,NA,-2.30967357333333,NA,NA,NA,0.0705504276666666,-0.387841936
sp|Q8VE19|MIOS_MOUSE@S766,Q8VE19,S766,-0.4887647065,-0.75865510275,NA,NA,NA,NA,NA,NA,NA,0.173502936
sp|Q4ACU6|SHAN3_MOUSE@S375,Q4ACU6,S375,-1.041034643,NA,NA,NA,NA,NA,NA,NA,NA,0.903386081
sp|A2AJI0|MA7D1_MOUSE@S460,A2AJI0,S460,NA,NA,NA,NA,NA,NA,NA,NA,-0.8476425235,-1.20035413
sp|Q6ZQ58|LARP1_MOUSE@S751,Q6ZQ58,S751,-0.688229462333333,-2.023356957,NA,-0.951586438,NA,0.6505462405,NA,NA,-2.170155621,-0.475451076666667
sp|D3YZU1|SHAN1_MOUSE@S1137,D3YZU1,S1137,-1.02690536866667,-0.517481619583333,NA,0.282008244166667,NA,-0.0459616978333332,NA,NA,-0.410707751083333,-0.701672931
sp|Q3UH68|LIMC1_MOUSE@S523,Q3UH68,S523,0.3656657,0.33284095,NA,NA,NA,NA,-0.209496019,NA,0.0698641930000001,0.890427634
sp|Q91XM9|DLG2_MOUSE@S323,Q91XM9,S323,-1.63686770566667,0.572115343333333,NA,NA,NA,NA,NA,NA,0.796299136333333,0.246578510333333
sp|Q80TI0|ASTRB_MOUSE@S274,Q80TI0,S274,2.497940758,1.960500172,NA,NA,NA,0.204693046,NA,NA,0.536785781,2.307022573
sp|P08551|NFL_MOUSE@Y433,P08551,Y433,-0.352317738333333,-0.102613919333333,NA,NA,-1.25564251066667,-0.58257688,NA,NA,-1.51598400366667,-0.121935666333333
sp|P08551|NFL_MOUSE@S430,P08551,S430,-0.353235363,-0.108693907,NA,NA,-1.256855449,-0.629417787,NA,NA,-1.517196942,-0.118576869
sp|P08551|NFL_MOUSE@S432,P08551,S432,-0.353617981333333,-0.106897175333333,NA,NA,-1.256736673,-0.591537210666667,NA,NA,-1.517078166,-0.119634654333333
sp|Q8VD37|SGIP1_MOUSE@S265,Q8VD37,S265,0.864720028,NA,-0.750016158666667,NA,-2.54719787566667,NA,NA,NA,-0.205810450666667,1.40559828566667
sp|Q3UVX5|GRM5_MOUSE@S839,Q3UVX5,S839,1.340120946,1.742528947,NA,NA,NA,NA,-0.313415837,NA,0.841548153,0.882658132
sp|Q8C8R3|ANK2_MOUSE@S1819,Q8C8R3,S1819,0.050001051,-1.247076031,NA,NA,NA,NA,NA,NA,-0.461023452,-0.629619424
sp|P27546|MAP4_MOUSE@T657,P27546,T657,0.321674988,0.314414852,NA,NA,NA,NA,NA,NA,NA,0.847603284
sp|P27546|MAP4_MOUSE@T658,P27546,T658,-0.3816765925,-0.334864373,NA,NA,NA,NA,NA,NA,NA,0.2523964145
sp|Q9QWI6|SRCN1_MOUSE@T86,Q9QWI6,T86,NA,-0.4179261575,NA,NA,NA,NA,NA,NA,NA,-1.4474257945
sp|Q9QWI6|SRCN1_MOUSE@S87,Q9QWI6,S87,NA,-0.4177250495,NA,NA,NA,NA,NA,NA,NA,-1.4468224705
sp|Q64332|SYN2_MOUSE@S426,Q64332,S426,-1.850055558,NA,NA,NA,NA,NA,NA,NA,NA,-0.474766643
sp|Q0VBL3|RBM15_MOUSE@S293,Q0VBL3,S293,-1.30021462333333,-0.471776120333333,NA,NA,NA,NA,NA,NA,-1.83605940633333,-0.228762549333333
sp|Q80U49|C170B_MOUSE@T546,Q80U49,T546,-0.02451377,NA,NA,NA,NA,NA,NA,NA,-1.238731769,-0.806477338
sp|Q80U49|C170B_MOUSE@S539,Q80U49,S539,-0.265522681333333,-0.562603406833334,NA,NA,NA,NA,NA,NA,-1.36052475083333,-0.809054390333333
sp|Q80VC9|CAMP3_MOUSE@S812,Q80VC9,S812,-1.07752125833333,-0.438152672333334,NA,NA,NA,NA,NA,NA,NA,-0.435676763333333
sp|Q6R891|NEB2_MOUSE@S100,Q6R891,S100,NA,-1.181982908,NA,NA,NA,NA,NA,NA,NA,-0.248218007
sp|Q9Z2H5|E41L1_MOUSE@S378,Q9Z2H5,S378,1.6562910273619,0.747454559333333,NA,NA,NA,NA,-0.430417328952381,NA,0.0687972551619047,1.87794558933333
sp|Q80U49|C170B_MOUSE@S1349,Q80U49,S1349,-0.980417703,-0.84894849,NA,NA,NA,NA,NA,NA,-0.873840596,-0.862913137
sp|Q8BM75|ARI5B_MOUSE@S1032,Q8BM75,S1032,-0.840561295,-0.343054868,NA,NA,NA,NA,NA,NA,-1.428721459,-0.475896815
sp|Q8CI95|OSB11_MOUSE@S186,Q8CI95,S186,-0.255421722,NA,NA,NA,NA,NA,NA,NA,NA,-0.72220629
sp|Q9R1R2|TRIM3_MOUSE@S427,Q9R1R2,S427,1.690020082,0.42129040375,NA,NA,NA,NA,0.50243789775,NA,0.38678748275,1.7539082475
sp|Q811P8|RHG32_MOUSE@S952,Q811P8,S952,NA,NA,NA,NA,NA,NA,NA,NA,NA,0.09350319
sp|Q9WV92|E41L3_MOUSE@T64,Q9WV92,T64,NA,-0.7063046905,NA,NA,NA,NA,NA,NA,NA,-0.8891627665
sp|Q9Z0U1|ZO2_MOUSE@S107,Q9Z0U1,S107,-0.015918987,NA,NA,NA,NA,NA,NA,NA,NA,0.72929912
sp|Q3UTJ2|SRBS2_MOUSE@S27,Q3UTJ2,S27,NA,-1.471024548,NA,NA,NA,NA,NA,NA,NA,-1.191396897
sp|Q9Z0P4|PALM_MOUSE@T141,Q9Z0P4,T141,-0.799333528333333,-0.442655490083333,NA,NA,0.718592990750001,NA,NA,NA,-1.46664460291667,-0.210660330333333
sp|Q80YN3|BCAS1_MOUSE@S615,Q80YN3,S615,-1.569162122,-1.644857796,NA,NA,-1.28076839,NA,NA,NA,NA,-1.630432397
sp|Q91ZU6|DYST_MOUSE@S3896,Q91ZU6,S3896,0.435064116,NA,NA,NA,NA,NA,NA,NA,NA,-2.093697173
sp|E9Q4N7|ARI1B_MOUSE@S1819,E9Q4N7,S1819,-0.9044421375,-0.9779983755,NA,NA,-1.040402501,NA,-0.0990419610000002,NA,-0.520372656,0.134421517
sp|A2AAE1|BLTP1_MOUSE@S2603,A2AAE1,S2603,1.46956153466667,0.813441272333333,NA,NA,NA,-0.225418326416667,-0.624818313416667,NA,0.650802537,1.44997167133333
sp|A2AAE1|BLTP1_MOUSE@S2601,A2AAE1,S2601,NA,-1.292285701,NA,NA,NA,NA,NA,NA,NA,-1.033844242
sp|A2AAE1|BLTP1_MOUSE@T2605,A2AAE1,T2605,1.12792566666667,0.603598098333333,NA,NA,NA,-0.481335133666667,NA,NA,0.388079838,1.17912784333333
sp|Q99P72|RTN4_MOUSE@S857,Q99P72,S857,2.789362529,2.501035116,NA,NA,1.464087543,NA,0.220185153,-0.473318263,2.198152145,3.454948249
sp|Q3UHD3|MTUS2_MOUSE@S1324,Q3UHD3,S1324,NA,NA,NA,NA,NA,NA,NA,NA,NA,-1.355287929
sp|O88343|S4A4_MOUSE@S255,O88343,S255,2.55834006966667,1.24160674083333,0.753961784833333,NA,-0.846511086166667,NA,1.21035657133333,NA,0.0626072223333333,1.399278332
sp|O88343|S4A4_MOUSE@S256,O88343,S256,2.68853862366667,1.15949040204167,0.668435636041665,NA,-0.925407745958335,NA,1.14819397891667,NA,-0.0327078940833341,1.52233153966667
sp|Q8C2Q3|RBM14_MOUSE@T572,Q8C2Q3,T572,-2.30019592,NA,NA,NA,NA,NA,NA,NA,NA,NA
sp|Q3UH99|SHSA6_MOUSE@T246,Q3UH99,T246,3.741405488,2.58257896833333,1.41459850633333,-0.260241789303572,3.26704852033333,0.971073237333333,NA,0.923470580333333,1.26335015657143,2.12884481933333
sp|A2AAE1|BLTP1_MOUSE@S1681,A2AAE1,S1681,0.555178937060606,0.258963025878788,NA,NA,NA,NA,-0.106741975098485,NA,0.0588513284015151,0.399078619333333
sp|Q6R891|NEB2_MOUSE@S192,Q6R891,S192,-0.992325224,-0.913567944,NA,NA,-1.563931514,NA,NA,NA,NA,-1.305462317
sp|Q9Z0R4|ITSN1_MOUSE@S971,Q9Z0R4,S971,NA,NA,NA,NA,NA,NA,NA,-1.437298043,-1.653622122,-0.644122522
sp|P08551|NFL_MOUSE@S431,P08551,S431,-0.351950428,-0.109578658,NA,NA,-1.2535575465,-0.6738043785,NA,NA,-1.5138990395,-0.1090833455
sp|Q9Z0R4|ITSN1_MOUSE@T970,Q9Z0R4,T970,0.115399696,-0.057342173,NA,NA,NA,NA,NA,-0.954005065,-1.1396806115,-0.1914780765
sp|Q9Z2I9|SUCB1_MOUSE@S279,Q9Z2I9,S279,NA,-0.486183786,NA,NA,NA,-0.870665135,NA,NA,NA,0.468901659
sp|Q0P678|ZCH18_MOUSE@S530,Q0P678,S530,0.976077151125,1.889814049125,NA,NA,NA,NA,0.677075962,NA,-0.777422534875,1.096875560625
sp|Q6WVG3|KCD12_MOUSE@S200,Q6WVG3,S200,1.00523052333333,-0.4973582215,NA,NA,NA,NA,-0.821539058833333,NA,0.561047942166667,1.18751978266667
sp|Q6WVG3|KCD12_MOUSE@S202,Q6WVG3,S202,1.005711418,-0.497819659916667,NA,NA,NA,NA,-0.812637041416666,NA,0.569949959583333,1.18591314166667
sp|Q8C079|STRP1_MOUSE@S335,Q8C079,S335,1.24078492533333,0.770898130833333,-0.777960585666667,NA,1.04562214783333,-0.182950779666667,NA,-1.68883072352381,0.794951968333333,2.25009429933333
sp|Q61235|SNTB2_MOUSE@S75,Q61235,S75,0.0149054856666667,-1.28091221583333,NA,NA,NA,NA,NA,NA,0.237463757666667,0.984112569666667
sp|Q3UMB5|SMCR8_MOUSE@S788,Q3UMB5,S788,1.70372896233333,1.59202332633333,0.110112887083333,NA,0.306735862583333,0.421584898797619,-0.358827542666667,-0.939510746630952,0.819764958583333,1.35378115733333
sp|E9Q6P5|TTC7B_MOUSE@S160,E9Q6P5,S160,-0.12303567,NA,NA,NA,0.182004927,NA,NA,NA,-0.351929846,0.354719571
sp|E9Q6P5|TTC7B_MOUSE@S159,E9Q6P5,S159,0.210800773,NA,NA,NA,NA,NA,NA,NA,NA,0.285742624
sp|Q80U22|RUSC2_MOUSE@S534,Q80U22,S534,1.93345569733333,1.20134150166667,0.0429217058333333,NA,-0.260575077666667,-0.649430683095238,-0.0477218371666667,NA,0.372488838333333,2.329945738
sp|Q9QWI6|SRCN1_MOUSE@S233,Q9QWI6,S233,NA,-1.466333685,NA,NA,NA,NA,NA,NA,NA,-0.163695617
sp|Q8BJ42|DLGP2_MOUSE@S670,Q8BJ42,S670,0.355022164,-0.26660138025,NA,NA,-1.61039810825,-1.16941562425,NA,NA,NA,0.6588325375
sp|Q6WVG3|KCD12_MOUSE@T198,Q6WVG3,T198,0.336828873666667,0.170273498666666,NA,NA,NA,NA,NA,NA,-0.595056278833333,-0.377685579333333
sp|Q68FF6|GIT1_MOUSE@S368,Q68FF6,S368,1.48006084905556,2.09995132005556,1.43928097955556,NA,1.57666677755556,1.05404154855556,-0.103347486944444,0.639796349055556,1.98468563155556,3.59022133255556
sp|Q91Y86|MK08_MOUSE@Y185,Q91Y86,Y185,1.01785896566667,0.6695225655,-0.9021129514,NA,-0.4158319595,-0.5604886144,NA,NA,0.416428610333333,1.769512259
sp|Q8BG67|EFR3A_MOUSE@S220,Q8BG67,S220,0.667498118666667,NA,NA,NA,NA,NA,NA,NA,-0.209756026333333,0.106806253166667
sp|P62484|ABI2_MOUSE@S301,P62484,S301,-0.00229076366666667,-0.537970428833333,-0.620523553083333,NA,NA,-0.605349155083333,NA,NA,-0.261307960833333,0.358588917
sp|P14873|MAP1B_MOUSE@S1307,P14873,S1307,NA,NA,-1.509025003,NA,NA,NA,NA,NA,NA,-2.221121175
sp|Q3UMT1|PP12C_MOUSE@S402,Q3UMT1,S402,-0.174483324,NA,NA,NA,NA,NA,NA,NA,NA,0.43863913
sp|Q3UMT1|PP12C_MOUSE@S403,Q3UMT1,S403,-0.161436296,NA,NA,NA,NA,NA,NA,NA,NA,0.451686158
sp|Q9ERU9|RBP2_MOUSE@S788,Q9ERU9,S788,NA,NA,NA,NA,NA,NA,NA,NA,0.4255537405,1.1945902005
sp|P0C7M9|CLC2L_MOUSE@S47,P0C7M9,S47,NA,-0.3319507565,NA,NA,NA,NA,NA,NA,NA,-0.3973708385
sp|A2AJA9|AJM1_MOUSE@Y795,A2AJA9,Y795,-0.104607717333333,-0.416524945166667,NA,NA,NA,NA,NA,NA,0.0657569723333334,-0.553104486
sp|A2AJA9|AJM1_MOUSE@S794,A2AJA9,S794,-0.0991856943333334,-0.41951635425,NA,NA,NA,NA,NA,NA,0.06504697625,-0.551286844666667
sp|D3YVF0|AKAP5_MOUSE@T220,D3YVF0,T220,0.458421279333333,0.779824362833333,NA,NA,-0.217521320166667,NA,-0.450858713166667,NA,-1.21755154816667,0.393097503333333
sp|Q91V14|S12A5_MOUSE@S1047,Q91V14,S1047,0.409571660666667,-1.68224006066667,NA,NA,-1.65285092866667,NA,NA,NA,NA,0.545789481
sp|Q9QWI6|SRCN1_MOUSE@S588,Q9QWI6,S588,0.67977873,NA,NA,NA,NA,NA,NA,NA,NA,1.650851514
sp|Q68FH0|PKP4_MOUSE@S446,Q68FH0,S446,1.28120164905556,0.394239921333333,NA,NA,NA,-0.364259798069444,-0.765554254111111,NA,0.339412406333333,0.286560284
sp|Q0VGY8|TANC1_MOUSE@S445,Q0VGY8,S445,-0.317366945333333,0.81454296867619,NA,NA,-1.15370644455238,NA,NA,NA,-0.0418961447238096,0.477121764
sp|P62812|GBRA1_MOUSE@Y374,P62812,Y374,-0.562779436833333,-1.18614996433333,NA,NA,-0.681231442,NA,NA,NA,-1.57011679166667,-0.242927821833333
sp|Q3USB7|PLCL1_MOUSE@S96,Q3USB7,S96,0.679727368,0.631203470333333,NA,NA,NA,NA,-0.364162872666667,NA,-0.302300026666667,0.792107008666667
sp|O35927|CTND2_MOUSE@S435,O35927,S435,-0.252108944333333,-0.0976404199015151,NA,NA,NA,NA,-0.360272093924242,NA,-0.578344703401515,-0.103579386060606
sp|Q2M3X8|PHAR1_MOUSE@T104,Q2M3X8,T104,-0.436145506,-1.0174492726,-1.9261481652,NA,0.5650850482,-0.8079824692,NA,NA,-0.4117017174,-0.147086269
sp|Q99MR1|GGYF1_MOUSE@S24,Q99MR1,S24,-0.513868077,-0.508180521,-1.599355346,0.288662254,-1.519139905,-1.504060763,NA,NA,-1.67293089,-0.148425754
sp|Q0VGY8|TANC1_MOUSE@S443,Q0VGY8,S443,-0.285295637333333,0.345215196666667,NA,NA,NA,NA,NA,NA,-0.00363829383333319,-0.162077203333333
sp|Q3UNH4|GRIN1_MOUSE@S519,Q3UNH4,S519,0.484566156666667,0.5823078895,NA,NA,NA,NA,NA,NA,0.152447701,0.780075994333333
sp|O35927|CTND2_MOUSE@S531,O35927,S531,NA,NA,NA,NA,NA,NA,NA,NA,-0.743696268,0.267130585
sp|Q6PDH0|PHLB1_MOUSE@S951,Q6PDH0,S951,1.382849506,1.35049962208333,-0.301825382916666,NA,-0.796073872416666,-1.07347416841667,-0.288860789416666,-0.871800551041666,0.340711297083333,1.70403148266667
sp|Q8CJ19|MICA3_MOUSE@S1167,Q8CJ19,S1167,0.144499787,NA,NA,NA,NA,NA,NA,NA,NA,-0.360156551
sp|A2AF53|T185A_MOUSE@S333,A2AF53,S333,0.480143451833333,-1.17683620341667,NA,NA,NA,NA,NA,NA,-1.15065846141667,-0.136085014666667
sp|P80560|PTPR2_MOUSE@S684,P80560,S684,2.78001062366667,2.61868420941667,NA,NA,NA,NA,-0.248363582833333,NA,1.16025342591667,0.793263014666667
sp|Q6PAL7|AHDC1_MOUSE@S1057,Q6PAL7,S1057,NA,-0.881510421,NA,NA,NA,NA,NA,NA,NA,-0.779341206
sp|Q6PAL7|AHDC1_MOUSE@T1058,Q6PAL7,T1058,NA,-0.881510421,NA,NA,NA,NA,NA,NA,NA,-0.779341206
sp|Q6PAL7|AHDC1_MOUSE@S1060,Q6PAL7,S1060,NA,-0.881510421,NA,NA,NA,NA,NA,NA,NA,-0.779341206
sp|Q7TSJ2|MAP6_MOUSE@T109,Q7TSJ2,T109,0.550821468,NA,NA,NA,NA,NA,NA,NA,-0.677654698,0.648040343
sp|Q9QWI6|SRCN1_MOUSE@S581,Q9QWI6,S581,0.768546575,0.337795772,-1.575898759,NA,NA,NA,NA,NA,-0.140948906,0.351019619
sp|Q7TSJ2|MAP6_MOUSE@S108,Q7TSJ2,S108,0.550821468,NA,NA,NA,NA,NA,NA,NA,-0.677654698,0.648040343
sp|Q7TSJ2|MAP6_MOUSE@S110,Q7TSJ2,S110,0.550821468,NA,NA,NA,NA,NA,NA,NA,-0.677654698,0.648040343
sp|Q8K012|FBP1L_MOUSE@S295,Q8K012,S295,1.09519125133333,0.0423861643333336,NA,NA,NA,NA,NA,NA,-0.109703418416667,0.633785412833333
sp|Q9D4F2|PLPP6_MOUSE@S73,Q9D4F2,S73,-1.011066845,NA,NA,-0.415445423,NA,NA,NA,NA,NA,NA
sp|Q9D4F2|PLPP6_MOUSE@S67,Q9D4F2,S67,-1.18653624566667,NA,NA,-0.590914823666667,-0.415382318666667,NA,NA,NA,NA,-1.87342144766667
sp|Q5DU25|IQEC2_MOUSE@S402,Q5DU25,S402,1.196913182,-0.994900597000001,NA,NA,0.752689893999999,NA,NA,NA,-0.299756337,2.421219873
sp|Q7TSJ2|MAP6_MOUSE@S106,Q7TSJ2,S106,-0.656254975,NA,NA,NA,NA,NA,NA,NA,-0.677654698,-0.124837392
sp|Q9D4C9|CLVS1_MOUSE@S329,Q9D4C9,S329,1.42816876066667,0.786410947666667,NA,NA,0.589680897,-0.708644999911422,0.289010109717949,-0.561055702729604,1.085659648,1.38786399333333
sp|Q811D0|DLG1_MOUSE@S138,Q811D0,S138,0.0760746676666665,-0.433184421333333,NA,NA,NA,NA,NA,NA,NA,-1.36074478833333
sp|Q80YA9|CNKR2_MOUSE@S329,Q80YA9,S329,0.159490642,NA,NA,NA,-0.946259361,NA,NA,NA,NA,-0.568041225
sp|Q80YA9|CNKR2_MOUSE@T327,Q80YA9,T327,0.161828288,NA,NA,NA,-0.82384984,NA,NA,NA,NA,-0.56754677
sp|Q80YA9|CNKR2_MOUSE@S328,Q80YA9,S328,0.159274810666667,NA,NA,NA,-0.832292128833333,NA,NA,NA,NA,-0.566570905333333
sp|Q80XK6|ATG2B_MOUSE@S1571,Q80XK6,S1571,0.233688567333333,-0.296394798666667,NA,NA,NA,NA,NA,NA,-1.37461990666667,0.286552846333333
sp|P63137|GBRB2_MOUSE@S437,P63137,S437,0.503956655,NA,NA,NA,NA,NA,NA,NA,0.612819533,-0.190755845
sp|P63137|GBRB2_MOUSE@Y441,P63137,Y441,0.206804057,0.832713817,NA,NA,NA,-0.340176634,NA,NA,0.1645401645,-0.3367816725
sp|P63137|GBRB2_MOUSE@S438,P63137,S438,0.2116308435,0.833706053,NA,NA,NA,-0.393975731,NA,NA,0.17372319575,-0.33631113075
sp|O35927|CTND2_MOUSE@S534,O35927,S534,NA,NA,NA,NA,NA,NA,NA,NA,NA,NA
sp|Q9Z0J4|NOS1_MOUSE@T128,Q9Z0J4,T128,NA,NA,NA,NA,NA,NA,NA,NA,NA,NA
sp|Q9QXZ0|MACF1_MOUSE@S3891,Q9QXZ0,S3891,0.739872325,-0.994989234,NA,NA,NA,NA,NA,NA,-0.324935917,0.103291297
sp|Q9QXZ0|MACF1_MOUSE@S3889,Q9QXZ0,S3889,-0.0459873266666667,-0.633957781666667,NA,NA,NA,NA,NA,NA,-0.815975811666667,0.0163197473333333
sp|Q9QYR6|MAP1A_MOUSE@T1636,Q9QYR6,T1636,1.269360763,NA,NA,NA,NA,NA,NA,NA,NA,0.593716999
sp|A2AAE1|BLTP1_MOUSE@S2755,A2AAE1,S2755,0.73328937,-1.182531379,NA,NA,NA,NA,NA,NA,NA,-0.342006746
sp|O88910|MPP3_MOUSE@S307,O88910,S307,1.83880595866667,0.372061476611111,NA,NA,-1.21507143101389,NA,-1.23247896301389,NA,-0.072376013,1.69988074766667
sp|Q63959|KCNC3_MOUSE@S754,Q63959,S754,NA,-0.921419736,NA,NA,-0.235722204,NA,NA,NA,0.380677423,0.72653152
sp|Q69ZH9|RHG23_MOUSE@S607,Q69ZH9,S607,NA,NA,NA,NA,NA,NA,NA,NA,NA,NA
sp|O55022|PGRC1_MOUSE@S181,O55022,S181,2.60053623233333,2.72194826933333,0.454758387333333,1.58966013066667,1.184896568,-0.426092952833333,-0.842501893833334,-1.01790300483333,2.07470314766667,3.11503377033333
sp|P51830|ADCY9_MOUSE@S610,P51830,S610,-0.847822145,NA,NA,NA,NA,NA,-0.826189036,NA,-2.06343154,-0.580404549
sp|Q3URD3|SLMAP_MOUSE@S148,Q3URD3,S148,0.3367246115,NA,NA,NA,NA,NA,NA,NA,NA,0.5653265855
sp|Q8VDN2|AT1A1_MOUSE@S452,Q8VDN2,S452,-0.453734657,-0.219545389,NA,NA,NA,NA,NA,NA,NA,-1.038971238
sp|Q8R310|TMCC3_MOUSE@S216,Q8R310,S216,NA,NA,NA,NA,NA,NA,NA,NA,NA,NA
sp|P70399|TP53B_MOUSE@S382,P70399,S382,0.450252252333333,-0.348816206209524,NA,NA,-0.361117405180952,0.184403182819048,-0.780718886238095,NA,-0.649301422409524,0.473477445333333
sp|O55022|PGRC1_MOUSE@Y180,O55022,Y180,2.31686658033333,2.49292137333333,0.136437384666667,1.3197057605,1.070778805,-0.29833506925,-0.758160265464286,-0.933561376464286,1.74359455066667,2.85120506
sp|P70399|TP53B_MOUSE@S381,P70399,S381,-1.341242183,NA,NA,NA,NA,NA,NA,NA,NA,NA
sp|Q9Z0R4|ITSN1_MOUSE@S897,Q9Z0R4,S897,NA,NA,NA,NA,NA,NA,-0.860752293,NA,NA,-1.416862321
sp|O08582|GTPB1_MOUSE@S24,O08582,S24,-0.721541946,-0.542123343,NA,NA,NA,NA,NA,NA,NA,-1.646494674
sp|O08582|GTPB1_MOUSE@S25,O08582,S25,-0.721541946,-0.538241508,NA,NA,NA,NA,NA,NA,NA,-1.626028792
sp|Q148V7|RELCH_MOUSE@S141,Q148V7,S141,NA,-1.1763471775,NA,0.196953001,NA,NA,NA,NA,NA,-2.0108582505
sp|Q148V7|RELCH_MOUSE@T143,Q148V7,T143,NA,-0.589406918499999,NA,0.784460355750001,NA,NA,NA,NA,NA,-1.4227838
sp|O70166|STMN3_MOUSE@S72,O70166,S72,NA,NA,NA,NA,NA,NA,NA,NA,NA,NA
sp|O70166|STMN3_MOUSE@S68,O70166,S68,1.608442253,1.322838846,NA,NA,NA,NA,NA,NA,0.280665163,1.24550579
sp|P14873|MAP1B_MOUSE@S1793,P14873,S1793,-1.460574481,NA,NA,NA,NA,NA,NA,NA,NA,NA
sp|Q9Z0P4|PALM_MOUSE@S345,Q9Z0P4,S345,-0.496347962666667,NA,NA,NA,-2.16246360408333,NA,NA,NA,-0.40199257425,-0.472924577333333
sp|O88737|BSN_MOUSE@T1102,O88737,T1102,1.353392667,NA,NA,NA,-0.616835003,NA,NA,0.199479496,0.932008630999999,1.708402797
sp|Q01097|NMDE2_MOUSE@S1303,Q01097,S1303,-0.283244233416667,-0.281793818166667,NA,NA,-0.356004966166666,NA,NA,NA,NA,0.447461264083333
sp|Q9D6W8|BORC6_MOUSE@T201,Q9D6W8,T201,0.584583456,0.290512285,-0.565042045,NA,NA,NA,NA,NA,-0.5374723545,-0.1675252735
sp|Q9Z0R4|ITSN1_MOUSE@T892,Q9Z0R4,T892,NA,NA,NA,NA,NA,NA,-0.860752293,NA,NA,-1.416862321
sp|Q9Z0R4|ITSN1_MOUSE@S895,Q9Z0R4,S895,NA,NA,NA,NA,NA,NA,-0.860752293,NA,NA,-1.416862321
sp|Q9Z0R4|ITSN1_MOUSE@S894,Q9Z0R4,S894,NA,NA,NA,NA,NA,NA,-0.860752293,NA,NA,-1.416862321
sp|P63024|VAMP3_MOUSE@S62,P63024,S62,1.82312058933333,1.503039076,-0.0679706011666662,NA,-0.216230586166666,NA,-0.794840971666666,-1.75332227716667,0.976990537833334,2.18611070166667
sp|Q60610|TIAM1_MOUSE@S231,Q60610,S231,NA,NA,NA,NA,NA,NA,NA,NA,NA,0.028184236
sp|P14873|MAP1B_MOUSE@S1257; sp|P14873|MAP1B_MOUSE@S1260,P14873,S1257,-0.113385715204546,1.0602248,-0.392867970772727,NA,-1.67502299577273,0.297788437409091,-0.228947983772727,NA,0.131962619295455,0.190956921818182
sp|Q80TE7|LRRC7_MOUSE@S949,Q80TE7,S949,-1.6920488515,NA,NA,NA,NA,NA,NA,NA,NA,-0.3562894975
sp|Q8C015|PAK5_MOUSE@S341,Q8C015,S341,NA,-1.880283901,NA,NA,NA,NA,NA,NA,NA,0.00507022
sp|Q61315|APC_MOUSE@Y1375,Q61315,Y1375,-0.412505557,NA,NA,NA,NA,NA,NA,NA,-0.761706804,-0.832907501
sp|O88737|BSN_MOUSE@S3382,O88737,S3382,NA,1.22840961,NA,NA,NA,NA,NA,NA,-0.846345952,1.001426622
sp|P63318|KPCG_MOUSE@T689,P63318,T689,0.128534791,-0.249862272954545,-1.82884403727273,NA,-2.12938333727273,NA,-1.91266328127273,NA,-1.62031093195455,0.961753223818182
sp|Q01147|CREB1_MOUSE@S256,Q01147,S256,NA,NA,NA,NA,NA,NA,NA,NA,NA,NA
sp|Q01147|CREB1_MOUSE@S257,Q01147,S257,NA,NA,NA,NA,NA,NA,NA,NA,NA,NA
sp|Q9WVQ1|MAGI2_MOUSE@T1015,Q9WVQ1,T1015,NA,NA,NA,NA,NA,NA,NA,NA,NA,-0.796640908
sp|Q9WVQ1|MAGI2_MOUSE@S1013,Q9WVQ1,S1013,-1.6159055475,NA,NA,NA,NA,NA,-1.4282868995,NA,NA,-1.1451935585
sp|P16546|SPTN1_MOUSE@S1217,P16546,S1217,NA,NA,NA,NA,NA,NA,NA,NA,NA,NA
sp|Q80Y24|PRIC2_MOUSE@S547,Q80Y24,S547,-0.491696696,NA,NA,NA,NA,NA,NA,NA,NA,-1.178558889
sp|Q80Y24|PRIC2_MOUSE@S544,Q80Y24,S544,-0.491696696,NA,NA,NA,NA,NA,NA,NA,NA,-1.178558889
sp|Q9QX47|SON_MOUSE@S1794,Q9QX47,S1794,0.322489465,0.43850301725,NA,NA,NA,NA,NA,NA,-0.53960946775,-0.7307095205
sp|Q8BSS9|LIPA2_MOUSE@S163,Q8BSS9,S163,NA,-1.173679551,NA,NA,NA,NA,NA,NA,-0.654141043,-0.786089272
sp|Q9QZQ1|AFAD_MOUSE@S1083,Q9QZQ1,S1083,NA,NA,NA,NA,NA,NA,NA,NA,-0.430448828,0
sp|Q9QZQ1|AFAD_MOUSE@S1082,Q9QZQ1,S1082,NA,NA,NA,NA,NA,NA,NA,NA,-0.467700265,-0.064268535
sp|Q80VP1|EPN1_MOUSE@S453,Q80VP1,S453,NA,NA,NA,NA,NA,NA,NA,NA,NA,-1.606448511
sp|Q6PIC6|AT1A3_MOUSE@S643,Q6PIC6,S643,0.0429640985,-0.622902392,NA,NA,NA,NA,NA,NA,-0.42679431025,1.25430622475
sp|P19973|LSP1_MOUSE@S243,P19973,S243,0.962212071666667,0.79682746076282,0.35166479826282,NA,-0.551790138679487,NA,-1.08337680910256,-0.528379065679487,1.05750209133333,0.870712868
sp|P60469|LIPA3_MOUSE@S142,P60469,S142,-1.260221514,NA,NA,NA,NA,NA,NA,NA,-0.728101714,-0.145006072
sp|Q80X80|C2C2L_MOUSE@S411,Q80X80,S411,NA,NA,NA,NA,NA,NA,NA,NA,NA,NA
sp|Q80X80|C2C2L_MOUSE@T400,Q80X80,T400,NA,NA,NA,NA,NA,NA,NA,NA,NA,NA
sp|Q640R3|HECAM_MOUSE@S352,Q640R3,S352,-0.322849319,-0.748183437,NA,NA,NA,NA,NA,NA,-1.357129588,NA
sp|E9Q784|ZC3HD_MOUSE@S242,E9Q784,S242,-0.252695570333333,-0.572715076333333,NA,NA,NA,NA,NA,NA,NA,-1.69975359433333
sp|Q99JB8|PACN3_MOUSE@S319,Q99JB8,S319,-0.202378927333334,-0.219766120333333,NA,-0.629344027333333,NA,NA,NA,NA,0.0684754876666669,-0.00523965333333334
sp|Q62261|SPTB2_MOUSE@T2334,Q62261,T2334,0.869769394,0.391538454,0.955587881,NA,-0.360111141,-0.675557977,NA,NA,NA,0.882821155
sp|Q9Z0R4|ITSN1_MOUSE@T1137,Q9Z0R4,T1137,-0.606970566,NA,NA,NA,NA,NA,NA,NA,NA,-0.759887488
sp|Q80TS3|AGRL3_MOUSE@S1509,Q80TS3,S1509,NA,NA,NA,NA,NA,NA,NA,NA,NA,-0.671759872
sp|Q80TS3|AGRL3_MOUSE@S1508,Q80TS3,S1508,NA,NA,NA,NA,NA,NA,NA,NA,NA,-0.668090405
sp|Q6WVG3|KCD12_MOUSE@S189,Q6WVG3,S189,-0.842071493333333,-0.805755294083333,NA,NA,NA,NA,NA,NA,NA,-0.674290139833333
sp|Q91W39|NCOA5_MOUSE@S377,Q91W39,S377,NA,NA,NA,NA,NA,NA,NA,NA,NA,NA
sp|P70392|RGRF2_MOUSE@S726,P70392,S726,NA,NA,NA,NA,NA,NA,NA,NA,-0.566730851,NA
sp|Q5DTT2|PSD1_MOUSE@S722,Q5DTT2,S722,NA,NA,NA,NA,NA,NA,NA,NA,NA,-0.441775667
sp|P05064|ALDOA_MOUSE@S39,P05064,S39,0.505317797,-0.5028418046,NA,NA,NA,NA,NA,NA,-0.8087621824,-0.5823932626
sp|Q9JM52|MINK1_MOUSE@S750,Q9JM52,S750,NA,NA,NA,NA,NA,NA,NA,NA,NA,NA
sp|Q9D6F9|TBB4A_MOUSE@T55,Q9D6F9,T55,-0.662722807533333,-0.0472877402000001,NA,NA,NA,NA,NA,NA,NA,-0.631640491666667
sp|Q3UHE1|PITM3_MOUSE@S504,Q3UHE1,S504,1.02275539033333,0.988089715333333,0.529047181266666,NA,1.28459221706667,NA,0.360187091666667,NA,0.502176991,1.380790785
sp|Q8BGH4|REEP1_MOUSE@S152,Q8BGH4,S152,-0.0568201864999999,-0.2966147625,NA,NA,NA,NA,NA,NA,-1.4031220295,-0.3226737055
sp|Q62442|VAMP1_MOUSE@S77,Q62442,S77,NA,NA,NA,NA,NA,NA,NA,NA,-0.678596212,-2.039714016
sp|Q62442|VAMP1_MOUSE@S82,Q62442,S82,NA,-0.863899741,NA,NA,NA,NA,NA,NA,0.29830902075,-0.26586013175
sp|Q68EF6|BEGIN_MOUSE@S473,Q68EF6,S473,NA,-0.663767384,NA,NA,NA,NA,NA,NA,NA,-0.071916288
sp|Q9QYX7|PCLO_MOUSE@S3545,Q9QYX7,S3545,-1.27144647933333,-0.985831502166667,NA,NA,NA,NA,-1.27410165554167,NA,-0.810720632333333,0.163020769666667
sp|P16283|B3A3_MOUSE@S198,P16283,S198,0.400911303,0.148056064636364,-0.489916477818182,NA,-0.758776095909091,NA,NA,NA,-0.451761632545455,-0.785441876363636
sp|Q62120|JAK2_MOUSE@S523,Q62120,S523,-0.212688611666667,-0.707407871666667,NA,NA,NA,NA,NA,NA,0.335029049333333,-0.254731786166667
sp|Q3UHJ0|AAK1_MOUSE@T618; sp|Q3UHJ0|AAK1_MOUSE@S622,Q3UHJ0,T618,0.0216473175833334,NA,NA,NA,NA,NA,NA,NA,-1.48725055116667,-0.0607949766666666
sp|P56399|UBP5_MOUSE@S783,P56399,S783,1.742544901,2.252182153,0.954632597333333,1.37058407385714,-0.119988873333333,-0.569149112142857,1.45618488933333,0.469619962571428,1.826478342,1.64728070866667
sp|Q80Z38|SHAN2_MOUSE@S456,Q80Z38,S456,0.788410023333333,0.661476823,-0.749771363,NA,0.298845878066667,NA,NA,-0.447754631533333,0.118588524,1.031148435
sp|P12657|ACM1_MOUSE@T230,P12657,T230,1.62093538,-0.998097137,NA,NA,NA,NA,NA,NA,-0.509077697,1.578767925
sp|P63141|KCNA2_MOUSE@S441,P63141,S441,-0.0907132865,-0.8675905723,NA,NA,0.0243873445999999,NA,NA,NA,0.4904145163,0.418220671
sp|P0CG49|UBB_MOUSE@S57,P0CG49,S57,-0.493363036166667,-1.28390936416667,NA,NA,NA,NA,NA,NA,-1.22857962466667,0.0227111583333334
sp|P97427|DPYL1_MOUSE@T509,P97427,T509,0.331425341833333,-1.19806166116667,NA,NA,NA,NA,NA,NA,NA,0.0743729623333334
sp|Q3UVC0|KSR2_MOUSE@T271,Q3UVC0,T271,0.542664796,0.526052667111111,-0.891210505388889,NA,NA,0.238465901277778,0.255875180611111,-0.528328374722222,0.380565176,1.20405714433333
sp|Q80XI3|IF4G3_MOUSE@S266,Q80XI3,S266,-0.283793962,-0.116217732,NA,NA,NA,NA,-1.044970819,NA,-1.17612489466667,0.398665765
sp|Q80XI3|IF4G3_MOUSE@S267,Q80XI3,S267,-0.110356453666667,0.313654445666667,NA,NA,NA,NA,-0.949184841111111,NA,-1.50295434577778,0.541660539666667
sp|Q9Z1X2|PTSS2_MOUSE@S16,Q9Z1X2,S16,3.188186383,2.66881618216667,1.32265052516667,1.58652653066667,1.75409949016667,0.719104914166667,NA,-1.00135413283333,1.35601898016667,2.82366673933333
sp|Q9WVR4|FXR2_MOUSE@S602,Q9WVR4,S602,1.24253328,NA,NA,NA,NA,NA,NA,NA,-0.568036145,1.030396472
sp|Q9WVR4|FXR2_MOUSE@S604,Q9WVR4,S604,1.24253328,NA,NA,NA,NA,NA,NA,NA,-0.568036145,1.030396472
sp|Q9JIX8|ACINU_MOUSE@S479,Q9JIX8,S479,0.461039641,0.628739284,NA,NA,NA,NA,0.219414121,NA,-1.230320409,0.790890256
sp|Q4ACU6|SHAN3_MOUSE@S1134,Q4ACU6,S1134,-0.387306392,-0.357656477,NA,NA,NA,NA,NA,NA,NA,-0.796907001
sp|Q3TXS7|PSMD1_MOUSE@T273,Q3TXS7,T273,-0.784723085333333,0.928697864666666,NA,NA,NA,NA,NA,NA,NA,0.0954001386666666
sp|Q8BMG7|RBGPR_MOUSE@S448,Q8BMG7,S448,-0.703327354333333,NA,NA,NA,NA,NA,-1.20510873633333,NA,NA,-0.354622956833333
sp|P0C7L0|WIPF3_MOUSE@S211,P0C7L0,S211,NA,NA,NA,NA,NA,NA,NA,NA,NA,-0.754845184
sp|Q3UVC0|KSR2_MOUSE@T273,Q3UVC0,T273,0.2081196495,0.254816133,-0.8771798395,NA,NA,-0.3829908798,-0.1150120885,-0.2675503568,0.4302010178,0.6990899075
sp|P68372|TBB4B_MOUSE@T55,P68372,T55,0.989420162,-0.149042476944445,NA,NA,-1.03993787281944,NA,NA,NA,-0.0567744713333333,0.246416197
sp|P20917|MAG_MOUSE@S547,P20917,S547,1.57982003275,1.2584956575,NA,NA,-1.1785032995,-1.4549691055,NA,NA,0.1704041795,1.00327295425
sp|P20917|MAG_MOUSE@S546,P20917,S546,1.58501283875,1.2703691505,NA,NA,-1.1666298065,-1.4430956125,NA,NA,0.1822776725,1.02182713425
sp|P51830|ADCY9_MOUSE@S613,P51830,S613,-0.871531414,NA,NA,NA,NA,NA,-0.849898305,NA,NA,-2.12037183
sp|P01831|THY1_MOUSE@Y86,P01831,Y86,NA,NA,NA,NA,NA,NA,NA,NA,-0.1526504815,-1.0389956045
sp|P20917|MAG_MOUSE@S545,P20917,S545,1.59390418975,1.2731466315,NA,NA,-1.1638523255,-1.4403181315,NA,NA,0.1850551535,1.01849074525
sp|P20917|MAG_MOUSE@S549,P20917,S549,-1.631229964,-1.728278852,NA,NA,-3.876823122,-4.153288928,NA,NA,-2.527915643,-2.237302444
sp|Q9DBS2|TPRGL_MOUSE@T16,Q9DBS2,T16,-0.653273741,-0.64150915,NA,NA,NA,NA,NA,NA,NA,NA
sp|O54799|NMBR_MOUSE@S352,O54799,S352,NA,NA,NA,NA,NA,NA,NA,NA,NA,NA
sp|Q8VBW1|SC6A8_MOUSE@T617,Q8VBW1,T617,-0.133412321,0.340348945,NA,NA,NA,NA,NA,NA,-0.714210373,-0.87528578
sp|Q8VBW1|SC6A8_MOUSE@T618,Q8VBW1,T618,-0.469996975,0.616004226,NA,NA,NA,NA,NA,NA,-0.402692254,-1.211870434
sp|Q8VBW1|SC6A8_MOUSE@T620,Q8VBW1,T620,-0.468151961,0.647477236,NA,NA,NA,NA,NA,NA,-0.393595169,-1.21002542
sp|F8VPU2|FARP1_MOUSE@S875,F8VPU2,S875,NA,NA,NA,NA,NA,NA,NA,NA,-1.484446305,NA
sp|P20917|MAG_MOUSE@T543,P20917,T543,-0.174599511,NA,NA,NA,NA,NA,NA,NA,NA,-0.890555468
sp|Q9DBS2|TPRGL_MOUSE@S14,Q9DBS2,S14,-0.653273741,-0.64150915,NA,NA,NA,NA,NA,NA,NA,NA
sp|Q9JM52|MINK1_MOUSE@S745,Q9JM52,S745,NA,-1.235640675,NA,NA,NA,NA,NA,NA,NA,NA
sp|Q9JM52|MINK1_MOUSE@S746,Q9JM52,S746,NA,-1.387563542,NA,NA,NA,NA,NA,NA,NA,NA
sp|G5E8K5|ANK3_MOUSE@S1883,G5E8K5,S1883,NA,-0.704125747333333,NA,NA,NA,NA,-0.151066549333333,NA,NA,-0.872212340333333
sp|Q3UHE1|PITM3_MOUSE@S495,Q3UHE1,S495,0.464835786,-0.0121757226666666,-0.255126565041667,0.0133693636583334,0.178376552258333,NA,0.231542093083333,NA,0.164160347666667,0.0748809733333333
sp|Q62261|SPTB2_MOUSE@T2194,Q62261,T2194,-0.178714577,-0.57292326625,NA,-0.30214103775,NA,NA,-1.13732317475,NA,NA,-0.862598751
sp|Q04690|NF1_MOUSE@T2516,Q04690,T2516,-0.06080461675,-0.8173121785,NA,NA,0.07072168,NA,NA,NA,NA,-0.19576736225
sp|Q04690|NF1_MOUSE@S2517,Q04690,S2517,-0.0614955745,-0.818694094,NA,NA,0.07072168,NA,NA,NA,NA,-0.1978402355
sp|P59281|RHG39_MOUSE@S402,P59281,S402,0.0629385095,-1.024569367,0,0.309988005,0.025387033,NA,NA,NA,0.9405261935,0.918399607
sp|P59281|RHG39_MOUSE@S403,P59281,S403,0.05131559,-1.096337517,-0.056419418,0.291582229,0.00589004099999996,NA,NA,NA,0.920654502,0.895768106
sp|P14873|MAP1B_MOUSE@S1255,P14873,S1255,-0.168456697,NA,NA,NA,NA,NA,NA,NA,NA,-1.287267059
sp|P14873|MAP1B_MOUSE@S1257,P14873,S1257,0.482747311,NA,NA,NA,NA,NA,NA,NA,NA,-1.096040147
sp|Q80W04|TMCC2_MOUSE@T463,Q80W04,T463,-0.858849938,NA,NA,NA,-2.72047442,NA,NA,NA,-1.81543412,-2.152412993
sp|Q80W04|TMCC2_MOUSE@S461,Q80W04,S461,0.806594950666667,-1.09906816891667,NA,NA,-0.49778010425,NA,NA,0.45680811375,-1.15211855308333,0.00671389266666667
sp|Q8K0U4|HS12A_MOUSE@T629,Q8K0U4,T629,NA,-1.038539595,NA,NA,NA,NA,NA,NA,-0.497929491,NA
sp|P63024|VAMP3_MOUSE@T66,P63024,T66,0.416642343,-0.3683911,NA,NA,NA,NA,NA,NA,-0.624064352,0.390052835
sp|P63024|VAMP3_MOUSE@S67,P63024,S67,0.415721066,-0.369312377,NA,NA,NA,NA,NA,NA,-0.624985629,0.389131558
sp|Q9Z204|HNRPC_MOUSE@S231,Q9Z204,S231,0.197964547533333,-0.701068583466667,NA,NA,NA,NA,NA,NA,NA,-1.10217012466667
sp|Q9Z204|HNRPC_MOUSE@S232,Q9Z204,S232,0.1973442022,-0.700513082466667,NA,NA,NA,NA,NA,NA,NA,-1.10080281833333
sp|Q80W04|TMCC2_MOUSE@S459,Q80W04,S459,-0.809941811,NA,NA,NA,-1.592820844,NA,NA,-0.114795873,NA,-0.752787883
sp|Q8K0U4|HS12A_MOUSE@S631,Q8K0U4,S631,NA,-1.038067808,NA,NA,NA,NA,NA,NA,-0.493191208,NA
sp|P19246|NFH_MOUSE@S416,P19246,S416,NA,NA,NA,NA,NA,NA,NA,NA,NA,-1.395260674
sp|O35526|STX1A_MOUSE@S14,O35526,S14,-2.51324569045238,1.84624767233333,2.24654563166667,NA,3.610993626,1.94345976033333,NA,1.54208259666667,4.809728604,6.28265936433333
sp|P26231|CTNA1_MOUSE@T654; sp|P26231|CTNA1_MOUSE@T658,P26231,T654,NA,NA,NA,NA,NA,NA,NA,NA,NA,NA
sp|P61264|STX1B_MOUSE@S14,P61264,S14,7.6999438,7.23765380833333,4.28102570733333,1.83280098504167,4.39738366166667,3.43284493366667,-0.355106564520833,2.389865187,5.638575861,6.94011680833333
sp|P53986|MOT1_MOUSE@T462,P53986,T462,0.358264727,0.071891051,NA,NA,NA,NA,0.174930935,NA,-0.389890497,0.45120953
sp|P53986|MOT1_MOUSE@S461,P53986,S461,0.358264727,0.071891051,NA,NA,NA,NA,0.174930935,NA,-0.389890497,0.45120953
sp|Q8BW86|ARG33_MOUSE@S148,Q8BW86,S148,-0.530317503,0.189110044,NA,NA,NA,NA,NA,NA,NA,-0.777123648
sp|Q8BW86|ARG33_MOUSE@T145,Q8BW86,T145,-0.531672679,0.189110044,NA,NA,NA,NA,NA,NA,NA,-0.778935198
sp|Q80U49|C170B_MOUSE@S1338,Q80U49,S1338,-1.390696014,NA,NA,NA,NA,-0.176080291,NA,NA,NA,NA
sp|Q8BUK6|HOOK3_MOUSE@S238,Q8BUK6,S238,-1.754325227,-1.035180772,NA,NA,NA,NA,NA,NA,NA,NA
sp|Q80WJ7|LYRIC_MOUSE@S423,Q80WJ7,S423,-1.018158531,NA,NA,NA,NA,NA,-1.485379681,NA,-0.337933795,0.123908341
sp|P14733|LMNB1_MOUSE@T21,P14733,T21,NA,NA,NA,NA,NA,NA,NA,NA,NA,-0.8212445815
sp|Q9QWI6|SRCN1_MOUSE@S1054,Q9QWI6,S1054,1.61105590433333,0.707106881666667,-0.229194473908333,NA,-0.233281721208333,NA,-0.0410776369083334,NA,0.337836055333333,3.43480439333333
sp|Q80U49|C170B_MOUSE@S1341,Q80U49,S1341,-1.060940851,NA,NA,NA,NA,-0.285041396,NA,NA,NA,NA
sp|Q8VDN2|AT1A1_MOUSE@S16,Q8VDN2,S16,-0.869406437166667,0.465956978583333,NA,NA,NA,-0.367290969416667,NA,NA,-0.905843895666667,-0.118676605666667
sp|Q80U49|C170B_MOUSE@S360,Q80U49,S360,NA,NA,NA,NA,NA,NA,NA,NA,NA,NA
sp|P35564|CALX_MOUSE@S582,P35564,S582,-0.2944011798,-0.961993462133333,NA,NA,NA,NA,NA,NA,-1.25376365786667,-0.151060977666667
sp|Q60720|CY561_MOUSE@S248,Q60720,S248,-2.0046636945,NA,-1.9319511565,NA,NA,NA,NA,NA,-0.790029505,-1.380184762
sp|P20357|MTAP2_MOUSE@S1352; sp|P20357|MTAP2_MOUSE@T1358,P20357,S1352,0.602124357,-0.345381606,NA,NA,NA,NA,NA,NA,-1.625240963,-2.280647205
sp|Q61361|PGCB_MOUSE@S587,Q61361,S587,3.381801743,2.872958721,0.861032652,2.136700735,0.984082013,0.156491634,0.607136226,-0.577687364,1.044759098,1.515184309
sp|Q7TQG1|PKHA6_MOUSE@S336,Q7TQG1,S336,-1.299767818,NA,NA,NA,NA,NA,NA,NA,NA,NA
sp|Q7TSJ2|MAP6_MOUSE@S86,Q7TSJ2,S86,NA,NA,NA,NA,NA,NA,NA,NA,NA,-1.188284009
sp|P06837|NEUM_MOUSE@T95,P06837,T95,2.58295155233333,3.58280339433333,2.99906623333333,NA,1.54718019766667,NA,1.28620952438889,0.978532440388888,2.91742180433333,3.52614279333333
sp|P39447|ZO1_MOUSE@S622,P39447,S622,0.682848148333333,0.370858545,NA,NA,0.700270465333334,NA,0.0369098190000001,NA,-0.398828489333334,0.706885947666667
sp|P26645|MARCS_MOUSE@S74,P26645,S74,-0.662272146333333,-0.171602389333333,-0.827632100333334,NA,NA,NA,NA,NA,NA,-0.185265895333333
sp|P26645|MARCS_MOUSE@S76,P26645,S76,-0.576903554,0.80938201,NA,NA,NA,NA,NA,NA,-0.199503389,1.30699447
sp|E9Q7G0|NUMA1_MOUSE@S1739,E9Q7G0,S1739,-0.790310171666667,NA,NA,NA,NA,NA,NA,NA,NA,-0.739241338666667
sp|Q80U49|C170B_MOUSE@S362,Q80U49,S362,NA,NA,NA,NA,NA,NA,NA,NA,NA,NA
sp|Q68FM6|PPR29_MOUSE@S622,Q68FM6,S622,-2.242300153,NA,NA,NA,NA,NA,NA,NA,NA,-1.729276784
sp|Q7TPB0|PLPR3_MOUSE@S641,Q7TPB0,S641,NA,NA,NA,NA,NA,NA,NA,NA,NA,NA
sp|Q9WV69|DEMA_MOUSE@S372,Q9WV69,S372,NA,NA,NA,NA,NA,NA,NA,NA,NA,NA
sp|Q9WV69|DEMA_MOUSE@T10,Q9WV69,T10,1.12124139966667,-0.707957907,NA,NA,NA,NA,NA,NA,-0.363136624666667,0.507679686666667
sp|E9Q401|RYR2_MOUSE@T1864,E9Q401,T1864,-1.997253418,-1.241178348,NA,NA,NA,NA,NA,NA,NA,NA
sp|Q6PIE5|AT1A2_MOUSE@S10,Q6PIE5,S10,-0.207462283,NA,NA,NA,NA,NA,NA,NA,-0.111756007,-0.068242958
sp|Q6PIE5|AT1A2_MOUSE@Y9,Q6PIE5,Y9,-0.205141299,NA,NA,NA,NA,NA,NA,NA,-0.096025503,-0.065365911
sp|Q8C8R3|ANK2_MOUSE@Y3363,Q8C8R3,Y3363,-1.058577907,NA,NA,NA,NA,NA,NA,NA,-1.611028535,-0.545861471
sp|Q99JF8|PSIP1_MOUSE@S106,Q99JF8,S106,0.802512626333333,1.354159545,-1.27822358779167,NA,-0.505209251375,-0.466889133375,-0.0911481217916665,NA,0.409675429333333,0.425948300666667
sp|Q99JF8|PSIP1_MOUSE@S105,Q99JF8,S105,-0.5877486865,0.9277209145,-2.1608874925,NA,-0.9091198435,-0.8344421405,-0.0821307545000001,NA,-0.3453217955,0.3903734525
sp|P60469|LIPA3_MOUSE@T714,P60469,T714,-0.120552866666667,-0.520834373722222,-2.20240983384722,NA,NA,NA,NA,NA,-0.288126108666667,0.672282151666667
sp|Q62433|NDRG1_MOUSE@S336,Q62433,S336,-1.02424425933333,-0.684218078,NA,NA,NA,NA,NA,NA,NA,-1.09490522666667
sp|B2RUJ5|APBA1_MOUSE@S317,B2RUJ5,S317,-0.370170947,-1.571833347,NA,NA,-1.079334106,-0.156752508,NA,NA,NA,-1.765427623
sp|P26231|CTNA1_MOUSE@S655,P26231,S655,-0.855525105,NA,NA,NA,NA,NA,NA,NA,NA,-1.505564574
sp|P26231|CTNA1_MOUSE@T654,P26231,T654,-0.831815836,NA,NA,NA,NA,NA,NA,NA,NA,-1.505564574
sp|Q01098|NMDE3_MOUSE@S912,Q01098,S912,-1.08323425,NA,NA,NA,NA,NA,NA,NA,NA,NA
sp|Q03517|SCG2_MOUSE@S270,Q03517,S270,NA,NA,NA,NA,NA,NA,NA,NA,NA,-1.181644486
sp|Q61290|CAC1E_MOUSE@S737,Q61290,S737,0.748463439666667,-0.248881652666667,NA,NA,NA,NA,NA,NA,-0.370697142333333,-0.0300956213333333
sp|Q6R891|NEB2_MOUSE@S382,Q6R891,S382,NA,NA,NA,NA,NA,NA,-1.911234709,NA,NA,-1.007458301
sp|Q80U49|C170B_MOUSE@T358,Q80U49,T358,NA,NA,NA,NA,NA,NA,NA,NA,NA,NA
sp|O35691|PININ_MOUSE@S346,O35691,S346,-1.550206515,NA,NA,NA,NA,NA,NA,NA,NA,NA
sp|Q8BUV3|GEPH_MOUSE@S270,Q8BUV3,S270,-0.143560152,-1.564048865,NA,NA,NA,NA,NA,NA,NA,-2.372770885
sp|Q8BUV3|GEPH_MOUSE@S268,Q8BUV3,S268,-0.143560152,-1.564048865,NA,NA,NA,NA,NA,NA,NA,-2.372770885
sp|P20357|MTAP2_MOUSE@T1623,P20357,T1623,-1.417278824,-0.670837662,NA,NA,NA,NA,NA,NA,NA,NA
sp|P20357|MTAP2_MOUSE@T1620,P20357,T1620,-0.16755271,NA,NA,NA,-0.359076633,-0.00954061000000017,NA,NA,NA,-0.049206031
sp|Q9CY58|SERB1_MOUSE@S234,Q9CY58,S234,NA,NA,NA,NA,NA,NA,NA,NA,-1.53506079,NA
sp|P26645|MARCS_MOUSE@S138,P26645,S138,1.46579239266667,1.02794933391667,0.126549651416667,-1.38151963514583,-0.067780655583333,-1.98528947014583,0.291539064916667,-0.969100545083333,0.0716541189166671,1.37779683066667
sp|P26645|MARCS_MOUSE@S113,P26645,S113,-1.03333383866667,-1.62718296766667,NA,NA,-2.08313680866667,NA,NA,-1.48740926966667,-0.0647114616666667,0.799247299333333
sp|P26645|MARCS_MOUSE@S112,P26645,S112,-1.03512993233333,-1.62767147308333,NA,NA,-2.08362531408333,NA,NA,-1.48789777508333,-0.0648955623333334,0.798454389166666
sp|P19246|NFH_MOUSE@S500,P19246,S500,2.762848454,2.54537239866667,0.22340435225,-0.893000626107143,-1.48116387625,NA,0.0347819402499998,NA,1.00318142466667,1.74788012466667
sp|Q99KY4|GAK_MOUSE@S809,Q99KY4,S809,-1.258321534,NA,NA,NA,NA,NA,NA,NA,NA,-1.650627964
sp|Q7TSF4|LR75A_MOUSE@S322,Q7TSF4,S322,-0.0296228716666667,-0.422585465666667,-0.938527971055556,NA,-0.905213673055556,NA,-0.107479520888889,NA,-0.761524906555556,-0.255386216333333
sp|Q8K019|BCLF1_MOUSE@S177,Q8K019,S177,NA,NA,NA,NA,-1.392427924,NA,NA,NA,NA,NA
sp|Q8BJ42|DLGP2_MOUSE@S811,Q8BJ42,S811,-1.52457580516667,-0.616034979916667,NA,NA,NA,NA,NA,NA,NA,-1.22493750166667
sp|P63216|GBG3_MOUSE@S12,P63216,S12,-2.302589404,NA,NA,NA,NA,NA,NA,NA,NA,NA
sp|Q62261|SPTB2_MOUSE@S2137,Q62261,S2137,0.16555512575,-2.0985580135,-1.632678227,NA,NA,NA,NA,NA,-0.2218286955,0.28109312725
sp|Q9Z2D6|MECP2_MOUSE@S78,Q9Z2D6,S78,2.75870240933333,1.168732986,-0.18917,NA,0.115977665266667,NA,0.0184680586666662,NA,0.85296143,1.604155016
sp|Q6ZWR6|SYNE1_MOUSE@S8308,Q6ZWR6,S8308,NA,NA,NA,NA,-1.444199689,NA,NA,NA,-0.982678281,-1.010060174
sp|Q99NE5|RIMS1_MOUSE@S927,Q99NE5,S927,-1.053783157,NA,NA,NA,NA,NA,NA,NA,NA,-1.2276151555
sp|O35607|BMPR2_MOUSE@S515,O35607,S515,-0.398966758666667,-0.904311929666667,NA,NA,NA,NA,NA,NA,-1.26141788066667,-1.08738054366667
sp|P19246|NFH_MOUSE@T499,P19246,T499,2.51723665366667,2.231965605,0.311271985166667,-0.971380123,-1.331932265,NA,0.145183049166667,NA,0.790223937666667,1.62369937433333
sp|P20357|MTAP2_MOUSE@S1352,P20357,S1352,-1.244289798,NA,NA,NA,NA,NA,NA,NA,-0.637563609,-1.484793704
sp|P35564|CALX_MOUSE@S563,P35564,S563,0.541068608333333,NA,NA,NA,NA,NA,NA,NA,-0.237017216,-0.216047261333333
sp|B9EKR1|PTPRZ_MOUSE@S645,B9EKR1,S645,-1.506595867,-0.987631796,NA,NA,NA,NA,NA,NA,-1.07498863,NA
sp|B9EKR1|PTPRZ_MOUSE@S647,B9EKR1,S647,-1.506595867,-0.987631796,NA,NA,NA,NA,NA,NA,-1.075022921,NA
sp|Q8C437|PEX5R_MOUSE@S202,Q8C437,S202,-1.023152034,-0.899359836,NA,NA,NA,NA,NA,NA,NA,NA
sp|O08539|BIN1_MOUSE@S304,O08539,S304,-1.26017657266667,NA,NA,NA,NA,NA,-1.32107442416667,NA,-0.118437393666666,0.518512758333333
sp|Q7TQG1|PKHA6_MOUSE@S864,Q7TQG1,S864,-0.764033279,NA,-1.354835096,NA,NA,NA,NA,NA,NA,-1.229591482
sp|Q99NE5|RIMS1_MOUSE@S1023,Q99NE5,S1023,1.10401804033333,0.505831082833333,-1.73545866329167,NA,-3.20077504329167,NA,-1.35887697329167,-1.50689966629167,-0.191861384666667,0.0900380223333334
sp|Q99NE5|RIMS1_MOUSE@T1025,Q99NE5,T1025,-0.119848841333333,-1.24918591883333,NA,NA,NA,NA,NA,NA,-0.979644333833333,-0.846175254333333
sp|Q8C8R3|ANK2_MOUSE@S2924,Q8C8R3,S2924,NA,NA,NA,NA,NA,NA,NA,NA,NA,NA
sp|Q8K4G5|ABLM1_MOUSE@S499,Q8K4G5,S499,-0.813148237333333,NA,NA,NA,NA,NA,NA,-0.469919796333333,NA,-1.37860898833333
sp|O35621|PMM1_MOUSE@S242,O35621,S242,-1.11082824,NA,NA,-0.084941551,NA,NA,NA,NA,NA,-0.467642262
sp|P26645|MARCS_MOUSE@S122,P26645,S122,-2.25855916645833,-1.23590240783333,-0.122580256208333,NA,-1.55441634633333,NA,NA,-1.16708189745833,0.713004110666667,1.51715396766667
sp|P26645|MARCS_MOUSE@S124,P26645,S124,-1.45425936875,-0.593970434875,0.749927229,NA,-0.719754474375,NA,NA,NA,1.350819048125,1.909370090125
sp|Q8BHL3|TB10B_MOUSE@T136,Q8BHL3,T136,2.00104148766667,1.32860001433333,-0.166795691653846,NA,-0.609000703230769,NA,-1.12760774309615,NA,0.142880203403846,1.574125447
sp|Q9QYX7|PCLO_MOUSE@S3616,Q9QYX7,S3616,2.243527754,1.9711167265,0.893712717,NA,0.5953752495,-0.0454512187499999,NA,NA,0.844893338,1.7895021665
sp|Q9WV69|DEMA_MOUSE@S11,Q9WV69,S11,1.20158583166667,-0.641006066333333,NA,NA,NA,NA,NA,NA,-0.353367655666667,0.538307470666667
sp|Q04690|NF1_MOUSE@T2566,Q04690,T2566,NA,NA,NA,NA,NA,-0.429501754,NA,NA,NA,NA
sp|Q04690|NF1_MOUSE@T2567,Q04690,T2567,NA,NA,NA,NA,NA,-0.584097769,NA,NA,NA,-1.52975811
sp|O70405|ULK1_MOUSE@S450,O70405,S450,-1.26475551,NA,NA,NA,NA,NA,-0.799764685,NA,NA,NA
sp|Q91WG5|AAKG2_MOUSE@S196,Q91WG5,S196,-1.03963041866667,-2.06372352141667,NA,NA,NA,NA,NA,NA,-1.29523672316667,-0.739985680416666
sp|P16054|KPCE_MOUSE@S337,P16054,S337,-1.149057763,NA,NA,NA,NA,NA,NA,NA,NA,NA
sp|Q91WG5|AAKG2_MOUSE@S195,Q91WG5,S195,-1.03920262966667,-2.06066259291667,NA,NA,NA,NA,NA,NA,-1.28954265516667,-0.736924751916667
sp|P16054|KPCE_MOUSE@S334,P16054,S334,-1.153898506,NA,NA,NA,NA,NA,NA,NA,NA,NA
sp|Q5DTL9|S4A10_MOUSE@S89,Q5DTL9,S89,-0.5951476865,-1.05588736575,NA,NA,NA,NA,NA,NA,-1.17931020075,-0.785824744
sp|Q8BNW9|KBTBB_MOUSE@S70,Q8BNW9,S70,-1.75174180633333,NA,NA,NA,NA,NA,NA,NA,NA,NA
sp|Q4VA53|PDS5B_MOUSE@S1356,Q4VA53,S1356,3.300824293,1.07161301466667,-1.20168152566667,1.11115626633333,0.0477552493333334,-0.160407672666667,NA,NA,0.145933771,1.12149813866667
sp|Q62261|SPTB2_MOUSE@S2127; sp|Q62261|SPTB2_MOUSE@S2137,Q62261,S2127,-1.173920958,NA,NA,NA,NA,NA,NA,NA,NA,-2.080176199
sp|P58871|TB182_MOUSE@T533,P58871,T533,-0.885269735,-2.141948046,NA,NA,NA,NA,NA,NA,NA,-2.744322501
sp|Q9D824|FIP1_MOUSE@S479,Q9D824,S479,NA,-0.682036927,NA,NA,NA,NA,NA,NA,-1.246553573,-1.675491443
sp|P11798|KCC2A_MOUSE@S333,P11798,S333,1.33877586077778,-0.653862666222222,-0.764856044097222,NA,3.91323141733333,2.77613261766667,1.87233907033333,1.02126085166667,3.53828601333333,5.15811340833333
sp|Q8R361|RFIP5_MOUSE@S307,Q8R361,S307,-1.996413677,NA,NA,NA,NA,NA,NA,NA,-0.497099672,NA
sp|Q8R361|RFIP5_MOUSE@Y306,Q8R361,Y306,-2.00662634,NA,NA,NA,NA,NA,NA,NA,-0.527204227,NA
sp|Q7TPW1|NEXN_MOUSE@S16,Q7TPW1,S16,-0.431017072666667,NA,NA,-0.134554490666667,NA,NA,NA,NA,NA,-1.08709941166667
sp|P23242|CXA1_MOUSE@S314,P23242,S314,0.610637307333333,0.0815728883333333,NA,NA,-1.19340349066667,NA,NA,NA,-0.736082351666667,1.24785952233333
sp|P83510|TNIK_MOUSE@S611,P83510,S611,0.171307825,NA,NA,NA,NA,NA,NA,NA,0.78568241,-0.450526139
sp|P70207|PLXA2_MOUSE@S1630,P70207,S1630,NA,NA,NA,NA,NA,NA,NA,NA,-0.177630974,NA
sp|P11798|KCC2A_MOUSE@T334,P11798,T334,1.33545307858333,-0.679916575416667,-0.849865322229167,NA,3.90533420566667,2.75494938233333,1.870975238,1.026470746,3.51471079633333,5.15675345166667
sp|P08551|NFL_MOUSE@S473,P08551,S473,6.46238450833333,6.36567419166667,3.76469658166667,NA,2.504328803,1.09754743462745,5.34911079,2.13184998996078,5.33673165033333,5.843142796
sp|Q62417|SRBS1_MOUSE@S58; sp|Q62417|SRBS1_MOUSE@S62,Q62417,S58,-2.276534847,NA,NA,NA,NA,NA,NA,NA,NA,-1.003852627
sp|P11798|KCC2A_MOUSE@S331,P11798,S331,1.33499571858333,-0.653662448416667,-0.768688144729167,NA,3.909233247,2.770302901,1.87297452666667,1.03520381633333,3.50899846266667,5.15640487933333
sp|Q6ZPJ0|TEX2_MOUSE@S269,Q6ZPJ0,S269,0.460689761,NA,NA,NA,NA,NA,NA,NA,NA,NA
sp|Q68FH0|PKP4_MOUSE@S328; sp|Q68FH0|PKP4_MOUSE@S334,Q68FH0,S328,0.872344381,-0.474529594,NA,NA,NA,NA,NA,-0.379049675,NA,0.575753291
sp|P19246|NFH_MOUSE@S965,P19246,S965,NA,-0.69378892,NA,NA,NA,NA,NA,NA,NA,-1.264550044
sp|Q9WV18|GABR1_MOUSE@T872,Q9WV18,T872,NA,NA,NA,NA,NA,NA,NA,NA,0.229747718,-1.582186173
sp|Q8BNN1|SPA2L_MOUSE@S329,Q8BNN1,S329,-0.769373902,-0.830865740333333,-1.833070824875,NA,-0.871948956,-0.485212145575,NA,NA,-0.222753517575,-0.153796052666667
sp|Q61290|CAC1E_MOUSE@S1099,Q61290,S1099,NA,-0.142226622,NA,NA,NA,NA,NA,NA,NA,NA
sp|Q62433|NDRG1_MOUSE@S330,Q62433,S330,-1.28545174,-0.536369336,NA,NA,NA,NA,NA,NA,NA,-1.294375646
sp|Q6PIC6|AT1A3_MOUSE@S212,Q6PIC6,S212,NA,NA,NA,NA,NA,NA,NA,NA,NA,-1.681358503
sp|Q69ZX8|ABLM3_MOUSE@S379,Q69ZX8,S379,NA,NA,-0.644900474,NA,NA,NA,NA,NA,NA,-1.150768438
sp|P14733|LMNB1_MOUSE@S24,P14733,S24,1.21451771333333,0.70306625575,-1.06564633975,NA,0.21813498725,-1.31395165125,NA,NA,0.21302050525,2.17529910166667
sp|O70310|NMT1_MOUSE@S47,O70310,S47,NA,NA,NA,NA,NA,NA,NA,NA,NA,-0.313467419
sp|Q99PV8|BC11B_MOUSE@S381,Q99PV8,S381,NA,NA,NA,NA,NA,NA,NA,NA,NA,NA
sp|Q62172|RBP1_MOUSE@S34,Q62172,S34,NA,0.205710649,NA,NA,NA,NA,NA,NA,-0.687811507,-0.728013545
sp|Q69Z89|RADIL_MOUSE@S235,Q69Z89,S235,-1.1524239235,-1.60986656025,NA,NA,NA,NA,NA,NA,-0.3420604975,-1.32419621175
sp|Q69Z89|RADIL_MOUSE@S234,Q69Z89,S234,-1.14789880483333,-1.62140909908333,NA,NA,NA,NA,NA,NA,-0.337535378833333,-1.32965459458333
sp|Q924W6|TRI66_MOUSE@S869,Q924W6,S869,-0.433141906,-1.125769376,NA,NA,NA,NA,-1.950033209,NA,NA,-1.482284479
sp|Q924W6|TRI66_MOUSE@S868,Q924W6,S868,-0.43260246625,-1.123282466,NA,NA,NA,NA,-1.9496735825,NA,NA,-1.48210466575
sp|P11798|KCC2A_MOUSE@S330,P11798,S330,1.23034577694444,-0.621171235055556,NA,NA,3.85882988533333,2.696812293,1.81731053333333,1.03472061433333,3.44757193366667,5.094308879
sp|Q6ZPJ0|TEX2_MOUSE@S265,Q6ZPJ0,S265,-1.011182842,NA,NA,NA,NA,NA,NA,NA,NA,NA
sp|Q6ZPJ0|TEX2_MOUSE@S264,Q6ZPJ0,S264,-1.023086181,NA,NA,NA,NA,NA,NA,NA,NA,NA
sp|Q6ZPJ0|TEX2_MOUSE@T268,Q6ZPJ0,T268,NA,NA,NA,NA,NA,NA,NA,NA,NA,NA
sp|Q8R4V2|DUS15_MOUSE@S179,Q8R4V2,S179,-0.813851677,NA,NA,NA,NA,NA,NA,NA,NA,0.35658214
sp|Q9CSN1|SNW1_MOUSE@S224; sp|Q9CSN1|SNW1_MOUSE@S232,Q9CSN1,S224,NA,-0.98716756,NA,NA,NA,NA,NA,NA,NA,-0.283107914
sp|Q6PDH0|PHLB1_MOUSE@S445,Q6PDH0,S445,NA,NA,NA,NA,NA,NA,NA,NA,NA,-1.316117853
sp|P26645|MARCS_MOUSE@S46,P26645,S46,NA,NA,NA,NA,NA,NA,NA,NA,NA,NA
sp|Q7TQK5|CCD93_MOUSE@S305,Q7TQK5,S305,NA,NA,NA,NA,NA,NA,NA,NA,NA,NA
sp|P28667|MRP_MOUSE@S22,P28667,S22,-0.822742531809524,-0.319633448666667,-1.33223694138095,NA,NA,NA,NA,NA,-0.0795168998095238,0.814399237333333
sp|Q2TBE6|P4K2A_MOUSE@S462,Q2TBE6,S462,-0.789010829,-1.759183187,NA,NA,-1.442715321,NA,NA,NA,-1.42933748,NA
sp|Q9QYX7|PCLO_MOUSE@S4323; sp|Q9QYX7|PCLO_MOUSE@S4325,Q9QYX7,S4323,NA,NA,NA,NA,NA,NA,NA,NA,NA,NA
sp|P35803|GPM6B_MOUSE@S318,P35803,S318,NA,-1.127723429,NA,NA,NA,NA,NA,NA,-1.334273782,NA
sp|P11499|HS90B_MOUSE@S226,P11499,S226,5.53621169766667,5.56116683566667,4.10868510466667,1.72229866466667,3.91822599433333,3.752731639,3.471840132,4.08424753,5.52634181833333,5.29433702033333
sp|P14873|MAP1B_MOUSE@S1247,P14873,S1247,NA,NA,NA,NA,NA,NA,NA,NA,NA,NA
sp|Q99NE5|RIMS1_MOUSE@S1023; sp|Q99NE5|RIMS1_MOUSE@S1027,Q99NE5,S1023,-0.470245684,NA,NA,NA,NA,NA,NA,NA,NA,-0.701404496
sp|Q9QYX7|PCLO_MOUSE@S3610,Q9QYX7,S3610,2.20952275433333,0.414571289333333,0.656771609666667,NA,2.00245971166667,1.04442117883333,NA,NA,1.946777748,2.813229677
sp|Q9Z351|KCNQ2_MOUSE@S448,Q9Z351,S448,NA,NA,NA,NA,NA,-0.435471671,NA,NA,-1.234337327,-0.165407192
sp|P30415|NKTR_MOUSE@S1139,P30415,S1139,-1.037901856,NA,NA,NA,NA,NA,NA,NA,NA,-1.269508383
sp|Q3TY60|F131B_MOUSE@S117,Q3TY60,S117,3.60663634033333,2.64740193633333,1.99152324666667,NA,1.79901471733333,0.522795893333333,NA,0.15162715597619,2.59909728766667,3.73925069666667
sp|Q9R1V6|ADA22_MOUSE@S860,Q9R1V6,S860,NA,NA,NA,NA,NA,NA,NA,NA,NA,NA
sp|P19246|NFH_MOUSE@S508,P19246,S508,-1.01053702566667,NA,NA,NA,NA,NA,NA,NA,NA,-1.13391496266667
sp|Q80YF9|RHG33_MOUSE@S663,Q80YF9,S663,-1.31565154673333,-0.7793838434,NA,NA,-1.1827531392,NA,NA,NA,-0.244581210533333,-1.61435528366667
sp|Q8BHE4|TM108_MOUSE@S538,Q8BHE4,S538,NA,NA,NA,NA,NA,NA,NA,NA,NA,NA
sp|Q9JM96|BORG4_MOUSE@S64,Q9JM96,S64,-1.6920853015,-1.544292801,NA,NA,NA,NA,NA,NA,NA,-1.2549401665
sp|O89084|PDE4A_MOUSE@S297,O89084,S297,-1.497815368,-0.434356418,NA,NA,NA,NA,NA,NA,NA,-1.628000954
sp|O89084|PDE4A_MOUSE@T299,O89084,T299,-1.497668117,NA,NA,NA,NA,NA,NA,NA,NA,-1.627853703
sp|Q3THK7|GUAA_MOUSE@S332,Q3THK7,S332,NA,NA,NA,NA,NA,NA,NA,NA,NA,-0.746344593
sp|Q76KF0|SEM6D_MOUSE@S734,Q76KF0,S734,-0.161889819,NA,NA,NA,NA,NA,NA,NA,NA,NA
sp|Q569Z6|TR150_MOUSE@S243,Q569Z6,S243,-1.348204898,NA,NA,NA,NA,NA,NA,NA,NA,NA
sp|P80560|PTPR2_MOUSE@S339,P80560,S339,-1.43853235066667,-0.499198289666667,NA,NA,NA,NA,NA,NA,NA,-0.743453339666667
sp|Q80YS6|AFAP1_MOUSE@S669,Q80YS6,S669,-1.317530357,NA,NA,NA,NA,NA,NA,NA,NA,-0.210822328
sp|Q62179|SEM4B_MOUSE@S780,Q62179,S780,NA,NA,NA,NA,NA,NA,NA,NA,NA,NA
sp|P80560|PTPR2_MOUSE@S342,P80560,S342,-1.319393224,-0.379050938,NA,NA,NA,NA,NA,NA,NA,-0.623305988
sp|Q52KI8|SRRM1_MOUSE@S461,Q52KI8,S461,NA,NA,NA,NA,NA,-1.926703246,NA,NA,NA,NA
sp|Q9QYG0|NDRG2_MOUSE@S332; sp|Q9QYG0|NDRG2_MOUSE@S335,Q9QYG0,S332,-2.149847076,NA,NA,NA,NA,NA,NA,NA,NA,NA
sp|Q9QYC0|ADDA_MOUSE@S355; sp|Q9QYC0|ADDA_MOUSE@S364,Q9QYC0,S355,NA,NA,NA,NA,NA,NA,NA,NA,NA,NA
sp|Q80T41|GABR2_MOUSE@S883,Q80T41,S883,-1.171357369,-0.598237637000001,NA,NA,NA,NA,NA,NA,-0.402710441,-2.065243468
sp|Q9ESK9|RBCC1_MOUSE@S646,Q9ESK9,S646,-0.103815767333333,-1.21650741233333,NA,NA,NA,NA,NA,NA,NA,-2.00051636533333
sp|P11881|ITPR1_MOUSE@S1588,P11881,S1588,NA,NA,NA,NA,NA,NA,NA,NA,NA,-1.197703391
sp|P31650|S6A11_MOUSE@S21,P31650,S21,-1.294043611,NA,NA,NA,NA,NA,NA,-0.670053609,NA,-1.628964595
sp|Q61361|PGCB_MOUSE@S546,Q61361,S546,NA,NA,NA,NA,NA,NA,NA,NA,NA,NA
sp|Q9Z1T1|AP3B1_MOUSE@S276,Q9Z1T1,S276,NA,NA,NA,NA,NA,NA,NA,NA,NA,NA
sp|Q61165|SL9A1_MOUSE@S790,Q61165,S790,-1.885408688,NA,NA,NA,NA,NA,NA,NA,NA,NA
sp|P22723|GBRG2_MOUSE@T395,P22723,T395,-1.142451315,NA,NA,NA,NA,NA,NA,NA,NA,-2.519687121
sp|Q9QYC0|ADDA_MOUSE@S465,Q9QYC0,S465,1.455409914,0.277700074333333,-1.344937689875,NA,-0.174145859375,-0.468989314875,NA,NA,1.22716121,1.95594562766667
sp|Q62504|MINT_MOUSE@S749,Q62504,S749,-2.093603448,NA,NA,NA,NA,NA,NA,NA,NA,NA
sp|P10637|TAU_MOUSE@S490,P10637,S490,-2.169740836,NA,NA,NA,NA,NA,-1.073989848,NA,-0.988040307,NA
sp|P10637|TAU_MOUSE@T497,P10637,T497,NA,NA,NA,NA,NA,NA,NA,NA,NA,NA
sp|P80560|PTPR2_MOUSE@S422,P80560,S422,-0.771250737166667,-0.770174080666667,NA,NA,NA,NA,NA,NA,NA,-1.73981325266667
sp|Q924S8|SPRE1_MOUSE@S239,Q924S8,S239,NA,NA,NA,NA,NA,NA,NA,NA,NA,NA
sp|P57776|EF1D_MOUSE@S133,P57776,S133,NA,NA,NA,NA,NA,NA,NA,NA,NA,NA
sp|Q8BHL3|TB10B_MOUSE@S22,Q8BHL3,S22,NA,NA,NA,NA,NA,NA,NA,NA,-0.989367281,NA
sp|P46097|SYT2_MOUSE@T125,P46097,T125,1.811994459,-1.891653801,NA,NA,NA,NA,NA,NA,NA,-0.301351533
sp|P46097|SYT2_MOUSE@T128,P46097,T128,1.54967594333333,-1.92993358116667,NA,NA,NA,NA,NA,NA,NA,-0.115592577666667
sp|B1AZP2|DLGP4_MOUSE@S405,B1AZP2,S405,-1.300904215,NA,NA,NA,NA,NA,NA,NA,NA,NA
sp|O55143|AT2A2_MOUSE@S661,O55143,S661,NA,NA,NA,NA,NA,NA,NA,NA,NA,NA
sp|Q9EQZ7|RIMS2_MOUSE@T1094,Q9EQZ7,T1094,NA,-0.807402337,NA,NA,NA,NA,NA,NA,NA,-2.559331967
sp|Q9EQZ7|RIMS2_MOUSE@S1095,Q9EQZ7,S1095,NA,-1.35165527266667,NA,NA,NA,NA,NA,NA,NA,-1.56779151366667
sp|P10637|TAU_MOUSE@S494,P10637,S494,NA,-1.2090479145,NA,NA,NA,NA,NA,NA,NA,NA
sp|P10637|TAU_MOUSE@S491,P10637,S491,-2.169740836,NA,NA,NA,NA,NA,-1.073989848,NA,-0.988040307,NA
sp|Q9Z0P4|PALM_MOUSE@S244,Q9Z0P4,S244,-1.364418204,NA,NA,NA,-1.038288131,-0.323564615,NA,NA,NA,NA
sp|Q9Z0P4|PALM_MOUSE@T242,Q9Z0P4,T242,-1.373696525,NA,NA,NA,-1.038288131,-0.323564615,NA,NA,NA,NA
sp|Q9JJG0|TACC2_MOUSE@S419,Q9JJG0,S419,NA,NA,NA,NA,NA,NA,NA,NA,-0.51989725,NA
sp|Q9Z0P4|PALM_MOUSE@S116; sp|Q9Z0P4|PALM_MOUSE@S122,Q9Z0P4,S116,-0.536310189,-1.268596855,NA,NA,-0.2365186335,NA,NA,NA,-0.0233722875000001,-0.0691722389999999
sp|P11499|HS90B_MOUSE@S255,P11499,S255,3.21365419566667,2.88208806333333,0.154608134,1.56653682561905,0.748222054666667,-0.472930754238095,1.555356575,NA,2.57376245466667,3.497795812
sp|Q9QXS6|DREB_MOUSE@S390,Q9QXS6,S390,NA,NA,-2.866353584,NA,NA,NA,NA,NA,NA,NA
sp|Q9QXS6|DREB_MOUSE@T391,Q9QXS6,T391,NA,NA,-2.866353584,NA,NA,NA,NA,NA,NA,NA
sp|Q9QXS6|DREB_MOUSE@S393,Q9QXS6,S393,NA,NA,-2.866353584,NA,NA,NA,NA,NA,NA,NA
sp|P48678|LMNA_MOUSE@T19,P48678,T19,NA,NA,NA,NA,NA,NA,NA,NA,NA,NA
sp|Q9QXS6|DREB_MOUSE@T394,Q9QXS6,T394,NA,NA,-2.866353584,NA,NA,NA,NA,NA,NA,NA
sp|P19246|NFH_MOUSE@S54,P19246,S54,-2.2588803775,-0.6679997335,NA,NA,NA,NA,NA,NA,-1.6905319855,-1.2775270185
sp|Q9QXS6|DREB_MOUSE@S389,Q9QXS6,S389,NA,NA,-2.866353584,NA,NA,NA,NA,NA,-1.347658361,NA
sp|P26231|CTNA1_MOUSE@T658,P26231,T658,-1.743072373,NA,NA,NA,NA,NA,NA,NA,NA,NA
sp|Q3TY60|F131B_MOUSE@S297,Q3TY60,S297,NA,NA,NA,NA,NA,NA,NA,NA,NA,NA
sp|Q64012|RALY_MOUSE@S270,Q64012,S270,-1.118027901,NA,NA,NA,NA,NA,NA,NA,NA,-1.534932183
sp|Q8R4H2|ARHGC_MOUSE@S341,Q8R4H2,S341,-1.615291207,NA,NA,NA,NA,NA,NA,NA,NA,-1.437597042
sp|Q9JLM8|DCLK1_MOUSE@S742,Q9JLM8,S742,NA,NA,NA,-0.123724325,NA,NA,NA,NA,NA,NA
sp|P07901|HS90A_MOUSE@S263,P07901,S263,0.025831863,NA,NA,NA,NA,NA,NA,NA,NA,0.891242613
sp|Q8BVE3|VATH_MOUSE@S483,Q8BVE3,S483,-1.930858236,0.435563067,NA,NA,NA,NA,NA,NA,0.173285492,NA
sp|O88737|BSN_MOUSE@S1407,O88737,S1407,NA,NA,NA,NA,NA,NA,NA,NA,NA,NA
sp|Q8C8R3|ANK2_MOUSE@S3764,Q8C8R3,S3764,0.615340530916667,-0.686825366,NA,NA,NA,NA,-0.408630064833334,NA,-0.613510822916666,-1.33027638766667
sp|P19246|NFH_MOUSE@S61,P19246,S61,NA,-1.250157315,NA,NA,NA,NA,NA,NA,-0.922306978,-0.949933118
sp|P19246|NFH_MOUSE@S63,P19246,S63,NA,-1.250157315,NA,NA,NA,NA,NA,NA,-0.922306978,-0.956243476
sp|D3YZU1|SHAN1_MOUSE@S543,D3YZU1,S543,-1.713027529,-1.560413821,NA,NA,NA,NA,NA,NA,NA,NA
sp|D3YZU1|SHAN1_MOUSE@S540,D3YZU1,S540,-1.724930868,-1.57231716,NA,NA,NA,NA,NA,NA,NA,NA
sp|Q80T41|GABR2_MOUSE@T774,Q80T41,T774,NA,NA,NA,NA,NA,NA,NA,NA,NA,NA
sp|Q80T41|GABR2_MOUSE@S775,Q80T41,S775,NA,NA,NA,NA,NA,NA,NA,NA,NA,NA
sp|Q8BUR4|DOCK1_MOUSE@T1857,Q8BUR4,T1857,-1.83381439,-1.9435901,NA,NA,NA,NA,NA,NA,NA,NA
sp|Q4KUS2|UN13A_MOUSE@T416,Q4KUS2,T416,4.124467475,1.8862704065,1.31989131,NA,3.282906609,1.1554976695,1.030252786625,0.6620850845,3.2221093105,4.463415123
sp|Q8BUR4|DOCK1_MOUSE@S1858,Q8BUR4,S1858,-1.83381439,-1.9435901,NA,NA,NA,NA,NA,NA,NA,NA
sp|P11881|ITPR1_MOUSE@S2685,P11881,S2685,NA,-1.119430425,NA,NA,NA,NA,NA,NA,NA,NA
sp|P80560|PTPR2_MOUSE@S423,P80560,S423,-0.771250737166667,-0.770174080666667,NA,NA,NA,NA,NA,NA,NA,-1.74461461866667
sp|Q9DCC8|TOM20_MOUSE@S138,Q9DCC8,S138,NA,NA,NA,NA,NA,NA,NA,NA,NA,NA
sp|Q8C996|TM163_MOUSE@S60,Q8C996,S60,-2.068932633,NA,NA,NA,NA,NA,NA,NA,NA,NA
sp|Q8C996|TM163_MOUSE@S56,Q8C996,S56,-1.923340692,NA,NA,NA,NA,-0.483841147,NA,NA,NA,NA
sp|Q61301|CTNA2_MOUSE@S640,Q61301,S640,NA,NA,NA,NA,NA,NA,NA,NA,NA,NA
sp|P55012|S12A2_MOUSE@S258,P55012,S258,NA,NA,NA,NA,NA,NA,NA,NA,NA,NA
sp|Q924N4|S12A6_MOUSE@S1032,Q924N4,S1032,NA,NA,NA,-0.415898152,NA,NA,NA,NA,NA,NA
sp|O54724|CAVN1_MOUSE@T40,O54724,T40,-0.46415409075,-2.4099985795,NA,NA,NA,NA,NA,NA,-2.9952494415,-1.45374520425
sp|Q6P5H6|FRMD5_MOUSE@T466,Q6P5H6,T466,NA,NA,NA,-0.465056814,NA,NA,NA,NA,NA,NA
sp|Q6P5H6|FRMD5_MOUSE@S465,Q6P5H6,S465,NA,NA,NA,-0.465056814,NA,NA,NA,NA,NA,NA
sp|Q14BI2|GRM2_MOUSE@S871,Q14BI2,S871,NA,NA,NA,NA,NA,NA,NA,NA,NA,NA
sp|P55012|S12A2_MOUSE@T259,P55012,T259,NA,NA,NA,NA,NA,NA,NA,NA,NA,NA
sp|Q80ZF8|AGRB3_MOUSE@S1220,Q80ZF8,S1220,NA,NA,NA,NA,NA,NA,NA,NA,NA,NA
sp|Q99NE5|RIMS1_MOUSE@S1051,Q99NE5,S1051,-1.3433854215,NA,NA,NA,NA,NA,NA,NA,NA,-2.0322594225
sp|Q9CPS8|SMAKA_MOUSE@S24,Q9CPS8,S24,NA,NA,NA,-0.182828888,NA,NA,NA,NA,-1.281010488,NA
sp|Q14B80|KCNC2_MOUSE@S557,Q14B80,S557,NA,NA,NA,NA,NA,NA,NA,NA,NA,NA
sp|Q8C996|TM163_MOUSE@S54,Q8C996,S54,NA,-1.151183877,NA,NA,NA,-0.501955168,NA,NA,NA,NA
sp|Q7TQG1|PKHA6_MOUSE@T908,Q7TQG1,T908,NA,NA,NA,NA,NA,NA,NA,NA,NA,NA
sp|Q8BGU5|CCNY_MOUSE@S324,Q8BGU5,S324,NA,NA,NA,NA,NA,NA,NA,NA,NA,NA
sp|Q9QYX7|PCLO_MOUSE@S1439,Q9QYX7,S1439,NA,NA,NA,NA,NA,NA,NA,NA,NA,NA
sp|Q65CL1|CTNA3_MOUSE@S637,Q65CL1,S637,NA,NA,NA,NA,NA,NA,NA,NA,NA,NA
sp|P14873|MAP1B_MOUSE@T936,P14873,T936,NA,NA,NA,NA,NA,NA,-0.266184269,NA,NA,NA
sp|P14873|MAP1B_MOUSE@S933,P14873,S933,NA,NA,NA,NA,NA,NA,-0.281882663,NA,NA,NA
sp|P14873|MAP1B_MOUSE@S934,P14873,S934,NA,NA,NA,NA,NA,NA,-0.266184269,NA,NA,NA
sp|E9PZ19|TUTLB_MOUSE@T845,E9PZ19,T845,NA,NA,NA,NA,NA,NA,NA,NA,NA,NA
sp|O88737|BSN_MOUSE@S1108; sp|O88737|BSN_MOUSE@S1114,O88737,S1108,2.02766109,0.925401443,0.38028933,0.622636665,0.703106706,NA,-1.234294783,NA,1.10633722,1.768376456
sp|Q9QXS6|DREB_MOUSE@S387,Q9QXS6,S387,-0.284051689,0.883284702000001,-0.314126591,NA,-0.912208382,-0.166093001,NA,NA,-1.900851001,-0.461451048999999
sp|P61807|SNN_MOUSE@S49,P61807,S49,NA,NA,NA,NA,NA,NA,NA,NA,NA,-1.350895894
sp|O88502|PDE8A_MOUSE@S18,O88502,S18,NA,NA,NA,NA,NA,NA,NA,NA,NA,NA
sp|O55143|AT2A2_MOUSE@S663,O55143,S663,NA,NA,-1.372804308,NA,NA,NA,NA,NA,NA,NA
sp|Q9QYR6|MAP1A_MOUSE@T633,Q9QYR6,T633,NA,NA,NA,NA,NA,NA,NA,NA,NA,NA
sp|P26231|CTNA1_MOUSE@S641,P26231,S641,NA,NA,NA,NA,NA,NA,NA,NA,NA,NA
sp|Q8K2C9|HACD3_MOUSE@S114,Q8K2C9,S114,NA,NA,NA,NA,NA,NA,NA,NA,NA,NA
sp|Q68FL4|SAHH3_MOUSE@S109,Q68FL4,S109,-1.948132857,NA,NA,NA,NA,NA,NA,NA,NA,NA
sp|P10637|TAU_MOUSE@T58,P10637,T58,NA,NA,-1.130714543,NA,NA,NA,NA,NA,NA,NA
sp|Q9CQV4|RETR3_MOUSE@S320,Q9CQV4,S320,NA,NA,NA,NA,NA,NA,NA,NA,NA,NA
sp|Q3U214|MAST3_MOUSE@S1289,Q3U214,S1289,-2.357800013,NA,NA,NA,NA,NA,NA,NA,NA,NA
sp|Q80U22|RUSC2_MOUSE@S572,Q80U22,S572,NA,-1.827936635,NA,NA,NA,NA,NA,-0.558424772,NA,NA
sp|Q9Z351|KCNQ2_MOUSE@S483,Q9Z351,S483,NA,NA,NA,NA,NA,NA,NA,NA,NA,NA
sp|Q9QYS2|GRM3_MOUSE@S878,Q9QYS2,S878,NA,NA,NA,NA,NA,NA,NA,NA,NA,NA
sp|Q3UDP0|WDR41_MOUSE@S459,Q3UDP0,S459,NA,NA,NA,NA,NA,NA,NA,NA,NA,NA
sp|B2RUJ5|APBA1_MOUSE@T375,B2RUJ5,T375,-1.032653615,NA,NA,NA,NA,NA,NA,NA,NA,-0.652663407
sp|Q3UHB8|CC177_MOUSE@S231,Q3UHB8,S231,-2.50421238,NA,-1.298942391,NA,NA,NA,NA,NA,NA,NA
sp|Q52KI8|SRRM1_MOUSE@S714,Q52KI8,S714,-0.170020753666667,-0.925600577666667,NA,NA,-0.717027568666667,NA,-0.493922266666667,NA,-1.37600742766667,-0.618374252666667
sp|P97441|ZNT3_MOUSE@S63,P97441,S63,NA,NA,-1.33971993,NA,NA,NA,NA,NA,NA,-1.555410983
sp|P48678|LMNA_MOUSE@S392,P48678,S392,0.583899637,-0.34235992,NA,NA,NA,NA,NA,NA,-0.471231378,1.410281786
sp|P97441|ZNT3_MOUSE@S66,P97441,S66,NA,NA,-1.33971993,NA,NA,NA,NA,NA,NA,-1.550706428
sp|Q52KI8|SRRM1_MOUSE@S387; sp|Q52KI8|SRRM1_MOUSE@S389,Q52KI8,S387,NA,NA,NA,NA,NA,NA,NA,NA,NA,NA
sp|P20357|MTAP2_MOUSE@T1358,P20357,T1358,0.118732701,-0.960804594,NA,NA,NA,NA,NA,NA,-0.29922039,-1.406721372
sp|Q9JME5|AP3B2_MOUSE@S282,Q9JME5,S282,-1.68351359775,-1.50899611225,NA,NA,NA,NA,NA,NA,NA,NA
sp|O88485|DC1I1_MOUSE@S162,O88485,S162,NA,-0.941386354,NA,NA,NA,NA,NA,NA,NA,NA
sp|P30999|CTND1_MOUSE@S268,P30999,S268,-0.731499276,NA,NA,NA,NA,NA,NA,NA,-0.760782401,-2.188348438
sp|O88485|DC1I1_MOUSE@T159,O88485,T159,NA,-0.941386354,NA,NA,NA,NA,NA,NA,NA,NA
sp|Q9QWI6|SRCN1_MOUSE@S47,Q9QWI6,S47,-3.041956509,NA,NA,-0.747103315,NA,NA,NA,NA,NA,NA
sp|Q8CJ19|MICA3_MOUSE@S1154,Q8CJ19,S1154,-0.457733352,-0.515220777,NA,NA,NA,-0.660707686,NA,NA,-0.027599205,NA
sp|P62806|H4_MOUSE@T74,P62806,T74,NA,NA,NA,NA,NA,NA,NA,NA,NA,NA
sp|P62806|H4_MOUSE@Y73,P62806,Y73,NA,NA,NA,NA,NA,NA,NA,NA,NA,NA
sp|Q8K4G5|ABLM1_MOUSE@S502,Q8K4G5,S502,0.0330315076666667,-0.904277589166667,-2.04547417966667,NA,NA,NA,NA,NA,-0.923752326166667,-0.366547978
sp|Q9QWI6|SRCN1_MOUSE@S46,Q9QWI6,S46,NA,NA,NA,NA,NA,NA,NA,NA,NA,NA
sp|Q5XJV6|LMTK3_MOUSE@S232,Q5XJV6,S232,1.48611261055556,1.23524721166667,-0.488101609444445,NA,-0.739711191444445,-0.721034704944445,NA,NA,0.47878259,2.454656502
sp|A2AR02|PPIG_MOUSE@T356,A2AR02,T356,-1.209881553,-1.267420455,NA,NA,NA,NA,NA,NA,-1.173296237,NA
sp|Q99PV8|BC11B_MOUSE@T376; sp|Q99PV8|BC11B_MOUSE@S381,Q99PV8,T376,NA,NA,NA,NA,NA,NA,NA,NA,NA,NA
sp|Q99JP7|GGT7_MOUSE@S83,Q99JP7,S83,0.4075847765,NA,NA,NA,NA,NA,NA,NA,-1.3735564025,-1.3237683775
sp|P07901|HS90A_MOUSE@S231,P07901,S231,4.23063169533333,3.70053593966667,2.29325182466667,NA,2.22728331566667,0.23867071,2.47143207466667,0.85405185525,3.20920822833333,4.37239295066667
sp|Q9R1V6|ADA22_MOUSE@S855; sp|Q9R1V6|ADA22_MOUSE@S860,Q9R1V6,S855,NA,NA,NA,NA,NA,NA,NA,NA,NA,NA
sp|Q00PI9|HNRL2_MOUSE@S226,Q00PI9,S226,3.876761869,1.276165834,-1.17768260995833,-0.0252021364583339,-1.28176135345833,-0.621544541458333,0.155817634916667,NA,1.47658904666667,3.042050281
sp|Q80ZF8|AGRB3_MOUSE@S1411,Q80ZF8,S1411,-1.12297444933333,NA,-0.748052182333334,NA,NA,0.0445217366666665,NA,NA,NA,NA
sp|Q99NE5|RIMS1_MOUSE@S1111,Q99NE5,S1111,-1.010807139,NA,NA,NA,NA,NA,NA,NA,NA,-1.20886968
sp|Q99PV8|BC11B_MOUSE@S375; sp|Q99PV8|BC11B_MOUSE@S381,Q99PV8,S375,NA,NA,NA,NA,NA,NA,NA,NA,NA,NA
sp|Q8CJ19|MICA3_MOUSE@S1153,Q8CJ19,S1153,-0.457733352,-0.515220777,NA,NA,NA,-0.660707686,NA,NA,-0.027599205,NA
sp|Q9D6Z1|NOP56_MOUSE@S536,Q9D6Z1,S536,-1.2180122175,NA,NA,NA,-0.744943529,NA,NA,NA,NA,-1.8857480185
sp|Q8VDP4|CCAR2_MOUSE@S612,Q8VDP4,S612,NA,NA,NA,NA,NA,NA,NA,NA,NA,NA
sp|P70414|NAC1_MOUSE@S282,P70414,S282,NA,-1.437077437,NA,NA,NA,NA,NA,NA,NA,-1.152964316
sp|Q6PCN3|TTBK1_MOUSE@S441,Q6PCN3,S441,-0.357426102,-0.73738747,-1.000357876,NA,NA,NA,NA,NA,-1.032531329,-0.84855373
sp|P26645|MARCS_MOUSE@T79,P26645,T79,-1.024965979,-0.980813919,NA,NA,NA,NA,NA,NA,-0.800867702,0.239970019
sp|Q9QYR6|MAP1A_MOUSE@S667,Q9QYR6,S667,-0.158367959,-1.84436234,NA,NA,NA,NA,NA,NA,NA,-2.121696251
sp|Q68FE2|ATG9A_MOUSE@S675,Q68FE2,S675,-0.592207675,-1.1040502255,NA,NA,-0.486161414,NA,NA,NA,-0.865616177,0.1629107525
sp|Q761V0|SC6A5_MOUSE@S58,Q761V0,S58,-0.195754744333333,-0.472549548,NA,NA,NA,NA,NA,NA,-0.6462202825,0.483793918333333
sp|Q761V0|SC6A5_MOUSE@T59,Q761V0,T59,-0.77424380575,-0.881007022,NA,NA,NA,NA,NA,NA,-1.0565279515,0.24166764175
sp|A2A690|TANC2_MOUSE@S1549,A2A690,S1549,-1.461871809,NA,NA,NA,NA,NA,NA,NA,NA,-1.600873676
sp|Q9QYX7|PCLO_MOUSE@S1378,Q9QYX7,S1378,0.316472887,0.0397582649999999,NA,NA,NA,NA,-0.388377707,-0.0263085100000001,NA,1.428499093
sp|Q91XV3|BASP1_MOUSE@S192,Q91XV3,S192,NA,NA,NA,NA,NA,NA,NA,NA,NA,-1.699107538
sp|Q52KI8|SRRM1_MOUSE@S713,Q52KI8,S713,-0.32547155,-0.635343658,NA,NA,-1.303191249,NA,-1.048333231,NA,-1.137236339,-1.571745385
sp|Q3UNH4|GRIN1_MOUSE@S693,Q3UNH4,S693,-0.615935295333333,-0.796968329666667,-1.4132066865,NA,NA,-0.240370418,NA,NA,NA,-0.649828577
sp|Q8R1A4|DOCK7_MOUSE@S900,Q8R1A4,S900,-1.209279667,NA,NA,NA,NA,NA,NA,NA,NA,NA
sp|Q8R1A4|DOCK7_MOUSE@S905,Q8R1A4,S905,-2.042688257,NA,NA,NA,NA,NA,NA,NA,NA,NA
sp|Q7TN99|CPEB3_MOUSE@S197,Q7TN99,S197,-0.0968658866666667,-1.445684152,NA,NA,-1.538958558875,NA,-1.401677009875,NA,-0.8835290915,-0.192748946333333
sp|Q8VD37|SGIP1_MOUSE@S169,Q8VD37,S169,-2.518422339,NA,NA,NA,NA,NA,NA,NA,NA,NA
sp|Q8R1A4|DOCK7_MOUSE@T907,Q8R1A4,T907,NA,NA,NA,NA,NA,NA,NA,NA,NA,NA
sp|Q62261|SPTB2_MOUSE@S2168,Q62261,S2168,1.23869116033333,1.210272992,NA,-1.647479945,NA,NA,-0.012798668,NA,0.316273919,1.67146513466667
sp|Q8C0T5|SI1L1_MOUSE@S1564,Q8C0T5,S1564,-0.41331390425,NA,NA,NA,NA,NA,NA,NA,-0.9139431575,-0.17356890375
sp|Q9WTR1|TRPV2_MOUSE@S15,Q9WTR1,S15,NA,NA,NA,NA,NA,NA,NA,NA,NA,NA
sp|Q9WTR1|TRPV2_MOUSE@T14,Q9WTR1,T14,NA,NA,NA,NA,NA,NA,NA,NA,NA,NA
sp|Q9R020|ZRAB2_MOUSE@S188,Q9R020,S188,-0.529124865,NA,NA,NA,NA,NA,NA,NA,NA,-0.693752299
sp|A2AP18|PLCH2_MOUSE@S676,A2AP18,S676,NA,NA,NA,NA,NA,NA,NA,NA,NA,NA
sp|Q9JIS5|SV2A_MOUSE@S127,Q9JIS5,S127,-0.1617431105,-0.586442599,-1.2578245525,NA,-1.4954087585,NA,NA,NA,-0.542308534375,0.435585084625
sp|Q80TS7|DEND_MOUSE@S77,Q80TS7,S77,NA,NA,NA,NA,NA,NA,NA,NA,NA,NA
sp|P11881|ITPR1_MOUSE@S2684,P11881,S2684,NA,-1.120406826,NA,NA,NA,NA,NA,NA,NA,NA
sp|P11881|ITPR1_MOUSE@S2687,P11881,S2687,NA,-1.119430425,NA,NA,NA,NA,NA,NA,NA,NA
sp|Q91X56|S1PR5_MOUSE@S342,Q91X56,S342,-1.4046560495,NA,NA,NA,-0.797974541,-0.09197409,NA,NA,NA,NA
sp|B2RUJ5|APBA1_MOUSE@S289,B2RUJ5,S289,-1.4505471145,-0.355845118,NA,NA,NA,NA,NA,NA,NA,-2.1369757175
sp|Q3UYC0|PPM1H_MOUSE@S220,Q3UYC0,S220,NA,NA,NA,NA,NA,NA,NA,NA,-1.351529067,-1.892753871
sp|Q80X80|C2C2L_MOUSE@S613,Q80X80,S613,NA,NA,NA,NA,NA,NA,-1.149486832,NA,-1.130547462,NA
sp|Q80TZ3|AUXI_MOUSE@S595,Q80TZ3,S595,-0.948907850166667,-1.11625221016667,NA,NA,NA,NA,NA,NA,NA,-0.671179620666667
sp|Q80TV8|CLAP1_MOUSE@S1088,Q80TV8,S1088,0.5136708205,NA,NA,NA,NA,NA,NA,NA,0.00304917149999997,0.4675957025
sp|Q8VD37|SGIP1_MOUSE@S170,Q8VD37,S170,-2.518422339,NA,NA,NA,NA,NA,NA,NA,NA,NA
sp|Q64012|RALY_MOUSE@T274,Q64012,T274,-1.46542378,NA,NA,NA,-1.191651109,NA,NA,NA,NA,-1.29366489
sp|P28667|MRP_MOUSE@T148,P28667,T148,-3.053358396,NA,NA,NA,NA,NA,NA,NA,NA,-0.88827093
sp|Q9D6W8|BORC6_MOUSE@S43,Q9D6W8,S43,1.30360501933333,1.50224844733333,1.216735026,0.890319282,0.884858912,0.290559703,1.23992064733333,NA,1.64017394666667,2.12862364633333
sp|Q61097|KSR1_MOUSE@S392,Q61097,S392,-0.737387341,NA,NA,NA,NA,NA,NA,NA,NA,-0.7094267005
sp|Q9WV92|E41L3_MOUSE@T518,Q9WV92,T518,NA,NA,NA,NA,NA,NA,NA,NA,NA,NA
sp|Q91V14|S12A5_MOUSE@S963,Q91V14,S963,0.150286642,0.98328053,NA,NA,-2.58619404833333,-2.70209163633333,1.30197686033333,NA,-0.0983905133333338,0.552204525
sp|Q91V14|S12A5_MOUSE@S960,Q91V14,S960,-1.985971956,-0.773337249,NA,NA,NA,NA,NA,NA,NA,-0.00198077599999986
sp|Q60829|PPR1B_MOUSE@S192,Q60829,S192,NA,NA,NA,NA,NA,NA,NA,NA,NA,NA
sp|P97855|G3BP1_MOUSE@T230,P97855,T230,-1.19333675766667,NA,-0.946243868666667,NA,NA,NA,NA,NA,NA,-1.16611675766667
sp|P97855|G3BP1_MOUSE@S231,P97855,S231,-1.18894998166667,NA,-0.941857092666667,NA,NA,NA,NA,NA,NA,-1.16172998166667
sp|Q920R0|ALS2_MOUSE@S1329,Q920R0,S1329,NA,NA,NA,NA,NA,NA,NA,NA,NA,NA
sp|Q62261|SPTB2_MOUSE@S2164,Q62261,S2164,-0.0676367479999999,NA,NA,NA,0.0670790300000005,NA,NA,NA,NA,-1.971171006
sp|O35927|CTND2_MOUSE@S282,O35927,S282,-1.786329866,NA,-1.526459772,NA,NA,NA,NA,NA,NA,-1.401439605
sp|Q8BJI1|S6A17_MOUSE@S682,Q8BJI1,S682,-0.608770554333333,-1.66911053483333,NA,NA,NA,NA,NA,NA,-0.495793467833333,-1.05260326133333
sp|Q62261|SPTB2_MOUSE@S2164; sp|Q62261|SPTB2_MOUSE@S2168,Q62261,S2164,-2.31361843933333,-1.83005195533333,NA,NA,NA,NA,NA,NA,-1.40739243133333,-0.246231652333333
sp|P10637|TAU_MOUSE@S696,P10637,S696,-0.274313002,-0.539464884933333,-0.325944198133333,NA,NA,NA,NA,NA,NA,-0.678603557266667
sp|P10637|TAU_MOUSE@T695,P10637,T695,-0.277979407333333,-0.539757461933333,-0.294990358133333,NA,NA,NA,NA,NA,NA,-0.685700964933333
sp|P06837|NEUM_MOUSE@T88,P06837,T88,NA,NA,NA,NA,NA,NA,NA,NA,NA,NA
sp|P04370|MBP_MOUSE@T149,P04370,T149,-0.0631655886666667,0.0109711997238095,NA,NA,-0.224071112647619,NA,-1.07799359490476,NA,-1.046509782,-0.86360672967619
sp|P20357|MTAP2_MOUSE@S938,P20357,S938,NA,-1.826628016,NA,NA,NA,NA,NA,NA,NA,NA
sp|P48678|LMNA_MOUSE@S22,P48678,S22,NA,NA,NA,NA,NA,NA,NA,NA,1.264291946,-0.3957998
sp|P48678|LMNA_MOUSE@T24,P48678,T24,NA,NA,NA,NA,NA,NA,NA,NA,NA,NA
sp|B1AZA5|TM245_MOUSE@S329,B1AZA5,S329,-0.5718931265,NA,NA,NA,NA,NA,NA,NA,NA,NA
sp|O35737|HNRH1_MOUSE@S104,O35737,S104,0.525841934,0.218036342333333,-0.379595181,NA,-0.178450405,NA,NA,NA,0.445654712333333,0.619981774333333
sp|P35436|NMDE1_MOUSE@S1025,P35436,S1025,-1.702807397,NA,NA,NA,NA,NA,NA,NA,NA,-1.088087916
sp|O08539|BIN1_MOUSE@S298; sp|O08539|BIN1_MOUSE@S304,O08539,S298,-1.714557661,-1.142191461,NA,NA,NA,NA,NA,NA,NA,NA
sp|Q9R0N7|SYT7_MOUSE@S61,Q9R0N7,S61,-0.7243446755,NA,NA,NA,NA,NA,NA,NA,NA,-1.5737466805
sp|O88447|KLC1_MOUSE@S162,O88447,S162,NA,NA,NA,NA,NA,NA,NA,NA,NA,NA
sp|Q99KG3|RBM10_MOUSE@S723,Q99KG3,S723,-1.274922749,NA,NA,NA,NA,NA,NA,NA,-1.806997861,-1.288511027
sp|Q9D6Z1|NOP56_MOUSE@S536; sp|Q9D6Z1|NOP56_MOUSE@S543,Q9D6Z1,S536,NA,NA,NA,NA,NA,NA,NA,NA,NA,NA
sp|Q7TSJ2|MAP6_MOUSE@T634,Q7TSJ2,T634,0.541549268,0.856508529,NA,NA,NA,-0.554396922,NA,NA,NA,1.579951185
sp|B2RUJ5|APBA1_MOUSE@Y374,B2RUJ5,Y374,-1.274489617,NA,NA,NA,NA,NA,NA,NA,NA,NA
sp|Q8BXR5|NALCN_MOUSE@T784,Q8BXR5,T784,NA,NA,NA,NA,NA,NA,NA,NA,NA,NA
sp|Q64727|VINC_MOUSE@S290,Q64727,S290,NA,NA,NA,NA,NA,NA,NA,NA,NA,NA
sp|Q569Z6|TR150_MOUSE@S211,Q569Z6,S211,-1.202848668,NA,NA,NA,NA,NA,NA,NA,NA,-1.181956765
sp|Q6PIC6|AT1A3_MOUSE@T222,Q6PIC6,T222,-1.687622506,NA,NA,NA,NA,NA,NA,NA,NA,-1.643410749
sp|Q8C8R3|ANK2_MOUSE@S31,Q8C8R3,S31,NA,NA,NA,NA,NA,NA,NA,NA,-0.38519208,NA
sp|Q8BQZ4|RLGPB_MOUSE@S359,Q8BQZ4,S359,NA,-1.040322686,NA,NA,NA,NA,NA,NA,NA,-1.104327288
sp|Q91XV3|BASP1_MOUSE@T36,Q91XV3,T36,-2.219843955,-0.461082627,-0.45461668,NA,NA,NA,-0.092185783,NA,0.768054839,0.608238899
sp|P98200|AT8A2_MOUSE@S6,P98200,S6,-1.631891079,NA,NA,NA,NA,NA,NA,NA,NA,NA
sp|Q569Z6|TR150_MOUSE@T210,Q569Z6,T210,-1.202848668,NA,NA,NA,NA,NA,NA,NA,NA,-1.182684751
sp|Q80VC9|CAMP3_MOUSE@S334,Q80VC9,S334,-1.019893156,-1.516678682,NA,NA,NA,NA,NA,NA,NA,-1.301764997
sp|Q8BUV3|GEPH_MOUSE@T266,Q8BUV3,T266,-1.930063367,NA,NA,NA,NA,NA,NA,NA,NA,-3.405370623
sp|E9QAT4|SC16A_MOUSE@S2101,E9QAT4,S2101,NA,NA,NA,NA,NA,NA,NA,NA,NA,-0.609411117
sp|Q640R3|HECAM_MOUSE@S280,Q640R3,S280,1.26760639,-1.032732844,NA,NA,NA,NA,NA,NA,NA,NA
sp|O88703|HCN2_MOUSE@S764; sp|O88703|HCN2_MOUSE@S771,O88703,S764,-0.2464991595,NA,NA,NA,NA,NA,NA,NA,-1.174137516,-1.968355395
sp|P14873|MAP1B_MOUSE@T1202,P14873,T1202,0.6042424845,-1.181577434,NA,NA,NA,NA,-0.20312554775,NA,1.071615012,1.148563588
sp|A2A7S8|NHSL3_MOUSE@S402,A2A7S8,S402,NA,NA,NA,NA,NA,NA,NA,NA,NA,NA
sp|Q99P72|RTN4_MOUSE@S344,Q99P72,S344,NA,NA,NA,NA,NA,NA,NA,NA,NA,NA
sp|P14873|MAP1B_MOUSE@S1201,P14873,S1201,0.91508079675,-1.7795899685,NA,NA,NA,NA,0.152820776,NA,NA,1.45571952525
sp|Q04690|NF1_MOUSE@Y865,Q04690,Y865,0.137115988,-0.240624620583333,-1.25644616833333,NA,-2.05526551208333,NA,NA,NA,1.33951801716667,0.247389011333333
sp|Q3UNH4|GRIN1_MOUSE@S219,Q3UNH4,S219,-2.152098551,-0.750203939,NA,NA,NA,NA,NA,NA,NA,-0.398170268
sp|Q8C1B1|CAMP2_MOUSE@S439,Q8C1B1,S439,-1.803056226,NA,NA,NA,NA,NA,NA,NA,0.096063042,-0.720805888
sp|P14873|MAP1B_MOUSE@S1204,P14873,S1204,0.604770630166667,NA,NA,NA,NA,NA,-0.194558481083333,NA,1.07261309766667,1.14956167366667
sp|Q8BTI8|SRRM2_MOUSE@S1068,Q8BTI8,S1068,-0.754651899166667,-1.26961579391667,NA,NA,NA,NA,NA,NA,-2.23947486691667,1.03075860533333
sp|Q8C3Q5|SHSA7_MOUSE@S451,Q8C3Q5,S451,-1.577994684,-1.147753585,NA,NA,-1.613462272,NA,NA,NA,NA,NA
sp|B1AWN6|SCN2A_MOUSE@S468,B1AWN6,S468,-2.228010593,-1.074896731,NA,NA,NA,NA,NA,NA,NA,NA
sp|Q2PFD7|PSD3_MOUSE@S1003; sp|Q2PFD7|PSD3_MOUSE@S1009,Q2PFD7,S1003,NA,NA,NA,NA,NA,NA,NA,NA,NA,NA
sp|Q80TT8|CUL9_MOUSE@S2440,Q80TT8,S2440,-1.3704358315,-0.3101437715,NA,NA,NA,NA,NA,NA,NA,-0.8270442505
sp|Q9WTR6|XCT_MOUSE@S26,Q9WTR6,S26,-2.16944125866667,-1.43675972966667,NA,NA,NA,NA,NA,NA,NA,-1.11864813566667
sp|P63216|GBG3_MOUSE@T10,P63216,T10,-2.302589404,-0.526096184,NA,NA,NA,NA,NA,NA,NA,-1.411388084
sp|A2A5R2|BIG2_MOUSE@S355,A2A5R2,S355,-0.5909046215,-0.327613502,NA,NA,NA,NA,NA,NA,NA,-1.7578671035
sp|Q64012|RALY_MOUSE@T268,Q64012,T268,-1.118027901,NA,NA,NA,NA,NA,NA,NA,NA,-1.534932183
sp|A2A5R2|BIG2_MOUSE@S356,A2A5R2,S356,-0.593357513,-0.329549645,NA,NA,NA,NA,NA,NA,NA,-1.7592147475
sp|P63216|GBG3_MOUSE@S9,P63216,S9,-2.302589404,-0.518224604,NA,NA,NA,NA,NA,NA,NA,-1.410139547
sp|P08551|NFL_MOUSE@S532,P08551,S532,-0.132936843,-0.2211553005,NA,0.002176946,NA,NA,NA,NA,NA,NA
sp|Q99L43|CDS2_MOUSE@S20,Q99L43,S20,-0.666659059666667,NA,NA,NA,NA,NA,NA,NA,0.240892125,-0.0912730093333333
sp|Q62314|TGON2_MOUSE@S278,Q62314,S278,-0.984951626,-1.671587756,NA,NA,NA,NA,NA,NA,NA,NA
sp|Q62314|TGON2_MOUSE@S277,Q62314,S277,-0.984844066,-1.671587756,NA,NA,NA,NA,NA,NA,NA,NA
sp|Q62314|TGON2_MOUSE@S276,Q62314,S276,NA,NA,NA,NA,NA,NA,NA,NA,NA,NA
sp|P11798|KCC2A_MOUSE@T336,P11798,T336,-1.619416324,NA,NA,NA,NA,NA,NA,NA,-1.667193781,NA
sp|P11798|KCC2A_MOUSE@T337,P11798,T337,0.309543325,NA,NA,NA,1.39156945233333,-0.0969408745,0.0504016437000001,-0.2926791323,0.976644254,2.57775347866667
sp|Q2PFD7|PSD3_MOUSE@S1000; sp|Q2PFD7|PSD3_MOUSE@S1001,Q2PFD7,S1000,-1.40649332066667,NA,NA,NA,NA,NA,NA,NA,-1.05062670666667,-1.12042609366667
sp|Q80ZF8|AGRB3_MOUSE@S1410,Q80ZF8,S1410,-0.674082902,NA,-1.469951237,NA,NA,NA,NA,NA,NA,NA
sp|Q9QYR6|MAP1A_MOUSE@S2082,Q9QYR6,S2082,0.275307144333333,-0.481965489666667,NA,NA,NA,NA,NA,NA,-0.996270777666667,-0.302017612666667
sp|Q9DBS9|OSBL3_MOUSE@S405,Q9DBS9,S405,-1.396622334,-0.874801144,NA,NA,NA,NA,NA,NA,NA,NA
sp|O35927|CTND2_MOUSE@S264; sp|O35927|CTND2_MOUSE@S273,O35927,S264,-1.5013634695,-1.07420820625,NA,NA,NA,NA,NA,NA,-0.0855446382499998,0.490779388
sp|Q66L44|CBARP_MOUSE@S520,Q66L44,S520,0.0708202185000001,-0.41368360625,NA,NA,NA,NA,0.291834685,NA,NA,-0.42540532675
sp|Q62261|SPTB2_MOUSE@S2121,Q62261,S2121,NA,-1.422335213,NA,NA,NA,NA,NA,NA,NA,-0.731131375
sp|P43006|EAA2_MOUSE@S520,P43006,S520,-0.349570382,-1.845903116,NA,NA,NA,NA,NA,NA,NA,-0.024119528
sp|P60710|ACTB_MOUSE@T203,P60710,T203,NA,NA,NA,NA,NA,NA,NA,NA,NA,NA
sp|P60710|ACTB_MOUSE@T202,P60710,T202,NA,NA,NA,NA,NA,NA,NA,NA,NA,NA
sp|Q7TPB0|PLPR3_MOUSE@S320,Q7TPB0,S320,NA,NA,NA,0.059241578,NA,NA,NA,NA,NA,-2.287591176
sp|D3YZU1|SHAN1_MOUSE@T1518,D3YZU1,T1518,-1.065235195,NA,NA,NA,NA,NA,NA,NA,NA,NA
sp|D3YZU1|SHAN1_MOUSE@S1516,D3YZU1,S1516,NA,NA,NA,NA,NA,NA,NA,NA,NA,NA
sp|Q8CBW7|CHIC1_MOUSE@S80,Q8CBW7,S80,-2.351126379,-1.247654853,NA,NA,NA,-0.736488667,NA,NA,NA,NA
sp|D3YZU1|SHAN1_MOUSE@S1517,D3YZU1,S1517,-1.065235195,NA,NA,NA,NA,NA,NA,NA,NA,NA
sp|O70251|EF1B_MOUSE@S83,O70251,S83,NA,NA,NA,NA,NA,NA,NA,NA,NA,NA
sp|Q61165|SL9A1_MOUSE@S697,Q61165,S697,3.389385905,3.366637778,1.981569749,NA,0.947639595,NA,1.608628141,-0.488376141,2.175684765,2.831727709
sp|O70251|EF1B_MOUSE@S82,O70251,S82,NA,NA,NA,NA,NA,NA,NA,NA,NA,NA
sp|Q8C8R3|ANK2_MOUSE@S34,Q8C8R3,S34,NA,NA,NA,NA,NA,NA,NA,NA,-0.720380006,NA
sp|Q3UNH4|GRIN1_MOUSE@S714,Q3UNH4,S714,1.73466260216667,1.07537786516667,-0.52404158,NA,1.231556769,0.49483494,NA,NA,1.009977649,2.57317237266667
sp|Q52KI8|SRRM1_MOUSE@S220,Q52KI8,S220,2.6668273605,0.1010573555,NA,NA,NA,NA,-1.214823799625,NA,-0.442121682,2.0429966875
sp|Q99JP7|GGT7_MOUSE@S72,Q99JP7,S72,NA,NA,NA,NA,NA,NA,NA,NA,NA,-1.308339851
sp|Q99JP7|GGT7_MOUSE@S73,Q99JP7,S73,NA,NA,NA,NA,NA,NA,NA,NA,NA,-1.246518264
sp|Q62108|DLG4_MOUSE@S414,Q62108,S414,2.29389849033333,2.31535863616667,-0.146032768833333,NA,NA,NA,0.374031432833334,NA,1.41975197316667,1.29292117433333
sp|Q9JL04|FMN2_MOUSE@S493,Q9JL04,S493,-0.609045509,NA,NA,NA,NA,NA,NA,NA,NA,-1.231009492
sp|Q62318|TIF1B_MOUSE@S473,Q62318,S473,NA,NA,NA,NA,NA,NA,NA,NA,NA,NA
sp|P11798|KCC2A_MOUSE@T286,P11798,T286,0.821463938,NA,NA,NA,NA,NA,NA,NA,NA,0.611784913
sp|Q64337|SQSTM_MOUSE@T272,Q64337,T272,-1.15875622,-1.58804799,NA,NA,NA,NA,NA,NA,NA,NA
sp|O35737|HNRH1_MOUSE@T100,O35737,T100,NA,NA,NA,NA,NA,NA,NA,NA,NA,NA
sp|A2AAE1|BLTP1_MOUSE@S1355,A2AAE1,S1355,-0.574488307333333,NA,NA,NA,NA,NA,NA,NA,-0.323112823333333,-1.60957263433333
sp|Q3UGS4|MCRI1_MOUSE@T23,Q3UGS4,T23,0.688717609,0.218417304702898,-1.40756523089493,NA,NA,NA,-0.673252766384058,-1.16571217438406,-0.367029892394927,0.600231115666667
sp|Q8CH72|TRI32_MOUSE@S330,Q8CH72,S330,NA,NA,NA,NA,NA,NA,NA,NA,NA,NA
sp|Q923Z0|GPC5B_MOUSE@S355,Q923Z0,S355,-1.397059752,NA,NA,NA,NA,NA,NA,NA,NA,-1.907216798
sp|Q5XJV6|LMTK3_MOUSE@S947,Q5XJV6,S947,NA,NA,NA,NA,NA,NA,NA,NA,NA,0.198902113
sp|Q9D1T0|LIGO1_MOUSE@S601,Q9D1T0,S601,NA,NA,NA,NA,NA,NA,NA,NA,NA,NA
sp|Q9ER64|OSBL5_MOUSE@S746,Q9ER64,S746,0.155291947,0.272589686942857,-1.36197100768571,NA,NA,-1.32466326568571,-0.524184198685714,NA,-0.565571082657143,-0.311401625
sp|P28652|KCC2B_MOUSE@T287,P28652,T287,NA,NA,NA,NA,NA,NA,NA,NA,NA,NA
sp|P70399|TP53B_MOUSE@S268,P70399,S268,NA,NA,NA,NA,NA,NA,NA,NA,-0.967107452,-0.514198277
sp|Q80TT2|BAIP3_MOUSE@S78,Q80TT2,S78,NA,NA,NA,NA,NA,NA,NA,NA,NA,NA
sp|P70399|TP53B_MOUSE@S267,P70399,S267,NA,NA,NA,NA,NA,NA,NA,NA,-0.967107452,-0.514198277
sp|Q7TPH6|MYCB2_MOUSE@S1621,Q7TPH6,S1621,-2.445079062,NA,NA,NA,NA,NA,NA,NA,-1.065986965,NA
sp|Q7TPH6|MYCB2_MOUSE@T1622,Q7TPH6,T1622,-2.445079062,NA,NA,NA,NA,NA,NA,NA,-1.032429624,NA
sp|Q8C3W1|CA198_MOUSE@S176,Q8C3W1,S176,NA,-0.389438303,NA,NA,NA,NA,NA,NA,NA,NA
sp|Q9QYC0|ADDA_MOUSE@T610; sp|Q9QYC0|ADDA_MOUSE@S613,Q9QYC0,T610,-3.066830384,NA,NA,NA,NA,NA,NA,NA,NA,-0.321487558
sp|P16014|SCG1_MOUSE@S220,P16014,S220,NA,-1.560401334,NA,NA,NA,NA,NA,NA,NA,NA
sp|Q01063|PDE4D_MOUSE@S141,Q01063,S141,NA,NA,NA,NA,NA,NA,NA,NA,NA,-1.884445381
sp|O88703|HCN2_MOUSE@S119,O88703,S119,NA,NA,NA,NA,NA,NA,NA,NA,NA,NA
sp|P70302|STIM1_MOUSE@S257,P70302,S257,-0.1873095655,-0.0982035584999998,NA,NA,NA,NA,-0.6304155185,-2.1244128275,-0.7880998065,-0.7536459445
sp|A2AG58|BCLA3_MOUSE@S205,A2AG58,S205,NA,NA,NA,NA,NA,NA,NA,NA,NA,NA
sp|P59808|SASH1_MOUSE@S831,P59808,S831,-1.77892931,-0.507573675,NA,NA,NA,NA,NA,NA,NA,NA
sp|Q91XV3|BASP1_MOUSE@T31,Q91XV3,T31,NA,NA,NA,NA,NA,NA,NA,NA,NA,NA
sp|Q8C3W1|CA198_MOUSE@S175,Q8C3W1,S175,NA,-0.389438303,NA,NA,NA,NA,NA,NA,NA,NA
sp|Q9QYC0|ADDA_MOUSE@T610; sp|Q9QYC0|ADDA_MOUSE@T614,Q9QYC0,T610,-2.00944707566667,-1.76036392866667,NA,NA,NA,NA,NA,NA,-1.80335413366667,0.124362646333333
sp|Q5U4C3|SFR19_MOUSE@S676; sp|Q5U4C3|SFR19_MOUSE@S682,Q5U4C3,S676,NA,NA,NA,NA,NA,NA,NA,NA,NA,-1.3342868785
sp|P06837|NEUM_MOUSE@T89,P06837,T89,NA,NA,NA,NA,NA,NA,NA,NA,NA,NA
sp|Q61609|S20A1_MOUSE@S269,Q61609,S269,NA,NA,NA,NA,NA,NA,NA,NA,NA,NA
sp|Q80TM6|R3HD2_MOUSE@T363,Q80TM6,T363,-1.024571703,NA,NA,NA,NA,NA,NA,NA,NA,NA
sp|Q80TM6|R3HD2_MOUSE@S361,Q80TM6,S361,-1.024571703,NA,NA,NA,NA,NA,NA,NA,NA,NA
sp|Q8R1B4|EIF3C_MOUSE@S166,Q8R1B4,S166,NA,NA,NA,NA,NA,NA,NA,NA,NA,NA
sp|Q8R0A7|K0513_MOUSE@S275,Q8R0A7,S275,NA,NA,NA,NA,NA,NA,NA,NA,-3.950156011,0.9100968
sp|O08919|NUMBL_MOUSE@T279,O08919,T279,-2.103625897,NA,NA,NA,NA,NA,NA,NA,NA,NA
sp|O08599|STXB1_MOUSE@S594,O08599,S594,4.585671334,2.31172387866667,2.80504715333333,NA,2.168165313,0.609915453549019,1.112313961,0.10985558754902,3.87514313433333,5.13719131333333
sp|O08599|STXB1_MOUSE@S593,O08599,S593,4.59785227533333,2.315064804,2.809116042,NA,2.18104877166667,0.61926410657647,1.11838155166667,0.131851886443137,3.87465041966667,5.152330049
sp|Q5SVQ0|KAT7_MOUSE@S58,Q5SVQ0,S58,NA,NA,NA,NA,NA,NA,NA,NA,NA,NA
sp|Q8C8R3|ANK2_MOUSE@S2431,Q8C8R3,S2431,NA,NA,NA,NA,NA,NA,NA,NA,NA,NA
sp|Q8C8R3|ANK2_MOUSE@S2430,Q8C8R3,S2430,NA,NA,NA,NA,NA,NA,NA,NA,NA,NA
sp|Q5SVQ0|KAT7_MOUSE@S59,Q5SVQ0,S59,NA,NA,NA,NA,NA,NA,NA,NA,NA,NA
sp|Q8BG16|S6A15_MOUSE@S701,Q8BG16,S701,NA,NA,NA,NA,NA,NA,NA,NA,NA,-2.139260294
sp|Q9QYR6|MAP1A_MOUSE@S981,Q9QYR6,S981,-0.346884885,NA,NA,NA,NA,NA,NA,NA,NA,NA
sp|Q8R0S2|IQEC1_MOUSE@S263,Q8R0S2,S263,NA,NA,NA,NA,NA,NA,NA,NA,NA,NA
sp|Q8CHG7|RPGF2_MOUSE@S1114,Q8CHG7,S1114,-1.96212289733333,NA,NA,NA,NA,NA,NA,NA,NA,NA
sp|Q8CHG7|RPGF2_MOUSE@S1115,Q8CHG7,S1115,-1.970355059,NA,NA,NA,NA,NA,NA,NA,NA,NA
sp|Q8CHG7|RPGF2_MOUSE@S1110,Q8CHG7,S1110,-2.1006381835,NA,NA,NA,NA,NA,NA,NA,NA,NA
sp|Q8CHG7|RPGF2_MOUSE@S1111,Q8CHG7,S1111,-2.1012217955,NA,NA,NA,NA,NA,NA,NA,NA,NA
sp|Q3UIL6|PKHA7_MOUSE@S533,Q3UIL6,S533,-1.565380661,NA,NA,NA,NA,NA,NA,NA,NA,-1.424102498
sp|E9Q784|ZC3HD_MOUSE@S953,E9Q784,S953,0.0439281056666666,0.576916773190476,NA,NA,NA,NA,NA,NA,-0.689491386809524,-0.263377669
sp|Q8C729|HYCC2_MOUSE@T306,Q8C729,T306,NA,NA,NA,NA,NA,NA,-0.917722773,NA,-1.465469188,NA
sp|Q9R0N7|SYT7_MOUSE@T58,Q9R0N7,T58,2.557143374,2.72644295625,1.494033228,NA,1.720517701,NA,NA,NA,1.78310907,2.90113565175
sp|Q9WTU0|PHF2_MOUSE@S474,Q9WTU0,S474,-1.30315855,-1.149090278,NA,NA,NA,NA,NA,NA,NA,NA
sp|G5E870|TRIPC_MOUSE@S310,G5E870,S310,NA,NA,NA,NA,NA,NA,NA,NA,NA,NA
sp|Q9JI99|SGPP1_MOUSE@S101,Q9JI99,S101,NA,NA,NA,NA,NA,NA,NA,NA,NA,NA
sp|Q80TR1|AGRL1_MOUSE@S1166,Q80TR1,S1166,NA,-1.836913527,NA,NA,NA,NA,NA,NA,NA,-1.427596384
sp|Q9WV60|GSK3B_MOUSE@Y216,Q9WV60,Y216,-1.588865518,NA,NA,NA,NA,NA,NA,NA,NA,NA
sp|Q6PIC6|AT1A3_MOUSE@S206,Q6PIC6,S206,-1.4176655565,NA,NA,NA,NA,NA,NA,NA,NA,-1.2766351095
sp|B1AXH1|NHSL2_MOUSE@S1055,B1AXH1,S1055,1.294808326,NA,NA,NA,NA,NA,NA,NA,1.252413118,1.108571946
sp|Q811D0|DLG1_MOUSE@S571,Q811D0,S571,NA,NA,NA,NA,NA,NA,NA,NA,NA,NA
sp|Q6PIC6|AT1A3_MOUSE@S207,Q6PIC6,S207,-1.422017619,NA,NA,NA,NA,NA,NA,NA,NA,-1.272283047
sp|B1AXH1|NHSL2_MOUSE@T1054,B1AXH1,T1054,1.294808326,NA,NA,NA,NA,NA,NA,NA,1.264326618,1.128367494
sp|Q9JK45|KCNQ5_MOUSE@S458,Q9JK45,S458,NA,NA,NA,NA,NA,NA,NA,NA,-0.992377767,-1.071806476
sp|Q9QYX7|PCLO_MOUSE@S1454,Q9QYX7,S1454,-1.934266463,-1.361335034,NA,NA,NA,NA,NA,NA,NA,-1.437278181
sp|Q9QYX7|PCLO_MOUSE@S1457,Q9QYX7,S1457,-1.931500987,-1.361335034,NA,NA,NA,NA,NA,NA,NA,-1.437278181
sp|Q8VI59|PCX3_MOUSE@S1955,Q8VI59,S1955,-0.789361895,NA,NA,NA,NA,NA,NA,NA,NA,-0.893565118
sp|P97820|M4K4_MOUSE@S795,P97820,S795,-0.660632756333333,NA,-1.39905826683333,NA,-0.859024285833333,NA,-0.388370920833333,NA,NA,-1.67484085033333
sp|Q8C8R3|ANK2_MOUSE@S3362,Q8C8R3,S3362,-0.156301191,NA,NA,NA,NA,NA,NA,NA,-0.708751819,0.356415245
sp|P97772|GRM1_MOUSE@T1198,P97772,T1198,4.4302270684,1.7515358494,1.6416563789,NA,0.44310993,NA,NA,NA,0.2050992019,0.7094597784
sp|E9PUL5|PRRT2_MOUSE@S98,E9PUL5,S98,NA,NA,NA,NA,NA,NA,NA,NA,NA,NA
sp|O54774|AP3D1_MOUSE@S755,O54774,S755,-1.9281203035,NA,-1.4799438315,NA,-1.6408605635,NA,NA,NA,NA,-1.2346168595
sp|Q5DTL9|S4A10_MOUSE@S280,Q5DTL9,S280,NA,NA,NA,NA,NA,NA,NA,NA,NA,NA
sp|G5E870|TRIPC_MOUSE@S312,G5E870,S312,NA,NA,NA,NA,NA,NA,NA,NA,NA,NA
sp|Q8BMQ2|TF3C4_MOUSE@S17,Q8BMQ2,S17,-1.374139765,-1.116287158,NA,NA,NA,NA,NA,NA,NA,NA
sp|O54774|AP3D1_MOUSE@S754,O54774,S754,-1.9267402115,NA,-1.4410191715,NA,-1.6394804715,NA,NA,NA,NA,-1.2338900005
sp|P26645|MARCS_MOUSE@S141; sp|P26645|MARCS_MOUSE@T143,P26645,S141,NA,NA,NA,NA,NA,NA,NA,NA,NA,NA
sp|Q8CC27|CACB2_MOUSE@S54,Q8CC27,S54,-1.02290929516667,-1.21600692791667,NA,NA,NA,NA,NA,NA,NA,-0.980455199416667
sp|E9Q7G0|NUMA1_MOUSE@S398,E9Q7G0,S398,NA,NA,NA,NA,NA,NA,NA,NA,NA,NA
sp|Q8R3Z5|CACB1_MOUSE@S190,Q8R3Z5,S190,-1.772182669,NA,NA,NA,NA,NA,NA,NA,NA,-1.489594581
sp|O35927|CTND2_MOUSE@S412,O35927,S412,-0.149819731666667,-0.555969132666667,-2.24461399366667,NA,-1.90078875866667,NA,NA,NA,-1.80889549366667,-1.06445249266667
sp|Q8VD63|TSYL4_MOUSE@S87,Q8VD63,S87,NA,NA,NA,NA,NA,NA,NA,NA,NA,NA
sp|Q9ET77|JPH3_MOUSE@S420,Q9ET77,S420,-0.00716296733333333,-0.966241664416667,NA,NA,NA,NA,NA,NA,NA,-0.193744914
sp|Q9Z239|PLM_MOUSE@S83,Q9Z239,S83,-1.639777388,-1.190207898,NA,NA,NA,NA,NA,NA,NA,-1.30279414
sp|P21995|EMB_MOUSE@S312,P21995,S312,-1.979094463,NA,NA,NA,NA,NA,NA,NA,NA,-1.465619297
sp|Q9ES28|ARHG7_MOUSE@S497,Q9ES28,S497,-0.066328668,0.364847529,-1.95797193908333,NA,-1.76797707008333,NA,-0.965494438833334,NA,-0.216922825333333,0.162687093
sp|Q8CC27|CACB2_MOUSE@T55,Q8CC27,T55,-0.82975637125,-1.0516530385,NA,NA,NA,NA,NA,NA,NA,-0.793452611
sp|Q80TR1|AGRL1_MOUSE@T1167,Q80TR1,T1167,NA,-1.836913527,NA,NA,NA,NA,NA,NA,NA,-1.407967873
sp|Q02248|CTNB1_MOUSE@T551,Q02248,T551,3.363493292,3.3000766005,1.852742021,NA,0.427452091,-0.4270718425,2.347337181,0.370826353625,2.907847245,3.164491758
sp|P08226|APOE_MOUSE@T140,P08226,T140,-0.889368991,NA,NA,NA,NA,NA,NA,NA,NA,-1.298908922
sp|P08226|APOE_MOUSE@S139,P08226,S139,-0.889368991,NA,NA,NA,NA,NA,NA,NA,NA,-1.298908922
sp|Q9ESN6|TRIM2_MOUSE@S428,Q9ESN6,S428,NA,-1.180658955,NA,NA,NA,NA,NA,NA,NA,NA
sp|Q61548|AP180_MOUSE@S306; sp|Q61548|AP180_MOUSE@S313,Q61548,S306,-0.231841837,NA,NA,NA,NA,NA,NA,NA,NA,-0.450126658
sp|E9Q5C9|NOLC1_MOUSE@S563,E9Q5C9,S563,0.358813605,0.161145977,NA,NA,NA,NA,NA,NA,-1.116813194,-0.371602222
sp|P46096|SYT1_MOUSE@T125,P46096,T125,-1.982891247,NA,NA,NA,NA,NA,NA,NA,NA,1.675539982
sp|Q8C8R3|ANK2_MOUSE@S3780,Q8C8R3,S3780,2.62362137133333,2.79882357266667,1.66150198,-0.677996543684685,2.09311678566667,0.40204016968018,-0.812066837522523,-0.32086049131982,1.92146019066667,3.05510027366667
sp|Q8C8R3|ANK2_MOUSE@S3781,Q8C8R3,S3781,2.32824619466667,2.58437157466667,1.38943328866667,-0.811786442955556,1.92963506133333,0.585309318280342,-0.99234311725812,-0.0632799369555558,1.70408986433333,2.81269579866667
sp|P70255|NFIC_MOUSE@S339,P70255,S339,-1.9540301,NA,NA,NA,NA,NA,NA,NA,NA,-1.702465749
sp|Q9QYB8|ADDB_MOUSE@S678,Q9QYB8,S678,-2.457797707,-2.8575301,NA,NA,NA,-3.012419316,NA,NA,NA,-1.670339773
sp|Q61290|CAC1E_MOUSE@S2054,Q61290,S2054,0.179988704666667,NA,NA,NA,NA,NA,NA,NA,NA,-0.687173065333333
sp|Q8C0C4|CCSE1_MOUSE@S375,Q8C0C4,S375,NA,-1.56575249,NA,NA,NA,-0.567940084,NA,NA,NA,-0.517972838
sp|Q91XV3|BASP1_MOUSE@S131,Q91XV3,S131,NA,NA,NA,NA,NA,NA,NA,NA,NA,NA
sp|Q99JP6|HOME3_MOUSE@S159,Q99JP6,S159,-1.06373752275,-0.98362626925,NA,NA,NA,NA,NA,NA,NA,NA
sp|Q6DID3|SCAF8_MOUSE@S617,Q6DID3,S617,NA,-0.179111818,NA,NA,NA,NA,NA,NA,-1.08537242,-0.745978605
sp|P26049|GBRA3_MOUSE@S442,P26049,S442,-0.092701389,NA,NA,NA,NA,NA,NA,NA,NA,-1.145359399
sp|Q9QXS6|DREB_MOUSE@S343,Q9QXS6,S343,NA,NA,NA,NA,NA,NA,NA,NA,NA,NA
sp|Q6PH08|ERC2_MOUSE@S14,Q6PH08,S14,-1.005702346,NA,NA,NA,NA,NA,-0.680867642,NA,NA,-0.914464991
sp|Q80YV2|ZC3C1_MOUSE@S394,Q80YV2,S394,-0.266365554,-1.032338576,NA,NA,NA,NA,NA,NA,NA,-0.766605698
sp|Q62172|RBP1_MOUSE@S29,Q62172,S29,-1.6146606,NA,NA,NA,NA,NA,NA,NA,NA,NA
sp|Q91XV3|BASP1_MOUSE@T132,Q91XV3,T132,NA,NA,NA,NA,NA,NA,NA,NA,NA,NA
sp|Q08460|KCMA1_MOUSE@T709,Q08460,T709,NA,-1.471955761,NA,NA,NA,NA,NA,-0.455246421,-1.599971943,NA
sp|Q9Z0E8|S22A5_MOUSE@S548,Q9Z0E8,S548,-0.932673196333333,-1.12045351316667,NA,NA,NA,NA,NA,NA,NA,-0.30082679
sp|Q62172|RBP1_MOUSE@S30,Q62172,S30,-1.6146380105,NA,NA,NA,NA,NA,NA,NA,NA,NA
sp|Q9QXS6|DREB_MOUSE@S344,Q9QXS6,S344,NA,NA,NA,NA,NA,NA,NA,NA,NA,NA
sp|Q8K0U4|HS12A_MOUSE@S23,Q8K0U4,S23,-1.645202518,NA,NA,NA,NA,NA,NA,NA,NA,NA
sp|P06837|NEUM_MOUSE@T187,P06837,T187,-1.966997367,NA,NA,NA,NA,NA,NA,NA,NA,NA
sp|P06837|NEUM_MOUSE@S193,P06837,S193,-1.966997367,NA,NA,NA,NA,NA,NA,NA,NA,NA
sp|Q8K0U4|HS12A_MOUSE@S24,Q8K0U4,S24,-1.67041965,NA,NA,NA,NA,NA,NA,NA,NA,NA
sp|Q0PHV7|DACT3_MOUSE@S170,Q0PHV7,S170,NA,NA,NA,NA,NA,NA,NA,NA,NA,-2.005846056
sp|P06837|NEUM_MOUSE@T189,P06837,T189,-1.966997367,NA,NA,NA,NA,NA,NA,NA,NA,NA
sp|Q9Z239|PLM_MOUSE@S82,Q9Z239,S82,-1.639777388,-1.190207898,NA,NA,NA,NA,NA,NA,NA,-1.30279414
sp|P83510|TNIK_MOUSE@S740,P83510,S740,-0.615151377333333,0.268209579416667,NA,0.216526239916667,NA,NA,NA,NA,-1.18022786208333,-0.0176404143333333
sp|Q9CPS8|SMAKA_MOUSE@S40,Q9CPS8,S40,0.566662672666667,-0.0112237043333334,NA,NA,NA,NA,NA,NA,-0.502555148333333,0.113295559666667
sp|P06837|NEUM_MOUSE@S192,P06837,S192,-1.966997367,NA,NA,NA,NA,NA,NA,NA,NA,NA
sp|O88343|S4A4_MOUSE@S65,O88343,S65,NA,-1.383287084,NA,NA,NA,NA,NA,NA,NA,NA
sp|P28652|KCC2B_MOUSE@T401,P28652,T401,-0.979928262,NA,NA,NA,NA,NA,NA,NA,NA,NA
sp|Q8R1A4|DOCK7_MOUSE@S1422,Q8R1A4,S1422,-1.315874978,NA,NA,NA,NA,NA,NA,NA,NA,-0.214131758
sp|P23242|CXA1_MOUSE@S306,P23242,S306,-0.98363588225,NA,NA,NA,NA,NA,NA,NA,NA,-0.87548451075
sp|Q9QYB8|ADDB_MOUSE@Y679,Q9QYB8,Y679,NA,NA,NA,NA,NA,NA,NA,NA,NA,NA
sp|P28652|KCC2B_MOUSE@T400,P28652,T400,-1.5812925805,NA,NA,NA,NA,NA,NA,NA,NA,NA
sp|A2AJA9|AJM1_MOUSE@T498,A2AJA9,T498,0.582817559033333,-0.441033555166667,NA,NA,NA,NA,NA,NA,0.206059260333333,-0.851461035366667
sp|P0C673|IGS11_MOUSE@S377,P0C673,S377,0.2057495485,0.831462062333333,NA,NA,NA,NA,NA,NA,0.106417249,0.2677125025
sp|Q52KI8|SRRM1_MOUSE@T712,Q52KI8,T712,-0.38594133,-0.515876728,NA,NA,-1.303892705,NA,NA,NA,-1.188751806,-1.582123621
sp|E9Q3C1|C2CD2_MOUSE@S436,E9Q3C1,S436,NA,-1.733756483,NA,NA,NA,NA,NA,NA,-2.675935561,0.273656279
sp|P98200|AT8A2_MOUSE@T5,P98200,T5,-0.774251181,NA,NA,NA,NA,NA,NA,NA,NA,NA
sp|Q6GYP7|RGPA1_MOUSE@S859,Q6GYP7,S859,NA,NA,NA,NA,NA,NA,NA,NA,NA,-0.5817168665
sp|Q8BG16|S6A15_MOUSE@S686,Q8BG16,S686,-0.14375625,-1.250841125,NA,NA,NA,NA,NA,NA,NA,-0.642976952
sp|Q91ZV0|MIA2_MOUSE@S1190,Q91ZV0,S1190,-0.1270424,-0.099574541,NA,NA,NA,NA,NA,NA,NA,-0.42939901
sp|O88935|SYN1_MOUSE@S436,O88935,S436,0.2464514125,0.2478154395,NA,NA,NA,NA,NA,NA,-0.7005190555,-0.6745765745
sp|Q8BG16|S6A15_MOUSE@S687,Q8BG16,S687,-0.14375625,-1.270649292,NA,NA,NA,NA,NA,NA,NA,-0.62251107
sp|Q9QYR6|MAP1A_MOUSE@S1783,Q9QYR6,S1783,0.232318895,0.014469194,NA,NA,NA,NA,NA,NA,NA,-0.66089594
sp|P0C673|IGS11_MOUSE@S378,P0C673,S378,0.1498842815,0.755361155833333,NA,NA,NA,NA,NA,NA,-0.007320455,0.209012754
sp|P62812|GBRA1_MOUSE@T375,P62812,T375,-0.540235734333333,-0.979826883333333,NA,NA,-0.523424909111111,NA,NA,NA,-0.812040543944444,-0.00539408466666667
sp|Q8K019|BCLF1_MOUSE@T305,Q8K019,T305,-2.130788643,NA,NA,NA,NA,NA,NA,NA,NA,NA
sp|F6SEU4|SYGP1_MOUSE@S1201,F6SEU4,S1201,NA,NA,NA,NA,NA,NA,NA,NA,NA,NA
sp|Q60771|CLD11_MOUSE@S194,Q60771,S194,-1.217324255,NA,NA,NA,NA,NA,NA,NA,NA,-0.863674014
sp|Q8K4P8|HECW1_MOUSE@S68,Q8K4P8,S68,-1.086291598,NA,NA,NA,NA,NA,NA,NA,NA,-1.515094265
sp|Q8K4P8|HECW1_MOUSE@T67,Q8K4P8,T67,-1.086291598,NA,NA,NA,NA,NA,NA,NA,NA,-1.515094265
sp|O55022|PGRC1_MOUSE@T178,O55022,T178,0.99050065,1.550430337,-0.054198446,NA,-0.532339925,NA,NA,NA,0.2064464305,1.2874504625
sp|Q9EQZ7|RIMS2_MOUSE@S1517,Q9EQZ7,S1517,0.229362134,-0.280481205958333,-0.458288511208333,NA,0.074937457,-0.178761949208333,-0.419962404708333,-0.393253545,-0.0679317139583334,1.19471146966667
sp|Q9EQZ7|RIMS2_MOUSE@S1518,Q9EQZ7,S1518,0.232970904,-0.286805919333333,-0.462950682,NA,0.101243841333333,-0.148646392,-0.420080951666667,-0.403909319666667,-0.0700212183333333,1.195100385
sp|Q3TY60|F131B_MOUSE@S295,Q3TY60,S295,NA,NA,NA,NA,NA,NA,NA,NA,NA,NA
sp|Q9QYR6|MAP1A_MOUSE@S1648,Q9QYR6,S1648,1.05757521433333,1.509267191,-0.206398866611111,NA,-0.402786737111111,NA,1.00744793105556,NA,0.570061001388889,1.01539339033333
sp|Q0VBL3|RBM15_MOUSE@T567,Q0VBL3,T567,NA,-2.0085092295,NA,NA,NA,NA,NA,NA,-0.7422581645,0.5469737125
sp|O88447|KLC1_MOUSE@S459,O88447,S459,NA,NA,NA,NA,NA,NA,NA,NA,NA,-2.078708079
sp|Q8CHW4|EI2BE_MOUSE@S540,Q8CHW4,S540,NA,NA,NA,NA,NA,NA,NA,NA,NA,-2.017574888
sp|Q9QYR6|MAP1A_MOUSE@S644,Q9QYR6,S644,NA,NA,NA,NA,NA,NA,NA,NA,NA,NA
sp|P62806|H4_MOUSE@T72,P62806,T72,NA,NA,NA,NA,NA,NA,NA,NA,NA,NA
sp|Q4VA53|PDS5B_MOUSE@S1381,Q4VA53,S1381,0.1632114565,-1.293702114,NA,NA,NA,NA,NA,NA,-1.502367119,-0.8669364375
sp|Q3V3Q7|PACS2_MOUSE@S387,Q3V3Q7,S387,NA,NA,NA,NA,NA,NA,NA,NA,NA,NA
sp|Q7TQH0|ATX2L_MOUSE@S109,Q7TQH0,S109,-0.267874595333333,-0.539438239457143,-1.24996077208571,NA,NA,NA,-0.319402719085715,NA,-0.141863390257143,-0.994656151666667
sp|Q60771|CLD11_MOUSE@S193,Q60771,S193,-1.217324255,NA,NA,NA,NA,NA,NA,NA,NA,-0.863674014
sp|Q60771|CLD11_MOUSE@Y191,Q60771,Y191,-1.217324255,NA,NA,NA,NA,NA,NA,NA,NA,-0.863674014
sp|A2AJA9|AJM1_MOUSE@S507,A2AJA9,S507,NA,NA,NA,NA,-0.145655911,NA,-1.242930729,NA,-0.842223779,-0.061366015
sp|Q60771|CLD11_MOUSE@Y192,Q60771,Y192,-1.217324255,NA,NA,NA,NA,NA,NA,NA,NA,-0.863674014
sp|Q80WV7|SRRM3_MOUSE@T352,Q80WV7,T352,NA,NA,NA,NA,NA,NA,NA,NA,NA,-1.355928589
sp|O88502|PDE8A_MOUSE@S452,O88502,S452,-1.001533526,-1.236018833,NA,NA,NA,NA,NA,NA,-1.817649709,-0.884491678
sp|P35803|GPM6B_MOUSE@Y327,P35803,Y327,-1.828668111,-2.356450221,NA,NA,-2.223252013,-3.934579112,-3.237513707,3.229812397,-1.068226074,-0.695413792
sp|P63328|PP2BA_MOUSE@S469,P63328,S469,NA,NA,NA,NA,NA,NA,NA,NA,NA,NA
sp|Q9WTK7|STK11_MOUSE@S31,Q9WTK7,S31,NA,NA,NA,NA,NA,NA,NA,NA,NA,NA
sp|Q9WTK7|STK11_MOUSE@T32,Q9WTK7,T32,NA,NA,NA,NA,NA,NA,NA,NA,NA,NA
sp|Q80VP1|EPN1_MOUSE@T420,Q80VP1,T420,NA,NA,NA,NA,NA,NA,NA,NA,-0.72168127,NA
sp|Q6PIE5|AT1A2_MOUSE@T230,Q6PIE5,T230,-1.485190142,NA,NA,NA,NA,NA,NA,NA,NA,NA
sp|P27546|MAP4_MOUSE@T899,P27546,T899,-1.320246284,NA,NA,NA,NA,NA,NA,NA,NA,-0.953924284
sp|Q80W47|WIPI2_MOUSE@S395,Q80W47,S395,NA,NA,NA,NA,NA,NA,NA,NA,NA,NA
sp|Q62108|DLG4_MOUSE@S295,Q62108,S295,2.544716651,2.068446149,1.77643882066667,NA,3.32459917366667,1.96709892166667,-1.7488536975,0.834188909,3.563481203,4.56416889
sp|P98191|CDS1_MOUSE@S56,P98191,S56,NA,NA,NA,NA,NA,NA,NA,NA,NA,NA
sp|Q62261|SPTB2_MOUSE@S2163,Q62261,S2163,-0.624074191,NA,NA,NA,NA,NA,NA,NA,NA,-1.923374217
sp|O35219|KCNH2_MOUSE@S873,O35219,S873,-1.841872642,NA,NA,NA,NA,NA,NA,NA,NA,NA
sp|Q99NE5|RIMS1_MOUSE@S1113,Q99NE5,S1113,-1.020550875,NA,NA,NA,NA,NA,NA,NA,NA,NA
sp|Q6PE13|PRRT3_MOUSE@S832,Q6PE13,S832,2.69208558166667,1.066099812,NA,NA,NA,NA,NA,NA,0.648360532333333,2.59875200533333
sp|Q641K5|NUAK1_MOUSE@S445,Q641K5,S445,-0.2632295718,-0.609942104866667,-0.8451577274,NA,-0.808057786133333,NA,NA,NA,NA,-0.270816884666667
sp|Q9QYX7|PCLO_MOUSE@S1473,Q9QYX7,S1473,-0.106065971,NA,NA,NA,NA,NA,NA,NA,NA,NA
sp|Q9QYX7|PCLO_MOUSE@S1472,Q9QYX7,S1472,-0.0406617780000001,NA,NA,NA,NA,NA,NA,NA,NA,NA
sp|P02301|H3C_MOUSE@T59,P02301,T59,NA,NA,NA,NA,NA,NA,NA,NA,NA,1.377676203
sp|Q9QYX7|PCLO_MOUSE@S1471,Q9QYX7,S1471,-0.899522871,NA,NA,NA,NA,NA,NA,NA,NA,NA
sp|Q8JZZ7|AGRL2_MOUSE@S1486,Q8JZZ7,S1486,NA,NA,NA,NA,NA,NA,NA,NA,NA,-1.689832919
sp|P08553|NFM_MOUSE@T430,P08553,T430,NA,0,NA,NA,NA,NA,NA,NA,NA,-0.698761117
sp|Q641K5|NUAK1_MOUSE@S446,Q641K5,S446,-0.275781106866667,-0.628983078466667,-0.819731850266667,NA,-0.850870888866667,NA,NA,NA,NA,-0.274047800666667
sp|Q60875|ARHG2_MOUSE@S646,Q60875,S646,NA,NA,NA,NA,NA,NA,NA,NA,NA,-1.915242719
sp|Q6ZWR6|SYNE1_MOUSE@S8333,Q6ZWR6,S8333,NA,NA,NA,NA,NA,NA,NA,NA,NA,-1.46823797
sp|Q91VN4|MIC25_MOUSE@S33,Q91VN4,S33,NA,NA,NA,NA,NA,NA,NA,NA,NA,NA
sp|P83093|STIM2_MOUSE@S523,P83093,S523,1.03199675733333,0.803790466333333,-1.20952989003333,0.00690352966666696,0.130545253166666,NA,0.839576075966666,NA,0.757068176666667,0.649574811333333
sp|Q9D415|DLGP1_MOUSE@T386,Q9D415,T386,-2.067151874,-0.931388226,NA,NA,NA,NA,NA,NA,-0.937968934,-0.890933057
sp|Q8CGM1|AGRB2_MOUSE@S1269,Q8CGM1,S1269,-1.281174657,NA,NA,NA,NA,NA,NA,NA,NA,NA
sp|Q8C8R3|ANK2_MOUSE@S2213,Q8C8R3,S2213,-1.566922811,NA,NA,-0.376929038,NA,NA,NA,NA,NA,-0.049121652
sp|O08553|DPYL2_MOUSE@S518,O08553,S518,1.279178068,1.023997732,-1.342634111,NA,-0.456818141,NA,0.26728418,NA,0.720618535,1.384778193
sp|F6ZDS4|TPR_MOUSE@S2141,F6ZDS4,S2141,NA,NA,NA,NA,NA,NA,NA,NA,NA,NA
sp|O09044|SNP23_MOUSE@S110,O09044,S110,1.275922154,0.6356774,NA,NA,NA,-0.30741548,-0.178818932,NA,-1.019793348,0.848795512
sp|Q8K212|PACS1_MOUSE@T426,Q8K212,T426,NA,NA,NA,NA,NA,NA,NA,NA,NA,-2.0310816
sp|Q69Z38|PEAK1_MOUSE@T568,Q69Z38,T568,0.9223357455,0.08096059675,NA,NA,NA,NA,NA,NA,-0.56189718825,0.436942849
sp|Q69Z38|PEAK1_MOUSE@S569,Q69Z38,S569,0.697667540666667,0.1941239955,NA,NA,NA,NA,NA,NA,-0.4487337895,0.887937851333333
sp|Q80TM6|R3HD2_MOUSE@S362,Q80TM6,S362,-1.024571703,NA,NA,NA,NA,NA,NA,NA,NA,NA
sp|Q570Y9|DPTOR_MOUSE@S265,Q570Y9,S265,-1.02469715,0.262204038,NA,NA,NA,NA,NA,NA,-0.416937224,-0.759528676
sp|Q9R0N3|SYT11_MOUSE@T139,Q9R0N3,T139,0.817067303944444,1.032078399,NA,NA,NA,-0.377508555180556,0.330756520819444,-0.642251891180556,0.248975595333333,0.802965362
sp|P13595|NCAM1_MOUSE@S774,P13595,S774,3.27475949566667,3.905425709,3.019786145,NA,2.2129690906,-0.3108562269,0.158767884242858,-0.355971339757142,3.214763618,4.25908544433333
sp|Q6GYP7|RGPA1_MOUSE@S860,Q6GYP7,S860,NA,NA,NA,NA,NA,NA,NA,NA,NA,-0.65162684
sp|Q61235|SNTB2_MOUSE@S90,Q61235,S90,-0.866779383,-0.539731475,-1.680793278,NA,NA,0.285802989,NA,NA,NA,-1.031688121
sp|Q9DB70|FUND1_MOUSE@S17,Q9DB70,S17,NA,NA,NA,NA,NA,NA,NA,NA,NA,NA
sp|Q99LD4|CSN1_MOUSE@S454,Q99LD4,S454,-1.665057902,-1.491385483,NA,NA,NA,NA,NA,NA,NA,NA
sp|Q9DB70|FUND1_MOUSE@Y18,Q9DB70,Y18,NA,NA,NA,NA,NA,NA,NA,NA,NA,NA
sp|Q9QYR6|MAP1A_MOUSE@S915,Q9QYR6,S915,NA,NA,NA,NA,NA,NA,NA,NA,NA,-0.438054608
sp|Q6NZQ6|ZN740_MOUSE@S19,Q6NZQ6,S19,NA,-1.078517901,NA,NA,NA,NA,NA,NA,-0.434356606,-0.033882734
sp|P16283|B3A3_MOUSE@S170,P16283,S170,-0.889069769,-1.808616751,NA,NA,NA,NA,NA,NA,NA,-1.78629508
sp|Q9JKN6|NOVA1_MOUSE@T158,Q9JKN6,T158,NA,NA,NA,NA,NA,NA,NA,NA,NA,NA
sp|D3YZP9|CCDC6_MOUSE@S237,D3YZP9,S237,-0.880907692,NA,NA,NA,NA,NA,NA,NA,-0.468675847,NA
sp|Q9WV34|MPP2_MOUSE@Y115; sp|Q9WV34|MPP2_MOUSE@T127,Q9WV34,Y115,NA,NA,NA,NA,NA,NA,NA,NA,NA,NA
sp|Q9WV34|MPP2_MOUSE@T117; sp|Q9WV34|MPP2_MOUSE@T127,Q9WV34,T117,NA,NA,NA,NA,NA,NA,NA,NA,NA,NA
sp|Q9Z351|KCNQ2_MOUSE@S440,Q9Z351,S440,NA,-1.14233266433333,NA,NA,NA,-1.75061760633333,NA,NA,-1.24947124733333,0.819884755666667
sp|Q9Z0L0|TPBG_MOUSE@S424,Q9Z0L0,S424,-1.722982908,NA,NA,NA,NA,NA,NA,NA,NA,NA
sp|A2BH40|ARI1A_MOUSE@S770,A2BH40,S770,1.74852252733333,0.517851162333333,NA,NA,NA,NA,NA,NA,0.271530134333333,0.700466349333333
sp|Q80VP1|EPN1_MOUSE@T415,Q80VP1,T415,NA,NA,NA,NA,NA,NA,NA,NA,NA,NA
sp|O35681|SYT3_MOUSE@S586,O35681,S586,2.35962444,1.09137618966667,-0.558435412,-0.522868608277778,1.152577435,NA,-0.887223717277778,NA,0.862563722333333,1.99181165833333
sp|Q7TSC1|PRC2A_MOUSE@T782,Q7TSC1,T782,NA,NA,NA,NA,NA,NA,NA,NA,NA,NA
sp|Q9DBS5|KLC4_MOUSE@S611,Q9DBS5,S611,NA,NA,NA,NA,NA,NA,NA,NA,NA,-1.99073929
sp|Q80U58|PUM2_MOUSE@S181,Q80U58,S181,NA,NA,NA,NA,NA,NA,NA,NA,-0.171853547,NA
sp|Q04573|NPY1R_MOUSE@S367,Q04573,S367,0.6792212955,NA,NA,NA,NA,NA,NA,NA,NA,0.218452973
sp|Q8VHW2|CCG8_MOUSE@S251,Q8VHW2,S251,-1.57283013266667,-1.27489255066667,NA,NA,NA,NA,NA,NA,NA,-1.04731412666667
sp|Q9JKN6|NOVA1_MOUSE@T156,Q9JKN6,T156,NA,NA,NA,NA,NA,NA,NA,NA,NA,NA
sp|Q9JKN6|NOVA1_MOUSE@T157,Q9JKN6,T157,NA,NA,NA,NA,NA,NA,NA,NA,NA,NA
sp|G5E829|AT2B1_MOUSE@S1127,G5E829,S1127,3.493993363,2.01824787213333,1.61147248113333,NA,1.864088959,0.905876348333333,0.616340972933333,-0.062957627066667,2.733902797,4.09224406033333
sp|Q8R326|PSPC1_MOUSE@S473,Q8R326,S473,2.246661198,2.226221128,0.413294986,NA,1.382169594,0.13744111,0.463498003,0.132542972,0.678126087,2.195173893
sp|P20152|VIME_MOUSE@S55,P20152,S55,0.118525697,NA,NA,NA,NA,NA,NA,NA,2.52219808125,1.7212114805
sp|P28667|MRP_MOUSE@S104,P28667,S104,NA,NA,NA,NA,NA,NA,NA,NA,NA,NA
sp|A2BH40|ARI1A_MOUSE@S773,A2BH40,S773,1.71645170633333,0.46359633925,NA,NA,NA,NA,NA,NA,0.21620938525,0.618821795666667
sp|A2AJA9|AJM1_MOUSE@S499,A2AJA9,S499,0.5882259786,-0.449239326,NA,NA,NA,NA,NA,NA,0.194702688,-0.8724042686
sp|Q05AA6|DRP2_MOUSE@T910,Q05AA6,T910,NA,NA,NA,NA,NA,NA,NA,NA,NA,NA
sp|Q02357|ANK1_MOUSE@S1759,Q02357,S1759,2.222488938,0.42088023,-1.3440232125,NA,NA,NA,NA,NA,-0.9157541565,0.139244615
sp|P48678|LMNA_MOUSE@S390,P48678,S390,1.692556309,-0.568180388,NA,NA,NA,NA,-0.927898376,NA,NA,1.105480878
sp|Q05512|MARK2_MOUSE@S483,Q05512,S483,NA,NA,NA,NA,NA,NA,NA,NA,NA,-1.558666343
sp|Q9DBR4|APBB2_MOUSE@S82; sp|Q9DBR4|APBB2_MOUSE@S94,Q9DBR4,S82,1.473726853,NA,NA,NA,NA,NA,NA,NA,0.083699565,1.283629066
sp|Q5XG69|F169A_MOUSE@S512,Q5XG69,S512,0.052634867,NA,NA,NA,NA,NA,NA,NA,NA,-0.103600153
sp|P14873|MAP1B_MOUSE@S1797,P14873,S1797,-1.4978094,NA,NA,NA,NA,NA,NA,NA,NA,NA
sp|Q61548|AP180_MOUSE@T309; sp|Q61548|AP180_MOUSE@T310,Q61548,T309,-0.2797458455,NA,NA,NA,NA,NA,NA,NA,NA,-0.7815099105
sp|Q8VD12|Z385A_MOUSE@S162,Q8VD12,S162,-0.81986391,NA,NA,NA,NA,NA,NA,NA,NA,-0.497834409
sp|Q8VD12|Z385A_MOUSE@S160,Q8VD12,S160,-0.395566713333333,NA,NA,NA,NA,NA,NA,NA,NA,-0.536357829666667
sp|Q99JF8|PSIP1_MOUSE@S129,Q99JF8,S129,1.11164250566667,NA,NA,NA,NA,NA,NA,NA,-1.09719969583333,-0.600226353333333
sp|P46660|AINX_MOUSE@S35,P46660,S35,1.721516442,1.577976147,0.699723256,NA,0.273825496,-0.245192893,0.736068174,NA,1.039259241,1.591318468
sp|Q9JL04|FMN2_MOUSE@S629,Q9JL04,S629,-0.618942884,-0.359741941,NA,NA,NA,NA,NA,NA,-1.229835615,-0.764028979
sp|Q7TPB0|PLPR3_MOUSE@T321,Q7TPB0,T321,NA,NA,NA,0.155448966,NA,NA,NA,NA,NA,NA
sp|Q80XP9|WNK3_MOUSE@T1037,Q80XP9,T1037,NA,NA,NA,NA,NA,NA,NA,NA,NA,NA
sp|Q9Z2H5|E41L1_MOUSE@S650,Q9Z2H5,S650,NA,NA,NA,NA,NA,NA,NA,-0.54195968,NA,-1.06208221
sp|Q80XP9|WNK3_MOUSE@S1038,Q80XP9,S1038,NA,NA,NA,NA,NA,NA,NA,NA,NA,NA
sp|Q80XP9|WNK3_MOUSE@S1039,Q80XP9,S1039,NA,NA,NA,NA,NA,NA,NA,NA,NA,NA
sp|Q9JME5|AP3B2_MOUSE@Y270,Q9JME5,Y270,NA,-1.383039601,NA,NA,NA,NA,NA,NA,NA,-1.731052245
sp|Q8BFT9|SVOP_MOUSE@S31,Q8BFT9,S31,NA,-0.963909802,NA,NA,NA,NA,NA,NA,NA,NA
sp|Q60610|TIAM1_MOUSE@Y357,Q60610,Y357,NA,NA,NA,NA,NA,NA,NA,NA,NA,NA
sp|Q61361|PGCB_MOUSE@S402,Q61361,S402,NA,NA,NA,NA,NA,NA,NA,NA,NA,NA
sp|Q62433|NDRG1_MOUSE@S332,Q62433,S332,NA,NA,NA,NA,NA,NA,NA,NA,NA,NA
sp|Q62433|NDRG1_MOUSE@S333,Q62433,S333,NA,NA,NA,NA,NA,NA,NA,NA,NA,NA
sp|P59764|DOCK4_MOUSE@S1629,P59764,S1629,NA,NA,NA,NA,NA,NA,NA,NA,NA,NA
sp|Q8C5L3|CNOT2_MOUSE@S165,Q8C5L3,S165,NA,-1.650523861,NA,NA,NA,NA,NA,NA,NA,NA
sp|Q3TC46|PATL1_MOUSE@S179,Q3TC46,S179,-0.5929600965,0.00907369974999978,NA,NA,NA,NA,NA,NA,-0.41718280025,-0.834428126
sp|Q61686|CBX5_MOUSE@S93,Q61686,S93,NA,NA,NA,NA,NA,NA,NA,NA,NA,NA
sp|Q3TC46|PATL1_MOUSE@T178,Q3TC46,T178,-0.598860594166667,0.00884420658333335,NA,NA,NA,NA,NA,NA,-0.409478655416667,-0.822627130666667
sp|P59764|DOCK4_MOUSE@S1627,P59764,S1627,NA,NA,NA,NA,NA,NA,NA,NA,NA,NA
sp|Q91V14|S12A5_MOUSE@S1048,Q91V14,S1048,-0.593681662,-1.3932156525,NA,NA,-1.3638265205,NA,NA,NA,NA,0.169640445
sp|P70408|CAD10_MOUSE@S784,P70408,S784,-0.655955311,-0.446877145,NA,NA,NA,NA,NA,NA,-1.226947013,0.718815984
sp|Q8C2Q3|RBM14_MOUSE@S571,Q8C2Q3,S571,-2.30019592,NA,NA,NA,NA,NA,NA,NA,NA,NA
sp|Q811D0|DLG1_MOUSE@S575,Q811D0,S575,NA,NA,NA,NA,NA,NA,NA,NA,NA,NA
sp|Q811D0|DLG1_MOUSE@S573,Q811D0,S573,NA,NA,NA,NA,NA,NA,NA,NA,NA,NA
sp|Q8C2Q3|RBM14_MOUSE@S562,Q8C2Q3,S562,-2.30019592,NA,NA,NA,NA,NA,NA,NA,NA,NA
sp|P52734|FGD1_MOUSE@S364,P52734,S364,-0.666210828,NA,NA,NA,NA,NA,NA,NA,NA,NA
sp|Q60610|TIAM1_MOUSE@S358,Q60610,S358,NA,NA,NA,NA,NA,NA,NA,NA,NA,NA
sp|Q8C2Q3|RBM14_MOUSE@S560,Q8C2Q3,S560,-2.30019592,NA,NA,NA,NA,NA,NA,NA,NA,NA
sp|Q61771|KIF3B_MOUSE@S681,Q61771,S681,NA,NA,NA,NA,NA,NA,NA,NA,NA,-2.097936786
sp|Q8C2Q3|RBM14_MOUSE@S555,Q8C2Q3,S555,-2.30019592,NA,NA,NA,NA,NA,NA,NA,NA,NA
sp|Q8C8R3|ANK2_MOUSE@S1816,Q8C8R3,S1816,-0.864219629,-0.9503750465,-1.546746706,NA,-2.119753048,-3.880168462,-4.534888278,-3.777850652,-0.5298529,-0.5020048545
sp|Q8C2Q3|RBM14_MOUSE@Y558,Q8C2Q3,Y558,-2.30019592,NA,NA,NA,NA,NA,NA,NA,NA,NA
sp|Q8C2Q3|RBM14_MOUSE@T551,Q8C2Q3,T551,-2.30019592,NA,NA,NA,NA,NA,NA,NA,NA,NA
sp|Q8JZR6|S4A8_MOUSE@S259,Q8JZR6,S259,0.50481016575,0,NA,NA,-0.231530438,NA,0,NA,-0.183988281,0.62667735325
sp|Q91XV3|BASP1_MOUSE@S187,Q91XV3,S187,-0.770593977,NA,NA,NA,NA,NA,NA,NA,NA,-1.943639519
sp|Q8K3F6|KCNQ3_MOUSE@S596,Q8K3F6,S596,1.8306833091,1.5494352881,-0.392444575,NA,0.27179253,-0.259299927,0.2209807891,NA,1.2658146386,1.5467559791
sp|Q8BJI1|S6A17_MOUSE@T722,Q8BJI1,T722,NA,NA,NA,NA,NA,NA,NA,NA,NA,NA
sp|Q3UVX5|GRM5_MOUSE@S1202,Q3UVX5,S1202,-0.317360849,-1.082184907,NA,NA,NA,NA,NA,NA,NA,NA
sp|Q6PDG5|SMRC2_MOUSE@S304; sp|Q6PDG5|SMRC2_MOUSE@S306,Q6PDG5,S304,NA,NA,NA,NA,NA,NA,NA,NA,NA,NA
sp|O70435|PSA3_MOUSE@S250,O70435,S250,-0.40945863,0.1647828235,-1.0270189175,-0.202303133,NA,NA,NA,NA,-0.5735051005,0.9457540075
sp|Q8K4P8|HECW1_MOUSE@T70,Q8K4P8,T70,-1.086291598,NA,NA,NA,NA,NA,NA,NA,NA,-1.907024236
sp|Q6PCP5|MFF_MOUSE@T149; sp|Q6PCP5|MFF_MOUSE@S151,Q6PCP5,T149,NA,NA,NA,NA,NA,NA,NA,NA,NA,NA
sp|Q6WQJ1|DGLA_MOUSE@S956,Q6WQJ1,S956,NA,NA,NA,NA,NA,NA,NA,NA,NA,NA
sp|Q8K4G5|ABLM1_MOUSE@S496,Q8K4G5,S496,0.785392101333333,0.5602573315,NA,NA,NA,NA,NA,1.1530701265,NA,0.268830518666667
sp|Q8VHR5|P66B_MOUSE@S487,Q8VHR5,S487,-1.285900452,-1.397232143,NA,NA,NA,NA,NA,NA,NA,-1.796418333
sp|P01831|THY1_MOUSE@S82,P01831,S82,NA,-1.707108001,NA,NA,NA,NA,NA,NA,NA,NA
sp|P19246|NFH_MOUSE@S673,P19246,S673,5.21750104466667,5.28887367133333,3.547519574,NA,2.13395769966667,NA,3.80201084266667,1.4499416215,4.002472292,4.92597042666667
sp|Q62108|DLG4_MOUSE@Y294,Q62108,Y294,2.544716651,2.068446149,1.764301557,NA,3.29552986233333,1.96426358566667,-1.753364144625,0.816529923,3.56153129433333,4.55600438366667
sp|Q3UNH4|GRIN1_MOUSE@T575,Q3UNH4,T575,NA,NA,NA,NA,NA,NA,NA,NA,NA,-2.305757592
sp|P35803|GPM6B_MOUSE@T328,P35803,T328,-1.807839182,-2.335621292,NA,NA,-2.202423084,-3.913750183,-3.216684778,3.263980187,-1.047397145,-0.674584863
sp|Q4ACU6|SHAN3_MOUSE@S1521,Q4ACU6,S1521,NA,NA,NA,NA,NA,NA,NA,NA,NA,NA
sp|P14873|MAP1B_MOUSE@Y939,P14873,Y939,NA,NA,NA,NA,NA,NA,NA,NA,NA,NA
sp|P43006|EAA2_MOUSE@S505,P43006,S505,NA,NA,NA,NA,NA,NA,NA,NA,NA,-0.269287455
sp|Q9Z1D1|EIF3G_MOUSE@T41,Q9Z1D1,T41,NA,NA,NA,NA,NA,NA,NA,NA,NA,NA
sp|Q9Z1D1|EIF3G_MOUSE@S42,Q9Z1D1,S42,NA,NA,NA,NA,NA,NA,NA,NA,NA,NA
sp|Q9Z1D1|EIF3G_MOUSE@T38,Q9Z1D1,T38,NA,NA,NA,NA,NA,NA,NA,NA,NA,NA
sp|B1AZP2|DLGP4_MOUSE@S156,B1AZP2,S156,NA,NA,NA,NA,NA,NA,NA,NA,NA,NA
sp|Q9WV69|DEMA_MOUSE@S26,Q9WV69,S26,1.09329362,2.017574436,0.427630271071429,0.733250766071429,-0.685525449,-0.291250368,0.695758708928571,0.14861861,1.4607498115,0.163425012
sp|Q62048|PEA15_MOUSE@S116,Q62048,S116,NA,NA,NA,NA,NA,NA,NA,NA,-1.182960648,NA
sp|P70441|NHRF1_MOUSE@S286,P70441,S286,NA,NA,NA,NA,NA,NA,NA,NA,NA,NA
sp|Q8R502|LRC8C_MOUSE@S201,Q8R502,S201,NA,NA,NA,NA,NA,NA,NA,NA,NA,NA
sp|Q8BTI8|SRRM2_MOUSE@S1343,Q8BTI8,S1343,-0.42339617,NA,NA,NA,NA,0.089779625,NA,NA,NA,-2.143795965
sp|P70441|NHRF1_MOUSE@S285,P70441,S285,NA,NA,NA,NA,NA,NA,NA,NA,NA,NA
sp|Q80XP9|WNK3_MOUSE@T1035,Q80XP9,T1035,NA,NA,NA,NA,NA,NA,NA,NA,NA,NA
sp|Q8R464|CADM4_MOUSE@S361,Q8R464,S361,-1.078258139,NA,NA,NA,NA,NA,NA,NA,NA,NA
sp|P20152|VIME_MOUSE@S56,P20152,S56,0.1163025005,NA,NA,NA,NA,NA,NA,NA,2.520814944,1.7206684025
sp|Q9Z1R2|BAG6_MOUSE@S1139,Q9Z1R2,S1139,NA,NA,NA,NA,NA,NA,NA,NA,-0.955778266,NA
sp|Q9QWI6|SRCN1_MOUSE@S432,Q9QWI6,S432,NA,-0.79611624,NA,NA,NA,NA,NA,NA,-0.840340885,-1.170411424
sp|Q924A2|CIC_MOUSE@S1080,Q924A2,S1080,NA,NA,NA,NA,NA,NA,-0.064489682,NA,NA,-1.623017918
sp|A2AJA9|AJM1_MOUSE@S497,A2AJA9,S497,1.517238559,-0.0124423079999998,NA,NA,NA,NA,NA,NA,1.357906295,0.172647296
sp|Q3UVX5|GRM5_MOUSE@T838,Q3UVX5,T838,1.340120946,0.410549737,NA,NA,NA,NA,-0.313415837,NA,0.058551246,0.882658132
sp|Q9CQ22|LTOR1_MOUSE@S27,Q9CQ22,S27,-1.19847028,NA,NA,NA,NA,NA,NA,NA,NA,NA
sp|Q5SU73|COIL_MOUSE@T169,Q5SU73,T169,NA,NA,NA,NA,NA,NA,NA,NA,NA,-1.59231769
sp|Q5NBX1|COBL_MOUSE@S826,Q5NBX1,S826,-2.275727165,NA,-1.600753197,NA,NA,NA,NA,NA,NA,NA
sp|O88384|VTI1B_MOUSE@T136,O88384,T136,NA,NA,NA,NA,NA,NA,NA,NA,NA,-0.4531012
sp|E9Q5K9|YTDC1_MOUSE@S309,E9Q5K9,S309,NA,NA,NA,NA,NA,NA,NA,NA,NA,-0.605830442
sp|Q9R0N7|SYT7_MOUSE@T55,Q9R0N7,T55,NA,NA,NA,NA,NA,NA,NA,NA,NA,NA
sp|P29533|VCAM1_MOUSE@S165,P29533,S165,-0.541838615,NA,NA,NA,NA,NA,NA,NA,NA,-1.451137589
sp|P29533|VCAM1_MOUSE@S166,P29533,S166,-0.452725153,NA,NA,NA,NA,NA,NA,NA,NA,-1.251599669
sp|Q5SU73|COIL_MOUSE@S171,Q5SU73,S171,NA,-0.610500275,NA,NA,NA,NA,NA,NA,NA,-1.708050563
sp|Q8C8R3|ANK2_MOUSE@T3050,Q8C8R3,T3050,-0.288295881,-0.377055649,NA,NA,NA,NA,NA,NA,NA,-1.207585981
sp|Q8C8R3|ANK2_MOUSE@T3046,Q8C8R3,T3046,NA,NA,NA,NA,NA,NA,NA,NA,NA,NA
sp|Q148V7|RELCH_MOUSE@S180,Q148V7,S180,NA,NA,NA,NA,NA,NA,NA,NA,NA,NA
sp|Q6PIC6|AT1A3_MOUSE@T475,Q6PIC6,T475,-0.888045994666667,0.338493212666667,-0.880233051416667,NA,NA,NA,NA,NA,-0.374420143333333,-0.277337777333333
sp|Q99LG1|TMM51_MOUSE@T105,Q99LG1,T105,NA,NA,NA,NA,NA,NA,NA,NA,NA,NA
sp|Q6PDG5|SMRC2_MOUSE@S283,Q6PDG5,S283,-1.234674036,NA,NA,NA,NA,NA,NA,NA,NA,NA
sp|Q99LG1|TMM51_MOUSE@S109,Q99LG1,S109,NA,NA,NA,NA,NA,NA,NA,NA,NA,NA
sp|Q9Z0P4|PALM_MOUSE@S248,Q9Z0P4,S248,-1.756560116,NA,NA,NA,NA,NA,NA,NA,NA,NA
sp|Q9Z0P4|PALM_MOUSE@T249,Q9Z0P4,T249,-1.756560116,NA,NA,NA,NA,NA,NA,NA,NA,NA
sp|Q61165|SL9A1_MOUSE@S787,Q61165,S787,NA,NA,NA,NA,NA,NA,NA,NA,NA,NA
sp|Q61165|SL9A1_MOUSE@S788,Q61165,S788,NA,NA,NA,NA,NA,NA,NA,NA,NA,NA
sp|Q99LG1|TMM51_MOUSE@S114,Q99LG1,S114,NA,NA,NA,NA,NA,NA,NA,NA,NA,NA
sp|Q9Z0V2|KCND2_MOUSE@T154,Q9Z0V2,T154,NA,NA,NA,NA,NA,NA,NA,NA,NA,NA
sp|Q80W14|PR40B_MOUSE@S831,Q80W14,S831,2.434220712,2.009230264,NA,NA,NA,NA,NA,NA,1.00547614,2.611712729
sp|Q00PI9|HNRL2_MOUSE@T163,Q00PI9,T163,-2.01970442,NA,NA,NA,NA,NA,NA,NA,NA,NA
sp|Q9Z0V2|KCND2_MOUSE@T157,Q9Z0V2,T157,NA,NA,NA,NA,NA,NA,NA,NA,NA,NA
sp|O88737|BSN_MOUSE@S2860,O88737,S2860,3.164216442,1.97775668488889,1.11162652738889,-0.43867996879861,2.86001022138889,1.08995360838889,NA,-0.84819928111111,2.71480533,3.74371812466667
sp|Q9D415|DLGP1_MOUSE@S437,Q9D415,S437,NA,NA,NA,NA,NA,NA,NA,NA,NA,-1.417455254
sp|Q9Z1Q2|ABHGA_MOUSE@T32,Q9Z1Q2,T32,-1.418260041,NA,NA,NA,NA,NA,NA,NA,NA,-0.78945091
sp|Q3UH68|LIMC1_MOUSE@S192,Q3UH68,S192,NA,NA,NA,NA,NA,NA,NA,NA,NA,NA
sp|P60469|LIPA3_MOUSE@S1164,P60469,S1164,-0.657363715333333,-1.83275462366667,NA,NA,NA,NA,NA,NA,-2.16206808366667,-0.915371685
sp|P51830|ADCY9_MOUSE@S610; sp|P51830|ADCY9_MOUSE@S613,P51830,S610,-0.546936975,NA,NA,NA,NA,NA,NA,NA,-0.840436512,NA
sp|Q9Z1Q2|ABHGA_MOUSE@T34,Q9Z1Q2,T34,NA,NA,NA,NA,NA,NA,NA,NA,NA,-1.587496569
sp|Q8K298|ANLN_MOUSE@S790,Q8K298,S790,1.41097702207143,1.27362824057143,-0.251267861928572,-0.925868966857143,-0.623807165928572,NA,0.452783696571428,NA,0.636871654071428,0.630702559571428
sp|Q3UJB9|EDC4_MOUSE@S733,Q3UJB9,S733,-0.151345468125,-0.261002330125,-1.436451158625,NA,NA,NA,NA,NA,-0.614271015125,-0.064204885
sp|Q68FD9|K1549_MOUSE@T1611,Q68FD9,T1611,NA,NA,NA,NA,NA,NA,NA,NA,NA,NA
sp|Q68FD9|K1549_MOUSE@S1613,Q68FD9,S1613,1.303050291,-0.727739526777778,NA,NA,NA,NA,NA,NA,0.136990577666667,1.294061886
sp|Q9Z1R2|BAG6_MOUSE@Y1138,Q9Z1R2,Y1138,NA,NA,NA,NA,NA,NA,NA,NA,-0.955778266,NA
sp|O08585|CLCA_MOUSE@S104,O08585,S104,NA,NA,NA,NA,NA,NA,NA,NA,NA,NA
sp|P26645|MARCS_MOUSE@S128,P26645,S128,-1.8343589745,-1.4152347215,NA,NA,NA,NA,NA,NA,NA,-0.2805468285
sp|Q62261|SPTB2_MOUSE@T2330,Q62261,T2330,-0.945064243,-0.880740297,-1.101490701,NA,-1.647393529,NA,NA,NA,NA,-0.507943082
sp|Q8C008|DZAN1_MOUSE@S768,Q8C008,S768,NA,NA,NA,NA,NA,NA,NA,NA,-1.002194461,-1.191888565
sp|Q9QYB8|ADDB_MOUSE@S539,Q9QYB8,S539,-0.798074441166667,0.159904502833333,-1.34540194916667,NA,-1.07007082616667,NA,NA,NA,-0.894120742916667,-0.307323553416667
sp|Q8C0E2|VP26B_MOUSE@S304,Q8C0E2,S304,NA,NA,NA,NA,NA,NA,NA,NA,NA,NA
sp|Q5DTL9|S4A10_MOUSE@S1085,Q5DTL9,S1085,NA,NA,NA,NA,NA,NA,NA,NA,NA,NA
sp|Q9QXS6|DREB_MOUSE@S141,Q9QXS6,S141,1.805740696,3.5545573415,NA,NA,NA,2.530639103,2.997214849,NA,3.423725329,3.6810031005
sp|Q8VDP4|CCAR2_MOUSE@S568,Q8VDP4,S568,NA,NA,NA,NA,NA,NA,NA,NA,NA,NA
sp|Q91XU0|WRIP1_MOUSE@S75,Q91XU0,S75,NA,NA,NA,NA,NA,NA,NA,NA,NA,NA
sp|Q8BZ98|DYN3_MOUSE@S767,Q8BZ98,S767,NA,NA,NA,NA,-1.816888434,NA,NA,NA,NA,NA
sp|Q61127|NAB2_MOUSE@S171,Q61127,S171,NA,NA,NA,NA,NA,NA,NA,NA,NA,-1.670903324
sp|Q6PDM2|SRSF1_MOUSE@S199,Q6PDM2,S199,NA,NA,NA,NA,NA,NA,NA,NA,NA,NA
sp|Q8VDQ8|SIR2_MOUSE@T218,Q8VDQ8,T218,NA,NA,NA,NA,NA,NA,NA,NA,NA,NA
sp|Q9Z2H5|E41L1_MOUSE@T489,Q9Z2H5,T489,1.853098205,NA,NA,NA,NA,NA,NA,NA,-1.11864175175,2.9562462845
sp|Q9Z2H5|E41L1_MOUSE@T488,Q9Z2H5,T488,1.6417103685,NA,NA,NA,NA,NA,NA,NA,NA,2.5298530535
sp|P63318|KPCG_MOUSE@S330,P63318,S330,-0.802278444,-0.776749758,NA,NA,NA,NA,NA,NA,-0.758385955,-1.129286356
sp|P70408|CAD10_MOUSE@Y779,P70408,Y779,-0.655955311,-0.446877145,NA,NA,NA,NA,NA,NA,-1.226947013,0.718815984
sp|P04370|MBP_MOUSE@T226; sp|P04370|MBP_MOUSE@T229,P04370,T226,-0.808018398,NA,NA,NA,NA,NA,NA,NA,NA,-0.007297638
sp|Q3UDW8|HGNAT_MOUSE@S238,Q3UDW8,S238,NA,NA,NA,NA,NA,NA,NA,NA,0.68564354,0.794590743
sp|Q8CIQ7|DOCK3_MOUSE@S1763,Q8CIQ7,S1763,0.900684825,0.417896586,NA,NA,NA,NA,NA,NA,0.259044513,1.468763457
sp|P49312|ROA1_MOUSE@S6,P49312,S6,3.449527446,2.642246621,NA,NA,NA,NA,NA,0.810245094500001,1.85826054933333,3.50679426266667
sp|P52479|UBP10_MOUSE@S541,P52479,S541,NA,0.102213496,NA,NA,NA,NA,NA,NA,-1.23999634,-1.170146011
sp|P14873|MAP1B_MOUSE@Y1951,P14873,Y1951,NA,-1.537265925,NA,NA,NA,NA,NA,NA,NA,NA
sp|P83510|TNIK_MOUSE@S659,P83510,S659,NA,NA,NA,NA,NA,NA,NA,NA,NA,NA
sp|Q9CYT6|CAP2_MOUSE@S308; sp|Q9CYT6|CAP2_MOUSE@S311,Q9CYT6,S308,NA,NA,NA,NA,NA,NA,NA,NA,NA,NA
sp|Q5DQR4|STB5L_MOUSE@S592,Q5DQR4,S592,0.149973263333333,-1.05627750066667,NA,NA,-1.33561231229167,-0.507407042291667,-1.02194801316667,NA,NA,0.0873450293333332
sp|Q3UGS4|MCRI1_MOUSE@S25,Q3UGS4,S25,-0.29333966,NA,-1.906025267,NA,NA,NA,NA,NA,-1.111464835,-0.0782590870000002
sp|Q8K4G5|ABLM1_MOUSE@S479,Q8K4G5,S479,-2.348723391,NA,NA,NA,NA,NA,NA,NA,NA,NA
sp|Q9R1V6|ADA22_MOUSE@S808,Q9R1V6,S808,1.51767218966667,0.439433586666667,NA,NA,NA,NA,NA,NA,1.20425952333333,-0.219213779333333
sp|Q8K4G5|ABLM1_MOUSE@Y483,Q8K4G5,Y483,NA,NA,NA,NA,NA,NA,NA,NA,NA,NA
sp|Q9R0A1|CLCN2_MOUSE@S669,Q9R0A1,S669,NA,NA,NA,NA,NA,NA,NA,NA,NA,NA
sp|Q8K207|CA021_MOUSE@S95,Q8K207,S95,NA,-0.545638816,NA,NA,NA,NA,NA,NA,NA,-1.398763182
sp|Q6PIJ4|NFRKB_MOUSE@S228,Q6PIJ4,S228,0.6070260195,NA,NA,NA,NA,NA,NA,NA,NA,1.1225163255
sp|Q9QYB8|ADDB_MOUSE@S535,Q9QYB8,S535,NA,-0.352174216,NA,NA,NA,NA,NA,NA,NA,0.781385445
sp|A2AQ25|SKT_MOUSE@S169,A2AQ25,S169,NA,0.777653785,NA,NA,NA,NA,NA,NA,NA,1.101220814
sp|Q8CJ19|MICA3_MOUSE@S1156,Q8CJ19,S1156,-0.457733352,-0.515220777,NA,NA,NA,-0.660707686,NA,NA,-0.027599205,NA
sp|Q9ESK9|RBCC1_MOUSE@S666,Q9ESK9,S666,-0.898885048,0.561339785,NA,NA,NA,NA,NA,NA,0.631880998,-0.632107692
sp|Q08274|DMWD_MOUSE@T663,Q08274,T663,NA,-1.510416357,NA,NA,NA,NA,NA,NA,NA,NA
sp|Q3U0P1|PALB2_MOUSE@S462,Q3U0P1,S462,1.082158113,0.659543636,NA,NA,-1.527016857,NA,-0.323728075,NA,-1.473180882,0.815266981
sp|Q8R0S2|IQEC1_MOUSE@S922,Q8R0S2,S922,NA,-1.52336111,NA,NA,NA,NA,NA,NA,NA,NA
sp|Q91ZU6|DYST_MOUSE@S7186,Q91ZU6,S7186,0.204777616,NA,NA,0.791681621,NA,NA,NA,NA,NA,-0.19396571
sp|Q8R0S2|IQEC1_MOUSE@S923,Q8R0S2,S923,NA,-1.52336111,NA,NA,NA,NA,NA,NA,NA,NA
sp|Q9Z0V2|KCND2_MOUSE@S548,Q9Z0V2,S548,-0.301997133333333,-0.326925014333333,-0.781557610416667,NA,-1.57465913441667,NA,NA,NA,NA,-0.648101346583333
sp|P20357|MTAP2_MOUSE@T1012,P20357,T1012,2.728050874,3.142149214,2.880270086,NA,3.428043318,1.756202224,NA,1.07812298,3.626793914,5.779702902
sp|Q9CWE0|MFR1L_MOUSE@S100,Q9CWE0,S100,0.677186429,0.310717260166666,NA,NA,NA,NA,NA,NA,NA,1.93318230333333
sp|P20357|MTAP2_MOUSE@S1013,P20357,S1013,2.25343272333333,2.323329912,1.65073504418974,NA,2.44922163066667,1.10834635406667,-0.176579208,0.35333415634359,3.009920098,4.998682352
sp|A2AQ25|SKT_MOUSE@S1902; sp|A2AQ25|SKT_MOUSE@S1905,A2AQ25,S1902,-1.535731634,-1.25695925,NA,NA,NA,NA,NA,NA,NA,NA
sp|Q80T41|GABR2_MOUSE@T818,Q80T41,T818,NA,NA,NA,NA,NA,NA,NA,NA,-0.950943255,-0.374762954
sp|Q9QYX7|PCLO_MOUSE@S1588,Q9QYX7,S1588,-1.516702632,NA,NA,NA,NA,NA,NA,NA,NA,NA
sp|Q9QYB5|ADDG_MOUSE@S679,Q9QYB5,S679,1.59058239183333,0.619316085958333,NA,NA,-1.44434912804167,-2.40482640204167,-0.659175163166667,NA,0.570936920833333,1.30320619733333
sp|Q8BIE6|FRM4A_MOUSE@S679,Q8BIE6,S679,NA,NA,NA,NA,NA,NA,NA,NA,NA,NA
sp|P10853|H2B1F_MOUSE@S57,P10853,S57,-0.232191537,-0.868212191681818,NA,NA,NA,NA,NA,NA,-0.876105497681818,-0.322516757272727
sp|Q68FH0|PKP4_MOUSE@S405; sp|Q68FH0|PKP4_MOUSE@T411,Q68FH0,S405,NA,-1.058270182,NA,NA,NA,NA,NA,NA,-1.269510398,NA
sp|O88602|CCG2_MOUSE@S253,O88602,S253,NA,NA,NA,NA,NA,NA,NA,NA,NA,-0.965665979
sp|Q80X80|C2C2L_MOUSE@T419,Q80X80,T419,-0.483306164,-0.305374997,NA,NA,NA,NA,NA,NA,-1.302592644,-0.469472489
sp|Q8BL80|RHG22_MOUSE@S387,Q8BL80,S387,-2.045741484,NA,NA,NA,NA,NA,NA,NA,NA,NA
sp|Q80X80|C2C2L_MOUSE@T621,Q80X80,T621,NA,NA,NA,NA,NA,NA,NA,NA,NA,NA
sp|Q91ZU6|DYST_MOUSE@S237,Q91ZU6,S237,NA,NA,NA,NA,NA,NA,NA,NA,NA,NA
sp|Q91ZU6|DYST_MOUSE@S236,Q91ZU6,S236,NA,NA,NA,NA,NA,NA,NA,NA,NA,NA
sp|Q9ESK9|RBCC1_MOUSE@T662,Q9ESK9,T662,NA,-0.276017191,NA,NA,NA,NA,NA,NA,-0.205475978,NA
sp|Q3UGS4|MCRI1_MOUSE@S26,Q3UGS4,S26,-0.29333966,NA,-1.906025267,NA,NA,NA,NA,NA,-1.111464835,-0.0782590870000002
sp|Q9ESK9|RBCC1_MOUSE@T663,Q9ESK9,T663,0.544891725,-0.276017191,NA,NA,NA,NA,NA,NA,-0.205475978,-0.40025411
sp|Q9ESK9|RBCC1_MOUSE@T664,Q9ESK9,T664,0.552806962,-0.276017191,NA,NA,NA,NA,NA,NA,-0.205475978,-0.40908575
sp|Q9ESK9|RBCC1_MOUSE@T665,Q9ESK9,T665,0.543860967,-0.276017191,NA,NA,NA,NA,NA,NA,-0.205475978,-0.399039999
sp|Q9QYB5|ADDG_MOUSE@S693,Q9QYB5,S693,NA,NA,NA,NA,NA,NA,NA,NA,NA,NA
sp|P26645|MARCS_MOUSE@S125,P26645,S125,-0.556260916999999,-0.5996504525,0.749927229,NA,-0.48099931,NA,NA,NA,1.567768724,1.4600650175
sp|Q99L43|CDS2_MOUSE@S22,Q99L43,S22,-0.89362722975,NA,NA,NA,NA,NA,NA,NA,0,-0.50450895125
sp|Q8K019|BCLF1_MOUSE@S284; sp|Q8K019|BCLF1_MOUSE@S286,Q8K019,S284,-1.01456485425,-0.569505906,NA,NA,NA,NA,-0.8984260525,NA,NA,-1.46403728475
sp|P14873|MAP1B_MOUSE@T340,P14873,T340,-0.520520594,-1.284573112,NA,NA,NA,NA,-1.189717325,NA,-0.589877653,-0.187826264
sp|P14873|MAP1B_MOUSE@S341,P14873,S341,0.139992265,-0.624060253,NA,NA,NA,NA,-0.529204466,NA,0.070635206,0.472686595
sp|P26645|MARCS_MOUSE@T126,P26645,T126,-0.554615396999999,-0.597182172499999,0.746180607,NA,-0.48099931,NA,NA,NA,1.561353945,1.4608877775
sp|P62806|H4_MOUSE@Y89,P62806,Y89,-1.777706741,-0.708118775,NA,NA,NA,NA,NA,NA,NA,-2.007085458
sp|Q9EQF6|DPYL5_MOUSE@T509,Q9EQF6,T509,-0.334315145,0.022237987,NA,NA,NA,NA,NA,NA,NA,NA
sp|P08775|RPB1_MOUSE@S1878,P08775,S1878,-1.071730772,NA,NA,NA,NA,NA,NA,NA,NA,-0.295387391
sp|P08775|RPB1_MOUSE@T1877,P08775,T1877,-1.071730772,NA,NA,NA,NA,NA,NA,NA,NA,-0.295387391
sp|P48437|PROX1_MOUSE@S199,P48437,S199,-2.1248385,NA,NA,NA,NA,NA,NA,NA,NA,NA
sp|P48437|PROX1_MOUSE@S197,P48437,S197,-2.1248385,NA,NA,NA,NA,NA,NA,NA,NA,NA
sp|Q80X80|C2C2L_MOUSE@S623,Q80X80,S623,NA,NA,NA,NA,NA,NA,NA,NA,NA,NA
sp|Q8R0S2|IQEC1_MOUSE@S108,Q8R0S2,S108,-0.091748182,-1.803357174,NA,NA,-1.133315054,NA,NA,NA,-1.510917276,NA
sp|Q3UN16|GP162_MOUSE@S539,Q3UN16,S539,1.2035533255,0.7879831075,NA,NA,NA,NA,NA,NA,0.5990754235,0.8097533065
sp|Q80X80|C2C2L_MOUSE@T624,Q80X80,T624,NA,NA,NA,NA,NA,NA,NA,NA,NA,NA
sp|Q80Y24|PRIC2_MOUSE@T806,Q80Y24,T806,NA,0.12964944,NA,NA,NA,NA,NA,NA,-0.804512098,-0.723742965
sp|Q8BGV8|MID51_MOUSE@S59,Q8BGV8,S59,0.374414175333333,0.5079489935,NA,NA,NA,NA,NA,NA,-0.0501842891666666,0.562253249333333
sp|Q9JM96|BORG4_MOUSE@S139,Q9JM96,S139,-0.278924915,-0.772624802,NA,NA,NA,NA,NA,NA,NA,-1.387854982
sp|Q9JM96|BORG4_MOUSE@S140,Q9JM96,S140,0.456905516,-0.028534102,NA,NA,NA,NA,NA,NA,-0.948747338,0.20881105
sp|Q68FH0|PKP4_MOUSE@S222; sp|Q68FH0|PKP4_MOUSE@S226,Q68FH0,S222,NA,NA,NA,NA,NA,NA,NA,NA,NA,NA
sp|P26645|MARCS_MOUSE@S127,P26645,S127,-1.325991535,-0.906867282,NA,NA,NA,NA,NA,NA,NA,0.227820611
sp|Q80Y24|PRIC2_MOUSE@S807,Q80Y24,S807,NA,0.1290054545,NA,NA,NA,NA,NA,NA,-0.8051560835,-0.7243869505
sp|Q9JL04|FMN2_MOUSE@S614,Q9JL04,S614,NA,NA,NA,NA,NA,NA,NA,NA,NA,NA
sp|Q9QYR6|MAP1A_MOUSE@T1633; sp|Q9QYR6|MAP1A_MOUSE@S1648,Q9QYR6,T1633,2.667180343,3.248039196,1.715984912,NA,0.116082559,NA,1.192586077,NA,0.976443811,2.463501885
sp|Q7TPB0|PLPR3_MOUSE@S346,Q7TPB0,S346,NA,NA,NA,NA,NA,NA,NA,NA,NA,NA
sp|Q9D7S7|RL22L_MOUSE@S112,Q9D7S7,S112,NA,NA,NA,NA,NA,NA,NA,NA,NA,NA
sp|Q9QYR6|MAP1A_MOUSE@S1634; sp|Q9QYR6|MAP1A_MOUSE@S1648,Q9QYR6,S1634,2.667180343,3.248039196,1.715984912,NA,0.116082559,NA,1.192586077,NA,0.976443811,2.463501885
sp|E9Q236|MRP4_MOUSE@T646,E9Q236,T646,NA,NA,NA,NA,NA,NA,NA,NA,NA,-1.597434426
sp|Q9QZC1|TRPC3_MOUSE@S63,Q9QZC1,S63,NA,NA,NA,NA,NA,NA,NA,NA,NA,NA
sp|P10853|H2B1F_MOUSE@T97,P10853,T97,NA,NA,NA,NA,NA,NA,NA,NA,NA,NA
sp|B2RY56|RBM25_MOUSE@S670,B2RY56,S670,0.975688974,0.2746234,NA,NA,NA,NA,NA,NA,0.362899999,1.379770507
sp|P0C7M9|CLC2L_MOUSE@S47; sp|P0C7M9|CLC2L_MOUSE@S52,P0C7M9,S47,NA,NA,NA,NA,NA,NA,NA,NA,NA,NA
sp|Q91V04|TRAM1_MOUSE@S365,Q91V04,S365,NA,NA,NA,NA,NA,NA,NA,NA,NA,NA
sp|Q569Z6|TR150_MOUSE@S326,Q569Z6,S326,0.699675406,NA,NA,NA,NA,NA,NA,NA,-0.722837425,-0.472168114
sp|Q9D7S7|RL22L_MOUSE@S118,Q9D7S7,S118,NA,NA,NA,NA,NA,NA,NA,NA,NA,NA
sp|P70663|SPRL1_MOUSE@S86,P70663,S86,NA,NA,NA,NA,NA,NA,NA,NA,NA,-2.085743689
sp|Q9R0K7|AT2B2_MOUSE@T1117,Q9R0K7,T1117,0.440445939,-1.237939855,NA,NA,-1.82705207,NA,NA,NA,-0.383327121,-0.763235486
sp|Q99PT3|IN80B_MOUSE@S370,Q99PT3,S370,NA,NA,NA,NA,NA,NA,NA,NA,NA,NA
sp|Q6PIE5|AT1A2_MOUSE@S58,Q6PIE5,S58,NA,NA,NA,NA,NA,NA,NA,NA,NA,NA
sp|P10637|TAU_MOUSE@Y489,P10637,Y489,NA,NA,NA,NA,NA,NA,-1.073989848,NA,NA,NA
sp|Q3U0P1|PALB2_MOUSE@S467,Q3U0P1,S467,1.082158113,0.659543636,NA,NA,-1.527016857,NA,-0.323728075,NA,-1.473180882,0.815266981
sp|Q9D7S7|RL22L_MOUSE@S120,Q9D7S7,S120,NA,NA,NA,NA,NA,NA,NA,NA,NA,NA
sp|Q8BGV8|MID51_MOUSE@T58,Q8BGV8,T58,0.979004936,0.835239594166667,-0.478603316833333,NA,0.358349326166667,NA,NA,-1.88998943083333,0.5906700465,1.038855386
sp|P47757|CAPZB_MOUSE@S263,P47757,S263,NA,-1.188119882,NA,NA,NA,NA,NA,NA,NA,-0.214145965
sp|Q9ES97|RTN3_MOUSE@S752,Q9ES97,S752,NA,NA,NA,NA,NA,NA,NA,NA,-0.243474316,NA
sp|Q9QYR6|MAP1A_MOUSE@T1800,Q9QYR6,T1800,3.140156718,2.686569637,0.990522151,NA,1.038316065,0.778439489,NA,NA,2.499289913,3.099392085
sp|Q8JZQ9|EIF3B_MOUSE@S75; sp|Q8JZQ9|EIF3B_MOUSE@S79,Q8JZQ9,S75,-1.19771957,-0.844019838,NA,NA,NA,NA,NA,NA,NA,0.225595702
sp|Q5GH64|XKR7_MOUSE@S570,Q5GH64,S570,NA,NA,NA,NA,NA,NA,NA,NA,NA,NA
sp|Q9Z2H5|E41L1_MOUSE@S544,Q9Z2H5,S544,1.209291895375,0.241281718375,NA,NA,-1.34335283725,NA,-0.48353250125,-1.86926564625,-0.706128418625,0.331077202875
sp|Q8CCN5|BCAS3_MOUSE@S871,Q8CCN5,S871,NA,NA,NA,NA,NA,NA,NA,NA,NA,-1.387642489
sp|Q52KI8|SRRM1_MOUSE@S616,Q52KI8,S616,NA,NA,NA,NA,NA,NA,NA,NA,NA,NA
sp|Q925T6|GRIP1_MOUSE@S432,Q925T6,S432,NA,NA,NA,NA,NA,NA,NA,NA,NA,NA
sp|B9EJ80|PDZD8_MOUSE@S513,B9EJ80,S513,NA,NA,NA,NA,NA,NA,NA,NA,NA,NA
sp|Q5EBJ4|ERMIN_MOUSE@T257,Q5EBJ4,T257,1.538659264,0.843238307,NA,NA,NA,NA,0.146562258,NA,0.291471573,0.57415316
sp|Q9CR86|CHSP1_MOUSE@S42,Q9CR86,S42,0.928682383999999,0.439870604999999,NA,NA,NA,NA,NA,NA,NA,0.322823831
sp|P19246|NFH_MOUSE@S601; sp|P19246|NFH_MOUSE@S607,P19246,S601,NA,NA,NA,NA,NA,NA,NA,NA,NA,NA
sp|B9EJ80|PDZD8_MOUSE@S515,B9EJ80,S515,NA,NA,NA,NA,NA,NA,NA,NA,NA,NA
sp|Q9QZC1|TRPC3_MOUSE@S62,Q9QZC1,S62,NA,NA,NA,NA,NA,NA,NA,NA,NA,NA
sp|Q62418|DBNL_MOUSE@T299,Q62418,T299,NA,NA,NA,NA,NA,NA,NA,NA,NA,-1.06193696
sp|Q9Z0V2|KCND2_MOUSE@S546,Q9Z0V2,S546,0.0511623213333333,-0.218816862,-0.792658641944444,NA,-2.25001049281944,NA,NA,NA,-2.19166279581944,-0.470670927666667
sp|Q9QYR6|MAP1A_MOUSE@S1899,Q9QYR6,S1899,1.291505072,1.054228436,NA,NA,NA,NA,-0.12131141,NA,-0.571946204,0.238786422
sp|Q5DTL9|S4A10_MOUSE@S1089,Q5DTL9,S1089,NA,NA,NA,NA,NA,NA,NA,NA,NA,NA
sp|P18872|GNAO_MOUSE@S207,P18872,S207,NA,-0.284599307,NA,NA,NA,NA,NA,NA,-1.298776182,NA
sp|Q9QZC1|TRPC3_MOUSE@S66,Q9QZC1,S66,NA,NA,NA,NA,NA,NA,NA,NA,NA,NA
sp|Q925T6|GRIP1_MOUSE@T431,Q925T6,T431,NA,NA,NA,NA,NA,NA,NA,NA,NA,NA
sp|Q8CCN5|BCAS3_MOUSE@S869,Q8CCN5,S869,NA,NA,NA,NA,NA,NA,NA,NA,NA,-1.387642489
sp|Q9QYR6|MAP1A_MOUSE@S1900,Q9QYR6,S1900,1.291505072,1.054228436,NA,NA,NA,NA,-0.12131141,NA,-0.571946204,0.238786422
sp|Q5SXY1|CYTSB_MOUSE@S355,Q5SXY1,S355,NA,NA,NA,NA,NA,NA,NA,NA,NA,NA
sp|Q9QYR6|MAP1A_MOUSE@S1898,Q9QYR6,S1898,1.291505072,1.054228436,NA,NA,NA,NA,-0.12131141,NA,-0.571946204,0.238786422
sp|P19246|NFH_MOUSE@S721,P19246,S721,1.289804061,0.9968088245,NA,NA,-0.679855323,NA,NA,NA,0.4737995965,0.979922373
sp|Q3TES0|IQEC3_MOUSE@S256,Q3TES0,S256,-0.668426418,NA,NA,NA,NA,NA,NA,NA,NA,-0.784679279
sp|Q99P72|RTN4_MOUSE@S838,Q99P72,S838,-1.699519194,NA,NA,NA,NA,NA,-0.448732357,NA,-0.897526335,-0.97033276
sp|Q9QYB8|ADDB_MOUSE@S618,Q9QYB8,S618,0.736556817333333,0.310120732666667,NA,NA,0.897055072277778,0.801034237166667,-0.580253055555556,0.00819323705555564,2.56845531266667,3.304150921
sp|O88508|DNM3A_MOUSE@S102,O88508,S102,-1.780925416,NA,NA,NA,NA,NA,NA,NA,NA,-0.421151102
sp|P09470|ACE_MOUSE@S1305,P09470,S1305,NA,NA,NA,NA,NA,NA,NA,NA,NA,NA
sp|Q80ZX8|SPAG1_MOUSE@S703,Q80ZX8,S703,NA,-0.358976821,NA,NA,-0.648114354,NA,NA,NA,NA,-1.009807074
sp|Q8C996|TM163_MOUSE@S41,Q8C996,S41,NA,NA,NA,NA,NA,NA,NA,NA,NA,NA
sp|Q8C996|TM163_MOUSE@S42,Q8C996,S42,NA,NA,NA,NA,NA,NA,NA,NA,NA,NA
sp|P63141|KCNA2_MOUSE@S440,P63141,S440,NA,NA,NA,NA,NA,NA,NA,NA,NA,NA
sp|Q8C996|TM163_MOUSE@S40,Q8C996,S40,NA,NA,NA,NA,NA,NA,NA,NA,NA,NA
sp|Q8K4Z5|SF3A1_MOUSE@S357,Q8K4Z5,S357,NA,-1.452460109,NA,NA,NA,NA,NA,NA,NA,NA
sp|O35927|CTND2_MOUSE@S531; sp|O35927|CTND2_MOUSE@S534,O35927,S531,NA,NA,NA,NA,NA,NA,NA,NA,NA,NA
sp|P14873|MAP1B_MOUSE@Y1934,P14873,Y1934,-1.475862021,NA,NA,NA,NA,NA,NA,NA,NA,-1.359027067
sp|P14873|MAP1B_MOUSE@Y1405,P14873,Y1405,NA,NA,NA,NA,NA,NA,NA,NA,NA,NA
sp|Q8BTI8|SRRM2_MOUSE@S1067,Q8BTI8,S1067,0.0631397667499999,-0.66412086125,NA,NA,NA,NA,NA,NA,-1.102515204,-0.4436759015
sp|Q61361|PGCB_MOUSE@T544,Q61361,T544,NA,NA,NA,NA,NA,NA,NA,NA,NA,NA
sp|Q8BFW6|ENTP3_MOUSE@S528,Q8BFW6,S528,NA,NA,NA,NA,NA,NA,NA,NA,NA,NA
sp|Q8C996|TM163_MOUSE@S45,Q8C996,S45,NA,NA,NA,NA,NA,NA,NA,NA,NA,NA
sp|Q6ZPE2|MTMR5_MOUSE@S706,Q6ZPE2,S706,NA,NA,NA,NA,NA,NA,NA,NA,NA,NA
sp|Q6P9J5|KANK4_MOUSE@T426,Q6P9J5,T426,NA,-1.646806589,NA,NA,NA,NA,NA,NA,NA,NA
sp|Q62261|SPTB2_MOUSE@S2331,Q62261,S2331,NA,NA,NA,NA,NA,NA,NA,NA,NA,NA
sp|Q8BPN8|DMXL2_MOUSE@S1288,Q8BPN8,S1288,NA,-0.704922049,-1.466198433,NA,NA,NA,NA,NA,NA,-0.819248977
sp|Q6ZWR6|SYNE1_MOUSE@S8336,Q6ZWR6,S8336,NA,NA,NA,NA,NA,NA,NA,NA,NA,-1.46823797
sp|Q62261|SPTB2_MOUSE@T2336,Q62261,T2336,2.477381345,2.443196323,1.731248561,NA,1.476209501,1.122842952,-0.683183599,NA,1.866520833,2.640251283
sp|Q99NB9|SF3B1_MOUSE@T326,Q99NB9,T326,-0.705991888666667,-0.0596240398333334,NA,NA,-1.17589179270833,NA,NA,NA,-0.495361012333333,0.386736195
sp|Q69ZZ9|K0754_MOUSE@S1510,Q69ZZ9,S1510,NA,NA,NA,NA,NA,NA,NA,NA,NA,NA
sp|P81122|IRS2_MOUSE@S588,P81122,S588,-1.244598436,NA,NA,NA,NA,NA,NA,NA,NA,-1.812334283
sp|P81122|IRS2_MOUSE@S590,P81122,S590,-1.244598436,NA,NA,NA,NA,NA,NA,NA,NA,-1.812334283
sp|Q8K4Z5|SF3A1_MOUSE@T348,Q8K4Z5,T348,NA,-1.38045737,NA,NA,NA,NA,NA,NA,NA,NA
sp|Q69ZZ9|K0754_MOUSE@T1516,Q69ZZ9,T1516,NA,NA,NA,NA,NA,NA,NA,NA,NA,NA
sp|P14873|MAP1B_MOUSE@S1253,P14873,S1253,-0.168456697,NA,NA,NA,NA,NA,NA,NA,NA,-1.176394083
sp|Q99P72|RTN4_MOUSE@S839,Q99P72,S839,-1.699519194,NA,NA,NA,NA,NA,-0.449005207,NA,-0.908662701,-0.97441263
sp|Q8C8R3|ANK2_MOUSE@S3345,Q8C8R3,S3345,NA,NA,NA,NA,NA,NA,NA,NA,-1.660021227,NA
sp|Q69ZZ9|K0754_MOUSE@S1514,Q69ZZ9,S1514,NA,NA,NA,NA,NA,NA,NA,NA,NA,NA
sp|Q6ZPE2|MTMR5_MOUSE@S702,Q6ZPE2,S702,NA,NA,NA,NA,NA,NA,NA,NA,NA,NA
sp|Q8BVL3|SNX17_MOUSE@S336,Q8BVL3,S336,-1.878385233,NA,NA,NA,NA,NA,NA,NA,NA,NA
sp|Q8R0S2|IQEC1_MOUSE@S86,Q8R0S2,S86,-0.4019300695,-1.75158065425,NA,NA,NA,NA,NA,NA,0.26920357675,1.557230832
sp|Q68FH0|PKP4_MOUSE@S1185,Q68FH0,S1185,NA,NA,NA,NA,NA,NA,NA,NA,NA,NA
sp|A2AAE1|BLTP1_MOUSE@T3996,A2AAE1,T3996,-2.114894546,NA,NA,NA,NA,NA,NA,NA,NA,NA
sp|Q8R4T1|CYS1_MOUSE@S95,Q8R4T1,S95,0.611253423,0.700947384,NA,NA,NA,NA,NA,NA,-0.132874653,0.814048306333333
sp|Q60520|SIN3A_MOUSE@S1113,Q60520,S1113,NA,-1.197541576,NA,NA,NA,NA,NA,NA,NA,NA
sp|P54285|CACB3_MOUSE@S393,P54285,S393,NA,NA,NA,NA,NA,NA,-0.801624236,NA,NA,NA
sp|Q5DTN8|JKIP3_MOUSE@S384,Q5DTN8,S384,NA,-0.423869541,NA,NA,NA,NA,NA,NA,NA,NA
sp|Q60771|CLD11_MOUSE@S198; sp|Q60771|CLD11_MOUSE@T200,Q60771,S198,0.644345903,-0.158762821,NA,NA,NA,NA,NA,NA,NA,0.104818239
sp|P63216|GBG3_MOUSE@T5; sp|P63216|GBG3_MOUSE@S12,P63216,T5,-0.945018296,NA,NA,NA,-0.616237947,NA,NA,NA,-0.506725809,NA
sp|Q62108|DLG4_MOUSE@S478,Q62108,S478,0.35044610325,-0.90569387375,NA,0.1267111545,-0.8138222995,NA,NA,NA,-0.82834469425,-0.29951378225
sp|Q80TE7|LRRC7_MOUSE@T1161,Q80TE7,T1161,-0.820654627,NA,NA,NA,NA,NA,NA,NA,NA,-1.709182369
sp|Q80TE7|LRRC7_MOUSE@S1159,Q80TE7,S1159,-0.820654627,NA,NA,NA,NA,NA,NA,NA,NA,-1.709182369
sp|P10637|TAU_MOUSE@T509,P10637,T509,NA,0.058836854,NA,NA,NA,NA,NA,NA,-0.16518469,1.175516758
sp|Q6ZPE2|MTMR5_MOUSE@T708,Q6ZPE2,T708,NA,NA,NA,NA,NA,NA,NA,NA,NA,NA
sp|Q9QZB7|ARP10_MOUSE@S414,Q9QZB7,S414,3.670995457,3.5858254045,2.409714077,2.05715095455556,3.5610225625,1.4305618965,2.2875268175,1.471880406,3.215988033,4.047258845
sp|Q921F2|TADBP_MOUSE@S183,Q921F2,S183,2.391544941,1.121462277,NA,NA,0.069257728,0.195005568,NA,NA,0.649881066,1.609304823
sp|Q62108|DLG4_MOUSE@S480,Q62108,S480,0.349651661,-0.9096070265,NA,0.12512227,-0.815411184,NA,NA,NA,-0.829198195,-0.3003082245
sp|Q60771|CLD11_MOUSE@S197; sp|Q60771|CLD11_MOUSE@S198,Q60771,S197,-1.0755433155,-0.262338227,NA,NA,NA,NA,NA,NA,NA,-0.5043112165
sp|Q8BVL3|SNX17_MOUSE@S331,Q8BVL3,S331,-1.878385233,NA,NA,NA,NA,NA,NA,NA,NA,NA
sp|Q6ZPE2|MTMR5_MOUSE@T711,Q6ZPE2,T711,NA,NA,NA,NA,NA,NA,NA,NA,NA,NA
sp|Q62261|SPTB2_MOUSE@T2170,Q62261,T2170,1.039702671,NA,NA,0.3589138005,NA,NA,NA,NA,0.8297272635,1.895699661
sp|Q9Z0H8|CLIP2_MOUSE@S295,Q9Z0H8,S295,NA,0,NA,NA,NA,NA,NA,NA,-0.824104896,-1.043745218
sp|Q8BVL3|SNX17_MOUSE@T334,Q8BVL3,T334,-1.878385233,NA,NA,NA,NA,NA,NA,NA,NA,NA
sp|Q61029|LAP2B_MOUSE@T74,Q61029,T74,NA,NA,NA,NA,NA,NA,NA,NA,NA,NA
sp|Q8BVL3|SNX17_MOUSE@S335,Q8BVL3,S335,-1.878385233,NA,NA,NA,NA,NA,NA,NA,NA,NA
sp|Q5DTN8|JKIP3_MOUSE@S383,Q5DTN8,S383,NA,-0.423869541,NA,NA,NA,NA,NA,NA,NA,NA
sp|Q8CC35|SYNPO_MOUSE@S765,Q8CC35,S765,NA,NA,NA,NA,NA,NA,NA,NA,NA,NA
sp|Q6WQJ1|DGLA_MOUSE@S744,Q6WQJ1,S744,-1.002788258,0.756503726,NA,NA,NA,NA,NA,NA,0.485530154,-1.356268528
sp|Q924N4|S12A6_MOUSE@T1040,Q924N4,T1040,NA,NA,NA,-0.415898152,NA,NA,NA,NA,NA,NA
sp|Q924N4|S12A6_MOUSE@T1038,Q924N4,T1038,NA,NA,NA,-0.415898152,NA,NA,NA,NA,NA,NA
sp|Q8BGV8|MID51_MOUSE@T61,Q8BGV8,T61,-1.418796133,NA,NA,NA,NA,NA,NA,NA,-0.497511807,NA
sp|O54784|DAPK3_MOUSE@S316,O54784,S316,NA,NA,NA,NA,NA,NA,NA,NA,NA,NA
sp|Q8CBX0|TM63C_MOUSE@S89,Q8CBX0,S89,NA,NA,NA,NA,NA,NA,NA,NA,NA,-2.1551723
sp|Q8JZP2|SYN3_MOUSE@S461,Q8JZP2,S461,-1.16628857,-1.310532097,NA,NA,NA,NA,NA,NA,NA,-1.991536681
sp|Q6NXI6|RPRD2_MOUSE@T742,Q6NXI6,T742,-1.87936487,NA,NA,NA,NA,NA,NA,NA,-1.103704677,NA
sp|Q9QYX7|PCLO_MOUSE@S625,Q9QYX7,S625,0.145417627066667,-0.350197953666667,NA,NA,NA,NA,NA,NA,-0.741215942733333,0.083413549
sp|Q08274|DMWD_MOUSE@S653,Q08274,S653,NA,-1.510416357,NA,NA,NA,NA,NA,NA,NA,NA
sp|Q5SW75|SSH2_MOUSE@T1422,Q5SW75,T1422,0.282806403,-0.281436197,-1.979705061,NA,NA,NA,NA,NA,0.078571457,-1.148718607
sp|P13595|NCAM1_MOUSE@S946,P13595,S946,NA,NA,NA,NA,NA,NA,NA,NA,NA,-1.441568627
sp|O88587|COMT_MOUSE@Y255,O88587,Y255,-1.929144379,NA,NA,NA,NA,NA,NA,NA,NA,NA
sp|Q8BG16|S6A15_MOUSE@S699,Q8BG16,S699,NA,NA,NA,NA,NA,NA,NA,NA,NA,-2.139260294
sp|Q9QYC0|ADDA_MOUSE@T358; sp|Q9QYC0|ADDA_MOUSE@S366,Q9QYC0,T358,-0.7037631145,0.00513432866666667,NA,NA,-1.4395690475,NA,NA,NA,NA,-0.524890555666667
sp|P34152|FAK1_MOUSE@S910,P34152,S910,-0.663446042499999,-0.842068163,NA,NA,-2.27946680125,NA,NA,NA,-0.804612857249999,-1.15827743225
sp|P11798|KCC2A_MOUSE@S474,P11798,S474,NA,NA,NA,NA,NA,NA,NA,NA,NA,NA
sp|Q68FH0|PKP4_MOUSE@S1133,Q68FH0,S1133,0.5806106045,0.9745293905,NA,NA,NA,NA,NA,NA,0.95895511925,1.18998717375
sp|P14873|MAP1B_MOUSE@S1141,P14873,S1141,-1.102551419,NA,NA,NA,NA,NA,NA,NA,NA,NA
sp|A2AJI0|MA7D1_MOUSE@T99,A2AJI0,T99,NA,NA,NA,NA,NA,NA,NA,NA,NA,NA
sp|Q69ZH9|RHG23_MOUSE@S515,Q69ZH9,S515,NA,NA,NA,NA,NA,NA,NA,NA,NA,NA
sp|P19246|NFH_MOUSE@S783,P19246,S783,3.359964555,2.778601636,0.86346989,NA,0.271597627,NA,0.960673261,NA,1.873287637,2.650592653
sp|P14873|MAP1B_MOUSE@T1144,P14873,T1144,-0.949315325,NA,NA,NA,NA,NA,NA,NA,NA,NA
sp|Q8BUJ9|LRP12_MOUSE@S717,Q8BUJ9,S717,-1.988532476,NA,NA,NA,NA,NA,NA,NA,NA,NA
sp|Q8BUJ9|LRP12_MOUSE@S719,Q8BUJ9,S719,-1.988640045,NA,NA,NA,NA,NA,NA,NA,NA,NA
sp|Q9R0N7|SYT7_MOUSE@T55; sp|Q9R0N7|SYT7_MOUSE@S61,Q9R0N7,T55,-1.734953391,NA,NA,NA,NA,NA,NA,-0.572934624,NA,-1.696432825
sp|P55088|AQP4_MOUSE@S321,P55088,S321,NA,NA,NA,NA,NA,NA,NA,NA,NA,NA
sp|P14733|LMNB1_MOUSE@S17,P14733,S17,0.995241298,NA,NA,NA,NA,NA,NA,NA,NA,0.8324427
sp|P16283|B3A3_MOUSE@S175,P16283,S175,NA,NA,NA,NA,NA,NA,NA,NA,NA,NA
sp|Q61315|APC_MOUSE@S2449,Q61315,S2449,NA,-1.034793169,NA,NA,NA,NA,NA,NA,NA,NA
sp|Q8C0T5|SI1L1_MOUSE@S208,Q8C0T5,S208,NA,-1.154190686,NA,NA,NA,NA,NA,NA,NA,NA
sp|P14873|MAP1B_MOUSE@S614,P14873,S614,1.497587992,1.04258683983333,0.757093565583333,NA,0.661170208333333,-0.541731728916667,0.499135718333333,-0.830474288916667,0.953025212,2.471692157
sp|Q9EPN1|NBEA_MOUSE@S1001,Q9EPN1,S1001,NA,NA,NA,NA,NA,NA,NA,NA,NA,NA
sp|Q9EPN1|NBEA_MOUSE@S999,Q9EPN1,S999,NA,NA,NA,NA,NA,NA,NA,NA,NA,NA
sp|P02301|H3C_MOUSE@T46,P02301,T46,-0.968050478,-1.799175995,NA,NA,NA,NA,NA,NA,-1.518164452,-0.105873006
sp|Q8VDP3|MICA1_MOUSE@S777,Q8VDP3,S777,-0.7346469255,-1.07871065,NA,NA,NA,NA,NA,NA,-0.0839428445,-0.548696467
sp|Q80TE7|LRRC7_MOUSE@T865; sp|Q80TE7|LRRC7_MOUSE@T867,Q80TE7,T865,NA,NA,NA,NA,NA,NA,NA,NA,NA,NA
sp|Q640R3|HECAM_MOUSE@S321,Q640R3,S321,0.810618971,-0.212350903,NA,NA,NA,NA,NA,NA,-0.819911846,-1.188001644
sp|Q9EPN1|NBEA_MOUSE@T1006,Q9EPN1,T1006,NA,NA,NA,NA,NA,NA,NA,NA,NA,NA
sp|Q9EPN1|NBEA_MOUSE@S1004,Q9EPN1,S1004,NA,NA,NA,NA,NA,NA,NA,NA,NA,NA
sp|Q9DBS5|KLC4_MOUSE@S590,Q9DBS5,S590,NA,NA,NA,NA,NA,NA,NA,NA,NA,NA
sp|P59648|FXYD7_MOUSE@S72,P59648,S72,NA,NA,NA,0,NA,NA,NA,NA,NA,NA
sp|Q3U0P1|PALB2_MOUSE@S468,Q3U0P1,S468,1.082158113,0.659543636,NA,NA,-1.527016857,NA,-0.323728075,NA,-1.473180882,0.815266981
sp|Q9QXS1|PLEC_MOUSE@S728,Q9QXS1,S728,NA,NA,NA,NA,NA,NA,NA,NA,NA,NA
sp|Q99MR1|GGYF1_MOUSE@S412,Q99MR1,S412,NA,NA,NA,NA,NA,NA,NA,NA,NA,NA
sp|Q99MR1|GGYF1_MOUSE@S413,Q99MR1,S413,NA,NA,NA,NA,NA,NA,NA,NA,NA,NA
sp|Q62417|SRBS1_MOUSE@T179,Q62417,T179,-1.330883505,-0.7063776435,-0.514197201,NA,NA,NA,0.237388748,NA,NA,-0.8714610435
sp|Q80ZF8|AGRB3_MOUSE@S750,Q80ZF8,S750,NA,0.276864127,NA,NA,NA,NA,NA,NA,NA,-1.631548709
sp|Q80ZF8|AGRB3_MOUSE@S751,Q80ZF8,S751,-1.333601996,-0.693566691,NA,NA,NA,NA,NA,NA,NA,-1.539798332
sp|P59648|FXYD7_MOUSE@S73,P59648,S73,NA,NA,NA,0,NA,NA,NA,NA,NA,NA
sp|P22389|EDN2_MOUSE@S32,P22389,S32,NA,NA,NA,NA,NA,NA,NA,NA,NA,NA
sp|P28652|KCC2B_MOUSE@T398,P28652,T398,-0.859938609,NA,-2.709236228,NA,-2.277185055,NA,NA,NA,-0.824997531,0.250403884
sp|P12382|PFKAL_MOUSE@S775,P12382,S775,3.011731101,3.00013422,2.345908624,2.457643715,3.914781545,2.171594563,3.449274492,NA,3.698220048,4.668170188
sp|P55088|AQP4_MOUSE@Y277,P55088,Y277,NA,NA,NA,NA,NA,NA,NA,NA,NA,NA
sp|P55088|AQP4_MOUSE@S276,P55088,S276,NA,NA,NA,NA,NA,NA,NA,NA,NA,NA
sp|P21107|TPM3_MOUSE@S88,P21107,S88,NA,-0.622095957,NA,NA,NA,NA,NA,NA,NA,NA
sp|Q99PV8|BC11B_MOUSE@T744,Q99PV8,T744,NA,NA,NA,NA,NA,NA,NA,NA,NA,NA
sp|Q99PV8|BC11B_MOUSE@S743,Q99PV8,S743,NA,NA,NA,NA,NA,NA,NA,NA,NA,NA
sp|P97351|RS3A_MOUSE@S263,P97351,S263,NA,NA,NA,NA,NA,NA,NA,NA,NA,NA
sp|Q62433|NDRG1_MOUSE@T328,Q62433,T328,-0.493483152,NA,NA,NA,NA,NA,NA,NA,NA,-0.683499795
sp|Q80TE7|LRRC7_MOUSE@T864; sp|Q80TE7|LRRC7_MOUSE@S869,Q80TE7,T864,-1.389825568,NA,NA,NA,NA,NA,NA,NA,NA,NA
sp|B9EJ86|OSBL8_MOUSE@S328,B9EJ86,S328,NA,NA,NA,NA,NA,NA,NA,NA,NA,NA
sp|Q68FD9|K1549_MOUSE@T1616,Q68FD9,T1616,1.320283428,NA,NA,NA,NA,NA,NA,NA,0.880232752,1.297302802
sp|Q8CI75|DI3L2_MOUSE@S20; sp|Q8CI75|DI3L2_MOUSE@S21,Q8CI75,S20,NA,NA,NA,NA,NA,NA,NA,NA,NA,NA
sp|Q8CI75|DI3L2_MOUSE@S21; sp|Q8CI75|DI3L2_MOUSE@S26,Q8CI75,S21,NA,NA,NA,NA,NA,NA,NA,NA,NA,NA
sp|Q91V14|S12A5_MOUSE@T57,Q91V14,T57,NA,NA,NA,NA,NA,NA,NA,NA,NA,NA
sp|Q03717|KCNB1_MOUSE@T13,Q03717,T13,NA,NA,NA,NA,NA,NA,NA,NA,NA,-0.895029037
sp|Q03717|KCNB1_MOUSE@S14,Q03717,S14,NA,-0.88645878,NA,NA,NA,NA,NA,NA,NA,-0.100370978
sp|Q03717|KCNB1_MOUSE@S15,Q03717,S15,NA,-0.884785522,NA,NA,NA,NA,NA,NA,NA,-0.097976369
sp|Q9D415|DLGP1_MOUSE@S169,Q9D415,S169,-1.773464364,NA,NA,NA,NA,NA,NA,NA,NA,NA
sp|O88735|MAP7_MOUSE@S209,O88735,S209,-0.717334336,-0.817188006000001,-1.346025425,NA,NA,NA,NA,NA,NA,-2.204939514
sp|Q8QZV4|ST32C_MOUSE@S17,Q8QZV4,S17,NA,NA,NA,NA,NA,NA,NA,NA,NA,NA
sp|Q8BIZ6|SNIP1_MOUSE@S33,Q8BIZ6,S33,-1.078094106,NA,-1.279766596,NA,NA,NA,-0.713544712,NA,NA,NA
sp|Q7TPM1|PRC2B_MOUSE@S621,Q7TPM1,S621,NA,-1.520090198,NA,NA,NA,NA,NA,NA,-1.447043433,NA
sp|Q8QZV4|ST32C_MOUSE@S18,Q8QZV4,S18,NA,NA,NA,NA,NA,NA,NA,NA,NA,NA
sp|Q68EF6|BEGIN_MOUSE@S510,Q68EF6,S510,NA,-1.085775951,NA,NA,NA,NA,NA,NA,-0.918009986,-1.250466401
sp|Q6ZPJ0|TEX2_MOUSE@S195,Q6ZPJ0,S195,NA,NA,NA,NA,NA,NA,NA,NA,NA,NA
sp|O35219|KCNH2_MOUSE@S239,O35219,S239,-0.588443365,-0.880289651,NA,NA,-2.771384282,NA,NA,NA,-1.119576399,-0.68296023
sp|O35219|KCNH2_MOUSE@S241,O35219,S241,-0.571140217,-0.506106401,NA,NA,-2.989688158,NA,NA,NA,-1.368730786,-0.468041722
sp|P10637|TAU_MOUSE@S491; sp|P10637|TAU_MOUSE@S494,P10637,S491,NA,NA,NA,NA,-1.128673363,NA,NA,NA,NA,-1.72273449
sp|Q9QWI6|SRCN1_MOUSE@S540,Q9QWI6,S540,0.867788058055555,0.882049043,NA,NA,NA,NA,NA,NA,0.0665950216666667,1.250279493
sp|P10637|TAU_MOUSE@S692,P10637,S692,-1.425891623,NA,NA,NA,NA,NA,NA,NA,NA,NA
sp|Q8R0S4|CACB4_MOUSE@S38,Q8R0S4,S38,-0.995679129,-0.510968666,-1.698578213,NA,NA,NA,NA,NA,-1.150770342,-1.514469809
sp|Q9QYC0|ADDA_MOUSE@S613,Q9QYC0,S613,-1.122981921,NA,NA,NA,NA,NA,NA,NA,NA,-1.036322395
sp|O89084|PDE4A_MOUSE@S147,O89084,S147,NA,-0.84161836,NA,NA,NA,NA,NA,NA,NA,NA
sp|Q01341|ADCY6_MOUSE@S573,Q01341,S573,NA,NA,NA,NA,NA,-0.654176575,NA,NA,NA,NA
sp|Q9EST3|4ET_MOUSE@S948,Q9EST3,S948,0.878057926,-0.685369632,NA,NA,NA,NA,NA,NA,-0.919437382,0.313220545
sp|Q9EST3|4ET_MOUSE@S949,Q9EST3,S949,0.878057926,-0.685369632,NA,NA,NA,NA,NA,NA,-0.919437382,0.313220545
sp|Q9QYR6|MAP1A_MOUSE@S1196,Q9QYR6,S1196,NA,NA,NA,NA,NA,NA,NA,NA,NA,NA
sp|Q8K310|MATR3_MOUSE@S619,Q8K310,S619,1.165266218,-0.293511936,NA,NA,-1.111198809,NA,NA,NA,0.144442487,-0.007137978
sp|E9Q0S6|TENS1_MOUSE@S1535,E9Q0S6,S1535,-0.0467599973333334,-1.37438229783333,NA,NA,NA,NA,NA,NA,-1.18131751633333,-0.535865088833333
sp|Q8C0T5|SI1L1_MOUSE@S1249,Q8C0T5,S1249,0.261642803666667,-0.777126843333333,NA,NA,NA,NA,NA,NA,-0.647840831333333,-1.39143684333333
sp|Q99MP8|BRAP_MOUSE@S116,Q99MP8,S116,NA,NA,NA,NA,-1.846623904,NA,NA,-0.172976109,NA,NA
sp|Q9QYC0|ADDA_MOUSE@T614,Q9QYC0,T614,-0.9311346675,NA,NA,NA,NA,NA,NA,NA,NA,-1.266469921
sp|Q99P72|RTN4_MOUSE@S489,Q99P72,S489,2.637187206,2.318132125,1.271663878,NA,0.5433039325,NA,0.71438831,NA,1.833517755,3.1693949905
sp|A2APX8|SCN1A_MOUSE@S1939,A2APX8,S1939,-0.158550281,0.212413451,NA,NA,NA,NA,NA,NA,-0.569097756,-0.00927751900000001
sp|P81122|IRS2_MOUSE@S587,P81122,S587,-1.244598436,NA,NA,NA,NA,NA,NA,NA,NA,-1.812334283
sp|P20612|GNAT1_MOUSE@S271,P20612,S271,NA,NA,NA,NA,NA,NA,NA,NA,NA,NA
sp|Q62407|SPEG_MOUSE@S2135,Q62407,S2135,NA,NA,NA,NA,NA,NA,NA,NA,NA,NA
sp|Q9Z0H8|CLIP2_MOUSE@S293,Q9Z0H8,S293,NA,0,NA,NA,NA,NA,NA,NA,NA,0.974267686
sp|Q6PHZ2|KCC2D_MOUSE@T336,Q6PHZ2,T336,NA,NA,NA,NA,NA,NA,NA,NA,NA,-2.294433184
sp|Q6PHZ2|KCC2D_MOUSE@S334,Q6PHZ2,S334,NA,NA,NA,NA,NA,NA,NA,NA,NA,-2.294433184
sp|Q62433|NDRG1_MOUSE@T335,Q62433,T335,NA,NA,NA,NA,NA,NA,NA,NA,NA,NA
sp|O35927|CTND2_MOUSE@S453,O35927,S453,NA,NA,NA,NA,NA,NA,NA,NA,NA,NA
sp|Q8R0S2|IQEC1_MOUSE@S88,Q8R0S2,S88,-1.082902752,-1.337562092,NA,NA,NA,NA,NA,NA,-0.4854983575,1.306951204
sp|Q8R0S2|IQEC1_MOUSE@T87,Q8R0S2,T87,-1.0815007995,-1.3377956825,NA,NA,NA,NA,NA,NA,-0.493859709,1.300088761
sp|O35927|CTND2_MOUSE@T454,O35927,T454,NA,NA,NA,NA,NA,NA,NA,NA,NA,NA
sp|Q62407|SPEG_MOUSE@S2134,Q62407,S2134,NA,NA,NA,NA,NA,NA,NA,NA,NA,NA
sp|Q8BPU7|ELMO1_MOUSE@S344,Q8BPU7,S344,NA,NA,NA,NA,NA,NA,NA,NA,NA,NA
sp|Q91ZU6|DYST_MOUSE@S5407,Q91ZU6,S5407,NA,-1.451212182,NA,NA,NA,NA,NA,NA,NA,-1.14469775
sp|O35927|CTND2_MOUSE@T452,O35927,T452,NA,NA,NA,NA,NA,NA,NA,NA,NA,NA
sp|Q6PHZ2|KCC2D_MOUSE@T337,Q6PHZ2,T337,NA,NA,NA,NA,NA,NA,NA,NA,NA,-2.294433184
sp|Q5GH64|XKR7_MOUSE@T569,Q5GH64,T569,NA,NA,NA,NA,NA,NA,NA,NA,NA,NA
sp|Q640R3|HECAM_MOUSE@S385; sp|Q640R3|HECAM_MOUSE@S386,Q640R3,S385,NA,NA,NA,NA,NA,NA,NA,NA,NA,NA
sp|Q9ESX5|DKC1_MOUSE@S481,Q9ESX5,S481,NA,NA,NA,NA,NA,NA,NA,NA,NA,NA
sp|Q3UGY8|BIG3_MOUSE@S1648,Q3UGY8,S1648,NA,NA,NA,NA,NA,NA,NA,NA,NA,NA
sp|P16283|B3A3_MOUSE@S296,P16283,S296,NA,-1.091441542,NA,NA,NA,NA,NA,NA,NA,-0.63721217
sp|Q9WTX2|PRKRA_MOUSE@S18,Q9WTX2,S18,NA,NA,NA,NA,NA,NA,NA,NA,NA,NA
sp|P57776|EF1D_MOUSE@S162,P57776,S162,NA,NA,NA,NA,NA,NA,-2.070650541,NA,NA,NA
sp|Q3UGY8|BIG3_MOUSE@S1644,Q3UGY8,S1644,NA,NA,NA,NA,NA,NA,NA,NA,NA,NA
sp|Q91XV3|BASP1_MOUSE@S191,Q91XV3,S191,NA,NA,NA,NA,NA,NA,NA,NA,NA,NA
sp|Q99MP8|BRAP_MOUSE@S118,Q99MP8,S118,NA,NA,NA,NA,-1.846623904,NA,NA,-0.172976109,NA,NA
sp|E9QAT4|SC16A_MOUSE@T2103,E9QAT4,T2103,NA,NA,NA,NA,NA,NA,NA,NA,NA,-0.609411117
sp|P26645|MARCS_MOUSE@S26,P26645,S26,NA,NA,NA,NA,NA,NA,NA,NA,NA,-1.213634677
sp|P60469|LIPA3_MOUSE@S512,P60469,S512,-1.514758011,NA,NA,NA,NA,NA,NA,NA,NA,NA
sp|Q9QYR6|MAP1A_MOUSE@S119,Q9QYR6,S119,-1.179165624,NA,NA,-0.029332667,NA,NA,NA,NA,-0.927084174,-1.327115608
sp|Q9QYR6|MAP1A_MOUSE@S114,Q9QYR6,S114,-1.184607762,NA,NA,-0.058066801,NA,NA,NA,NA,-1.650131135,-1.812419522
sp|Q9JLC8|SACS_MOUSE@T4265,Q9JLC8,T4265,NA,NA,NA,NA,NA,NA,NA,NA,NA,NA
sp|Q9JLC8|SACS_MOUSE@T4262,Q9JLC8,T4262,NA,NA,NA,NA,NA,NA,NA,NA,NA,NA
sp|Q9JLC8|SACS_MOUSE@T4263,Q9JLC8,T4263,NA,NA,NA,NA,NA,NA,NA,NA,NA,NA
sp|Q9JLC8|SACS_MOUSE@S4266,Q9JLC8,S4266,NA,NA,NA,NA,NA,NA,NA,NA,NA,NA
sp|Q640R3|HECAM_MOUSE@S320,Q640R3,S320,0.810618971,-0.212350903,NA,NA,NA,NA,NA,NA,-0.819911846,-1.188001644
sp|Q80TI0|ASTRB_MOUSE@S55,Q80TI0,S55,NA,NA,NA,NA,NA,NA,NA,NA,NA,NA
sp|Q8C437|PEX5R_MOUSE@S393,Q8C437,S393,NA,NA,NA,NA,NA,NA,NA,NA,NA,NA
sp|Q8C437|PEX5R_MOUSE@S392,Q8C437,S392,NA,NA,NA,NA,NA,NA,NA,NA,NA,NA
sp|Q80TI0|ASTRB_MOUSE@T56,Q80TI0,T56,NA,NA,NA,NA,NA,NA,NA,NA,NA,NA
sp|P28028|BRAF_MOUSE@S714,P28028,S714,1.183407019,NA,NA,NA,NA,NA,NA,NA,NA,0.871933121
sp|Q9ESX5|DKC1_MOUSE@T485,Q9ESX5,T485,NA,NA,NA,NA,NA,NA,NA,NA,NA,NA
sp|Q9QYR6|MAP1A_MOUSE@S118,Q9QYR6,S118,-1.179165624,NA,NA,-0.029332667,NA,NA,NA,NA,-1.605906373,-1.327115608
sp|Q9QYR6|MAP1A_MOUSE@S117,Q9QYR6,S117,-1.181889259,NA,NA,-0.04377127,NA,NA,NA,NA,-1.308781198,-1.324391973
sp|Q9QYR6|MAP1A_MOUSE@Y120,Q9QYR6,Y120,-1.179165624,NA,NA,-0.029332667,NA,NA,NA,NA,-1.841889164,-1.327115608
sp|Q9QYR6|MAP1A_MOUSE@S121,Q9QYR6,S121,-0.25208145,NA,NA,NA,NA,NA,NA,NA,-1.117559484,-2.254199782
sp|B9EJ86|OSBL8_MOUSE@Y327,B9EJ86,Y327,NA,NA,NA,NA,NA,NA,NA,NA,NA,NA
sp|Q91XM9|DLG2_MOUSE@S406,Q91XM9,S406,NA,NA,NA,NA,NA,NA,NA,NA,NA,0.760687245
sp|Q9Z0H8|CLIP2_MOUSE@T294,Q9Z0H8,T294,NA,0.043995953,NA,NA,NA,NA,NA,NA,NA,0.960736878
sp|Q9Z1R2|BAG6_MOUSE@S995,Q9Z1R2,S995,-2.224217843,NA,NA,NA,NA,NA,NA,NA,NA,NA
sp|Q6ZQ58|LARP1_MOUSE@T503,Q6ZQ58,T503,-0.850072343833333,NA,NA,NA,NA,NA,NA,NA,NA,-0.500277267333333
sp|P29533|VCAM1_MOUSE@T170,P29533,T170,NA,NA,NA,NA,NA,NA,NA,NA,NA,NA
sp|P47746|CNR1_MOUSE@S469,P47746,S469,NA,-0.567858979,NA,NA,NA,NA,NA,NA,NA,NA
sp|P47746|CNR1_MOUSE@T468,P47746,T468,NA,-0.587393283,NA,NA,NA,NA,NA,NA,NA,NA
sp|P47746|CNR1_MOUSE@S465,P47746,S465,NA,NA,NA,NA,NA,NA,NA,NA,NA,NA
sp|P47746|CNR1_MOUSE@T466,P47746,T466,NA,NA,NA,NA,NA,NA,NA,NA,NA,NA
sp|Q3UGY8|BIG3_MOUSE@Y1653,Q3UGY8,Y1653,NA,NA,NA,NA,NA,NA,NA,NA,NA,NA
sp|P06800|PTPRC_MOUSE@S964,P06800,S964,1.597474032,0.801606596,-0.49915386,NA,-0.992550783,NA,-0.819030799,NA,-0.084451248,0.967545251
sp|Q8BTI8|SRRM2_MOUSE@S2648,Q8BTI8,S2648,NA,NA,NA,NA,NA,NA,NA,NA,NA,NA
sp|P55088|AQP4_MOUSE@S322,P55088,S322,NA,NA,NA,NA,NA,NA,NA,NA,NA,NA
sp|Q9ET54|PALLD_MOUSE@T642; sp|Q9ET54|PALLD_MOUSE@S648,Q9ET54,T642,-1.668041195,0.425069556,NA,NA,NA,NA,NA,NA,-0.580865646,-0.277876366
sp|Q9WV92|E41L3_MOUSE@S428,Q9WV92,S428,1.381054656,0.427455688,NA,NA,NA,NA,NA,NA,0.256882834,-0.019680841
sp|Q9QYR6|MAP1A_MOUSE@T2624,Q9QYR6,T2624,-0.0744636689999999,NA,NA,NA,NA,NA,NA,NA,NA,NA
sp|G5E829|AT2B1_MOUSE@T1205,G5E829,T1205,NA,NA,NA,NA,NA,NA,NA,NA,NA,NA
sp|Q9R0K7|AT2B2_MOUSE@T1183,Q9R0K7,T1183,NA,NA,NA,NA,NA,NA,NA,NA,NA,NA
sp|P20357|MTAP2_MOUSE@S825,P20357,S825,NA,NA,NA,NA,NA,NA,NA,NA,NA,NA
sp|Q7TPH6|MYCB2_MOUSE@S4002,Q7TPH6,S4002,NA,NA,-1.83031476,NA,NA,NA,NA,NA,NA,NA
sp|P62806|H4_MOUSE@Y99,P62806,Y99,NA,NA,NA,NA,NA,NA,NA,NA,NA,NA
sp|Q7TPH6|MYCB2_MOUSE@S4003,Q7TPH6,S4003,NA,NA,-1.83031476,NA,NA,NA,NA,NA,NA,NA
sp|Q6IR34|GPSM1_MOUSE@S469,Q6IR34,S469,NA,NA,NA,NA,NA,NA,NA,NA,NA,NA
sp|Q9WTQ5|AKA12_MOUSE@T635,Q9WTQ5,T635,-2.030480183,NA,NA,NA,NA,NA,NA,NA,NA,NA
sp|Q9WTQ5|AKA12_MOUSE@S634,Q9WTQ5,S634,-2.030480183,NA,NA,NA,NA,NA,NA,NA,NA,NA
sp|A2AG50|MA7D2_MOUSE@S685,A2AG50,S685,NA,NA,NA,NA,NA,NA,NA,NA,NA,NA
sp|Q9QZQ1|AFAD_MOUSE@S1719,Q9QZQ1,S1719,-2.323223521,NA,NA,NA,NA,NA,NA,NA,NA,NA
sp|Q8R3Z5|CACB1_MOUSE@T499,Q8R3Z5,T499,NA,NA,NA,NA,NA,NA,NA,NA,NA,NA
sp|Q9WTQ5|AKA12_MOUSE@S637,Q9WTQ5,S637,-2.030480183,NA,NA,NA,NA,NA,NA,NA,NA,NA
sp|Q9WTQ5|AKA12_MOUSE@S631,Q9WTQ5,S631,-2.030480183,NA,NA,NA,NA,NA,NA,NA,NA,-1.549730368
sp|Q9WTQ5|AKA12_MOUSE@T632,Q9WTQ5,T632,-2.030480183,NA,NA,NA,NA,NA,NA,NA,NA,NA
sp|Q8CC35|SYNPO_MOUSE@S833,Q8CC35,S833,-0.822854361166667,NA,NA,NA,1.500453179,0.597569593166666,NA,-0.657071362166667,2.1930031565,3.370710192
sp|Q6ZPJ0|TEX2_MOUSE@T196,Q6ZPJ0,T196,NA,NA,NA,NA,NA,NA,NA,NA,NA,NA
sp|G5E829|AT2B1_MOUSE@S1206,G5E829,S1206,NA,-0.69850464,NA,NA,-0.502226941,NA,NA,NA,NA,-0.357222729
sp|Q9CQ22|LTOR1_MOUSE@S26,Q9CQ22,S26,-1.19847028,NA,NA,NA,NA,NA,NA,NA,NA,NA
sp|Q5HZI2|C2C4C_MOUSE@S259,Q5HZI2,S259,NA,NA,NA,NA,NA,NA,NA,NA,NA,NA
sp|Q9R0K7|AT2B2_MOUSE@S1184,Q9R0K7,S1184,NA,-0.697512405,NA,NA,-0.497031649,NA,NA,NA,NA,-0.357222729
sp|Q6I6G8|HECW2_MOUSE@S858,Q6I6G8,S858,-1.006680157,-1.39032355,NA,NA,-1.215409461,NA,NA,NA,NA,NA
sp|Q9QYG0|NDRG2_MOUSE@T330,Q9QYG0,T330,1.16965076433333,0.265847137333333,NA,NA,NA,NA,NA,NA,0.494856809666667,1.59774209433333
sp|Q8K3F6|KCNQ3_MOUSE@S599,Q8K3F6,S599,1.92764032433333,1.79309778966667,0.241151420966667,NA,0.596034968466667,-0.494631383533333,0.223535084333333,-0.297498386595833,1.32393729566667,1.62437135433333
sp|Q8C170|MYO9A_MOUSE@S2296,Q8C170,S2296,1.43987346,-0.2733004225,-0.705013285,NA,-1.939689783,NA,-0.736564331,NA,-0.098035535,-0.2167412255
sp|Q5DTY9|KCD16_MOUSE@S372,Q5DTY9,S372,0.226877854,NA,NA,NA,NA,NA,NA,NA,NA,-0.73815295
sp|Q5DTY9|KCD16_MOUSE@S375,Q5DTY9,S375,0.226877854,NA,NA,NA,NA,NA,NA,NA,NA,-0.73815295
sp|P63141|KCNA2_MOUSE@S440; sp|P63141|KCNA2_MOUSE@S441,P63141,S440,-0.601506798,NA,NA,NA,NA,NA,NA,NA,-0.767858076,NA
sp|Q9EST3|4ET_MOUSE@S563,Q9EST3,S563,0.183739131875,-0.601121423625,NA,NA,NA,NA,NA,NA,-0.371694576625,0.371134453375
sp|Q80TV8|CLAP1_MOUSE@S600,Q80TV8,S600,0.622924478333333,-0.170106464,NA,NA,NA,NA,NA,NA,-0.371264395333333,0.351495086666667
sp|Q80U78|PUM1_MOUSE@S710,Q80U78,S710,NA,NA,NA,NA,NA,NA,NA,NA,-0.83303026,0.222162965
sp|O88569|ROA2_MOUSE@S259,O88569,S259,-1.972437874,NA,NA,NA,NA,NA,NA,NA,-2.896835407,-1.533593624
sp|Q9Z351|KCNQ2_MOUSE@S444; sp|Q9Z351|KCNQ2_MOUSE@S448,Q9Z351,S444,NA,NA,NA,NA,NA,NA,NA,NA,NA,-2.202348441
sp|Q8C170|MYO9A_MOUSE@S2295,Q8C170,S2295,1.4638944815,-0.2520974785,-0.691177693375,NA,-1.925854191375,NA,-0.736564331,NA,-0.0841999433750001,-0.2066228245
sp|Q9D8B3|CHM4B_MOUSE@S223,Q9D8B3,S223,NA,NA,NA,NA,NA,NA,NA,NA,NA,NA
sp|P97792|CXAR_MOUSE@S332,P97792,S332,0.252447184,0.13700447,NA,NA,NA,NA,NA,NA,-0.92427844,0.243904899
sp|Q6PDL0|DC1L2_MOUSE@S405,Q6PDL0,S405,-1.29992409833333,-1.81919722933333,NA,NA,NA,NA,NA,NA,-2.47165519033333,-1.16154485633333
sp|Q9Z0U1|ZO2_MOUSE@S968,Q9Z0U1,S968,1.216898452,0.201706358333333,NA,NA,-1.56385733634722,NA,NA,NA,-0.652212005722222,0.79361386
sp|Q61301|CTNA2_MOUSE@S939,Q61301,S939,0.0213169375,-0.0285214655,-1.12558577916667,NA,NA,NA,NA,NA,-1.12850013216667,0.4146752125
sp|Q99NH2|PARD3_MOUSE@S1312,Q99NH2,S1312,-2.333333442,-1.740836635,NA,NA,NA,NA,NA,NA,NA,-2.156957702
sp|A2AHC3|CAMP1_MOUSE@S553,A2AHC3,S553,-0.964391427,NA,NA,NA,NA,NA,NA,NA,NA,NA
sp|P14873|MAP1B_MOUSE@S339,P14873,S339,-0.515699786,-1.279752304,NA,NA,NA,NA,-1.184896517,NA,-0.585056845,-0.183005456
sp|Q6P7W2|SHKB1_MOUSE@S366,Q6P7W2,S366,NA,NA,NA,NA,NA,NA,NA,NA,NA,NA
sp|A2ALS5|RPGP1_MOUSE@S542,A2ALS5,S542,NA,NA,NA,NA,NA,NA,NA,NA,NA,NA
sp|Q62059|CSPG2_MOUSE@T775,Q62059,T775,-1.507735373,NA,NA,NA,NA,NA,NA,NA,NA,NA
sp|A2ALS5|RPGP1_MOUSE@S541,A2ALS5,S541,NA,NA,NA,NA,NA,NA,NA,NA,NA,NA
sp|Q8R0S4|CACB4_MOUSE@T39,Q8R0S4,T39,-0.995679129,-0.510968666,-1.698578213,NA,NA,NA,NA,NA,-1.150770342,-1.514469809
sp|Q8C2Q3|RBM14_MOUSE@S618,Q8C2Q3,S618,-1.746922999,NA,NA,NA,NA,NA,NA,NA,NA,NA
sp|P08553|NFM_MOUSE@S715,P08553,S715,NA,NA,NA,NA,NA,NA,NA,NA,NA,NA
sp|A2AQ25|SKT_MOUSE@S1868,A2AQ25,S1868,0.625808391,-0.469795384,NA,NA,NA,NA,NA,NA,-0.573560576,-0.096173634
sp|Q8C0T5|SI1L1_MOUSE@S1712,Q8C0T5,S1712,-0.0406534460000003,-0.368386478333333,NA,NA,NA,NA,NA,NA,-0.269526024333333,-0.0596336913333333
sp|Q80TE7|LRRC7_MOUSE@T867; sp|Q80TE7|LRRC7_MOUSE@T868,Q80TE7,T867,NA,NA,NA,NA,NA,NA,NA,NA,NA,NA
sp|P27671|RGRF1_MOUSE@S727,P27671,S727,-0.264486348,NA,NA,NA,NA,NA,NA,NA,NA,-1.518536356
sp|P27671|RGRF1_MOUSE@S726,P27671,S726,-0.264486348,NA,NA,NA,NA,NA,NA,NA,NA,-1.518536356
sp|Q64012|RALY_MOUSE@T268; sp|Q64012|RALY_MOUSE@S270,Q64012,T268,NA,-0.911772519,NA,NA,NA,NA,NA,NA,NA,NA
sp|Q8BUV3|GEPH_MOUSE@T265,Q8BUV3,T265,NA,NA,NA,NA,NA,NA,NA,NA,NA,NA
sp|Q9D415|DLGP1_MOUSE@S418,Q9D415,S418,NA,NA,NA,NA,NA,NA,NA,NA,NA,NA
sp|Q9ESN9|JIP3_MOUSE@T368,Q9ESN9,T368,-1.198178238,NA,-1.683887702,NA,NA,-0.116920071,NA,NA,NA,NA
sp|Q8CGF6|WDR47_MOUSE@S297,Q8CGF6,S297,-1.094056302,-0.382488292,NA,NA,NA,NA,NA,NA,-0.173863642,-0.214619532
sp|Q8BUV3|GEPH_MOUSE@S264,Q8BUV3,S264,NA,NA,NA,NA,NA,NA,NA,NA,NA,NA
sp|Q80TM9|NISCH_MOUSE@S1373,Q80TM9,S1373,-0.233751066,NA,NA,NA,NA,NA,NA,NA,NA,0.871043856
sp|P20357|MTAP2_MOUSE@T606,P20357,T606,NA,NA,NA,NA,NA,NA,NA,NA,NA,NA
sp|P61807|SNN_MOUSE@S83,P61807,S83,-1.792309694,-1.504550763,NA,NA,NA,NA,NA,NA,NA,-1.838209496
sp|O09044|SNP23_MOUSE@S112,O09044,S112,0.685068267,0.6356774,NA,NA,NA,-0.30741548,-0.178818932,NA,-1.019793348,0.562674451
sp|Q9EPQ8|TCF20_MOUSE@S588,Q9EPQ8,S588,NA,NA,NA,NA,NA,NA,NA,NA,NA,NA
sp|P61807|SNN_MOUSE@T80,P61807,T80,NA,NA,NA,NA,NA,NA,NA,NA,NA,NA
sp|Q5Y5T5|ZDHC8_MOUSE@S335,Q5Y5T5,S335,1.72475142633333,1.30906265961111,NA,NA,NA,NA,NA,0.676470020111111,1.09185273233333,1.56034821066667
sp|Q8BUV3|GEPH_MOUSE@S262,Q8BUV3,S262,NA,NA,NA,NA,NA,NA,NA,NA,NA,NA
sp|O08785|CLOCK_MOUSE@T461,O08785,T461,NA,NA,NA,NA,NA,-0.384613986,NA,NA,-1.345541653,NA
sp|Q8CHT1|NGEF_MOUSE@S606,Q8CHT1,S606,NA,NA,NA,NA,NA,NA,NA,NA,NA,NA
sp|P63318|KPCG_MOUSE@T689; sp|P63318|KPCG_MOUSE@S690,P63318,T689,NA,NA,NA,NA,NA,NA,NA,NA,NA,-1.638951523
sp|Q69ZA1|CDK13_MOUSE@Y400,Q69ZA1,Y400,NA,NA,NA,NA,NA,NA,NA,NA,NA,0.137248716
sp|Q8BGU5|CCNY_MOUSE@S25,Q8BGU5,S25,NA,NA,NA,NA,NA,NA,NA,NA,NA,NA
sp|Q9EPQ8|TCF20_MOUSE@S587,Q9EPQ8,S587,NA,NA,NA,NA,NA,NA,NA,NA,NA,NA
sp|Q4ACU6|SHAN3_MOUSE@S685,Q4ACU6,S685,-0.4980284765,-1.0139368045,NA,NA,NA,NA,NA,NA,-0.9671178605,-0.6673314075
sp|Q69ZA1|CDK13_MOUSE@S401,Q69ZA1,S401,NA,NA,NA,NA,NA,NA,NA,NA,NA,0.137248716
sp|Q8CDA1|SAC2_MOUSE@S123,Q8CDA1,S123,-0.372981306,-1.433868531,NA,NA,NA,NA,NA,NA,NA,-0.530240649
sp|Q3TJD7|PDLI7_MOUSE@T96,Q3TJD7,T96,-1.5273271165,NA,NA,NA,NA,NA,NA,NA,NA,-0.7704811025
sp|Q8CGF6|WDR47_MOUSE@S296,Q8CGF6,S296,-1.094056302,-0.382488292,NA,NA,NA,NA,NA,NA,-0.173863642,-0.214619532
sp|Q64012|RALY_MOUSE@T268; sp|Q64012|RALY_MOUSE@T274,Q64012,T268,NA,-0.911772519,NA,NA,NA,NA,NA,NA,NA,NA
sp|O08785|CLOCK_MOUSE@T459,O08785,T459,NA,NA,NA,NA,NA,-0.384613986,NA,NA,-1.345541653,NA
sp|O08785|CLOCK_MOUSE@S460,O08785,S460,NA,NA,NA,NA,NA,-0.384613986,NA,NA,-1.345541653,NA
sp|Q9QZQ1|AFAD_MOUSE@S1173; sp|Q9QZQ1|AFAD_MOUSE@S1182,Q9QZQ1,S1173,0.124522244,NA,NA,NA,NA,NA,NA,NA,-1.0652958845,-1.3753234545
sp|Q9CQX2|CYB5B_MOUSE@T21,Q9CQX2,T21,NA,NA,NA,NA,NA,NA,NA,NA,NA,NA
sp|A1A5B6|TBC25_MOUSE@S560,A1A5B6,S560,NA,NA,NA,NA,NA,NA,NA,NA,NA,NA
sp|Q9Z1K7|APCL_MOUSE@S2147,Q9Z1K7,S2147,-1.553522494,NA,NA,NA,NA,NA,NA,NA,NA,NA
sp|Q9CQX2|CYB5B_MOUSE@Y23,Q9CQX2,Y23,NA,NA,NA,NA,NA,NA,NA,NA,NA,NA
sp|Q9CQX2|CYB5B_MOUSE@Y22,Q9CQX2,Y22,NA,NA,NA,NA,NA,NA,NA,NA,NA,NA
sp|Q9CQX2|CYB5B_MOUSE@S19,Q9CQX2,S19,NA,NA,NA,NA,NA,NA,NA,NA,NA,NA
sp|Q8K2H1|PPHLN_MOUSE@S219,Q8K2H1,S219,-1.573396868,NA,NA,NA,NA,NA,NA,NA,NA,-1.467105688
sp|Q8BTI8|SRRM2_MOUSE@T1302,Q8BTI8,T1302,0,NA,NA,NA,NA,NA,NA,NA,NA,-1.560184414
sp|Q68FD9|K1549_MOUSE@T1610,Q68FD9,T1610,NA,NA,NA,NA,NA,NA,NA,NA,NA,NA
sp|Q6PCN3|TTBK1_MOUSE@S827,Q6PCN3,S827,NA,NA,NA,NA,NA,NA,NA,NA,NA,NA
sp|P47809|MP2K4_MOUSE@S392,P47809,S392,NA,NA,NA,NA,NA,NA,NA,NA,NA,NA
sp|P47809|MP2K4_MOUSE@S391,P47809,S391,NA,NA,NA,NA,NA,NA,NA,NA,NA,NA
sp|P47809|MP2K4_MOUSE@T389,P47809,T389,NA,NA,NA,NA,NA,NA,NA,NA,NA,NA
sp|P05213|TBA1B_MOUSE@S158,P05213,S158,NA,-0.245331082,NA,NA,NA,-0.714510294,NA,NA,-0.844379304,-0.7951538
sp|P98203|ARVC_MOUSE@S202,P98203,S202,0.395941439,NA,NA,NA,NA,NA,NA,NA,-1.489479714,0.341811986
sp|P98203|ARVC_MOUSE@Y203,P98203,Y203,0.395941439,NA,NA,NA,NA,NA,NA,NA,-1.489479714,0.341811986
sp|P47809|MP2K4_MOUSE@Y395,P47809,Y395,NA,NA,NA,NA,NA,NA,NA,NA,NA,NA
sp|Q8C1B1|CAMP2_MOUSE@T578,Q8C1B1,T578,NA,NA,NA,NA,NA,NA,NA,NA,NA,NA
sp|A1L3P4|SL9A6_MOUSE@S693,A1L3P4,S693,-1.80034824,NA,NA,NA,NA,NA,NA,NA,NA,NA
sp|Q921F2|TADBP_MOUSE@S180,Q921F2,S180,2.391544941,1.121462277,NA,NA,0.069257728,0.195005568,NA,NA,0.649881066,1.609304823
sp|P70441|NHRF1_MOUSE@S297,P70441,S297,NA,NA,NA,NA,NA,NA,NA,NA,NA,NA
sp|P98203|ARVC_MOUSE@S205,P98203,S205,0.395941439,NA,NA,NA,NA,NA,NA,NA,-1.489479714,0.341811986
sp|Q9R1L5|MAST1_MOUSE@S953,Q9R1L5,S953,-0.764393461,NA,NA,NA,NA,NA,NA,NA,-1.38288183,-0.579180475
sp|Q9CZJ2|HS12B_MOUSE@S25,Q9CZJ2,S25,1.44708181766667,1.01315103688889,NA,NA,NA,NA,-0.165302087861111,NA,0.451124366,1.602824139
sp|P54830|PTN5_MOUSE@S166,P54830,S166,NA,NA,NA,NA,NA,-0.688383005,NA,NA,NA,-0.590655728
sp|Q8VD37|SGIP1_MOUSE@T263,Q8VD37,T263,NA,NA,NA,NA,NA,NA,NA,NA,NA,NA
sp|P19246|NFH_MOUSE@S559; sp|P19246|NFH_MOUSE@S565,P19246,S559,NA,NA,NA,NA,NA,NA,NA,NA,NA,NA
sp|P70174|HRH1_MOUSE@S344,P70174,S344,-2.00953404,NA,NA,NA,NA,NA,NA,NA,NA,NA
sp|Q8BTV2|CPSF7_MOUSE@T203,Q8BTV2,T203,NA,NA,NA,NA,NA,NA,NA,NA,-0.711234299,-1.622849132
sp|P70429|EVL_MOUSE@S130,P70429,S130,NA,NA,NA,NA,NA,NA,NA,NA,NA,NA
sp|Q91WG5|AAKG2_MOUSE@S194,Q91WG5,S194,-1.556387383,NA,NA,NA,NA,NA,NA,NA,-0.982328036,-1.701131943
sp|Q9R1V6|ADA22_MOUSE@S810,Q9R1V6,S810,-1.817820297,NA,NA,NA,NA,NA,NA,NA,NA,NA
sp|P46660|AINX_MOUSE@S30,P46660,S30,1.224847895,NA,NA,NA,NA,NA,NA,NA,NA,0.587182232
sp|Q9QYR6|MAP1A_MOUSE@T2079,Q9QYR6,T2079,NA,-0.809170612,NA,NA,NA,NA,NA,NA,NA,NA
sp|Q9Z2H5|E41L1_MOUSE@S546,Q9Z2H5,S546,1.438151232,1.24805478933333,NA,NA,NA,NA,0.4246130545,NA,1.39047708233333,0.8624494865
sp|Q80X80|C2C2L_MOUSE@S420,Q80X80,S420,-0.483306164,-0.305374997,NA,NA,NA,NA,NA,NA,-1.302592644,-0.469472489
sp|Q9WV92|E41L3_MOUSE@T492,Q9WV92,T492,NA,NA,NA,NA,NA,NA,NA,NA,NA,NA
sp|F6SEU4|SYGP1_MOUSE@S771,F6SEU4,S771,-2.340288252,NA,-1.673965711,NA,NA,NA,NA,NA,NA,NA
sp|Q9QWI6|SRCN1_MOUSE@S583,Q9QWI6,S583,NA,NA,NA,NA,NA,NA,NA,NA,NA,NA
sp|Q9QWI6|SRCN1_MOUSE@S582,Q9QWI6,S582,NA,NA,NA,NA,NA,NA,NA,NA,NA,NA
sp|Q80U23|SNPH_MOUSE@T19,Q80U23,T19,NA,-0.653037082,NA,NA,NA,NA,NA,NA,NA,NA
sp|Q8VDN2|AT1A1_MOUSE@S454,Q8VDN2,S454,0.269467474,NA,NA,NA,NA,NA,NA,NA,NA,-0.315769107
sp|P14873|MAP1B_MOUSE@Y1953,P14873,Y1953,NA,NA,NA,NA,NA,NA,NA,NA,NA,NA
sp|Q8BJ42|DLGP2_MOUSE@S673,Q8BJ42,S673,0.633223264333333,0.0962939882222222,NA,NA,NA,NA,NA,NA,-0.469066305333333,-0.231221723333333
sp|P14873|MAP1B_MOUSE@S1952,P14873,S1952,NA,NA,NA,NA,NA,NA,NA,NA,NA,NA
sp|Q9EQZ7|RIMS2_MOUSE@S1091,Q9EQZ7,S1091,NA,NA,NA,NA,NA,NA,NA,NA,NA,NA
sp|Q99P72|RTN4_MOUSE@T488,Q99P72,T488,2.65356652514286,2.33833359514286,1.30002595164286,NA,0.569025021142857,NA,0.733290102642857,NA,1.86097802064286,3.18191131964286
sp|O54724|CAVN1_MOUSE@S42,O54724,S42,1.824444308,-0.467208998,NA,NA,NA,NA,NA,NA,-1.041236861,0.135590592
sp|Q80YA9|CNKR2_MOUSE@S388,Q80YA9,S388,NA,NA,NA,NA,NA,NA,NA,NA,NA,NA
sp|O54724|CAVN1_MOUSE@S38,O54724,S38,-0.713157951,NA,NA,NA,NA,NA,NA,NA,NA,-1.056777548
sp|P14873|MAP1B_MOUSE@S1371,P14873,S1371,-2.181242372,NA,NA,NA,NA,NA,NA,NA,NA,NA
sp|Q9ESN9|JIP3_MOUSE@S584,Q9ESN9,S584,-1.970383219,NA,NA,0,NA,NA,NA,NA,-0.971460887,NA
sp|P27546|MAP4_MOUSE@T652,P27546,T652,NA,NA,NA,NA,NA,NA,NA,NA,NA,NA
sp|Q9ESN9|JIP3_MOUSE@S583,Q9ESN9,S583,-1.970383219,NA,NA,0.068312891,NA,NA,NA,NA,-0.984458475,NA
sp|Q9ESN9|JIP3_MOUSE@S582,Q9ESN9,S582,-1.970383219,NA,NA,0.078781704,NA,NA,NA,NA,NA,NA
sp|Q14BI2|GRM2_MOUSE@S867,Q14BI2,S867,NA,NA,NA,NA,NA,-0.085166799,NA,NA,NA,NA
sp|Q14BI2|GRM2_MOUSE@T868,Q14BI2,T868,NA,NA,NA,NA,NA,-0.085166799,NA,NA,NA,NA
sp|Q14BI2|GRM2_MOUSE@T869,Q14BI2,T869,NA,NA,NA,NA,NA,-0.085166799,NA,NA,NA,NA
sp|Q9JLC8|SACS_MOUSE@T4268,Q9JLC8,T4268,NA,NA,NA,NA,NA,NA,NA,NA,NA,NA
sp|P80560|PTPR2_MOUSE@S680,P80560,S680,-0.399943209,-0.715645627,NA,NA,NA,NA,NA,NA,NA,-0.487559924
sp|P80560|PTPR2_MOUSE@S681,P80560,S681,NA,NA,NA,NA,NA,NA,NA,NA,NA,NA
sp|Q8BTI8|SRRM2_MOUSE@S1298,Q8BTI8,S1298,0,NA,NA,NA,NA,NA,NA,NA,NA,-2.292142911
sp|Q6WVG3|KCD12_MOUSE@S189; sp|Q6WVG3|KCD12_MOUSE@S200,Q6WVG3,S189,NA,NA,NA,NA,NA,NA,NA,NA,NA,NA
sp|Q9QYR6|MAP1A_MOUSE@T1195,Q9QYR6,T1195,NA,NA,NA,NA,NA,NA,NA,NA,NA,NA
sp|Q99NE5|RIMS1_MOUSE@S1056,Q99NE5,S1056,NA,NA,NA,NA,NA,NA,NA,NA,NA,NA
sp|A2AF53|T185A_MOUSE@T331,A2AF53,T331,-0.00723965799999998,-1.47607583675,NA,NA,NA,NA,NA,NA,-0.95086177075,-0.5541354435
sp|P19246|NFH_MOUSE@S57,P19246,S57,NA,NA,NA,NA,NA,NA,NA,NA,NA,NA
sp|P19246|NFH_MOUSE@S56,P19246,S56,NA,NA,NA,NA,NA,NA,NA,NA,NA,NA
sp|Q3UVX5|GRM5_MOUSE@T840,Q3UVX5,T840,NA,0.244049738,NA,NA,NA,NA,NA,NA,-0.996780847,0.003255355
sp|F8VPU2|FARP1_MOUSE@S20,F8VPU2,S20,NA,NA,NA,NA,NA,NA,NA,NA,NA,NA
sp|Q69Z38|PEAK1_MOUSE@T573,Q69Z38,T573,-1.338545659,NA,NA,NA,NA,NA,NA,NA,NA,-2.324117374
sp|Q8BJI1|S6A17_MOUSE@S715,Q8BJI1,S715,NA,NA,NA,NA,NA,NA,NA,NA,NA,NA
sp|Q69Z38|PEAK1_MOUSE@T571,Q69Z38,T571,-1.338545659,NA,NA,NA,NA,NA,NA,NA,NA,-2.324117374
sp|Q8BJI1|S6A17_MOUSE@Y717,Q8BJI1,Y717,NA,NA,NA,NA,NA,NA,NA,NA,NA,NA
sp|Q811D0|DLG1_MOUSE@S570,Q811D0,S570,NA,NA,NA,NA,NA,NA,NA,NA,NA,NA
sp|Q8CH72|TRI32_MOUSE@S337,Q8CH72,S337,NA,-1.199932963,NA,NA,-1.876371782,NA,NA,NA,NA,NA
sp|Q9QYC0|ADDA_MOUSE@S605,Q9QYC0,S605,NA,NA,NA,NA,NA,NA,NA,NA,NA,NA
sp|Q62261|SPTB2_MOUSE@T2327,Q62261,T2327,NA,NA,NA,NA,NA,NA,NA,NA,NA,NA
sp|Q924W6|TRI66_MOUSE@S872,Q924W6,S872,-0.246740124,-1.125769376,NA,NA,NA,NA,NA,NA,NA,NA
sp|Q5RJI5|BRSK1_MOUSE@S441,Q5RJI5,S441,0.778288246,0.166939156,NA,NA,NA,NA,-0.42891734,NA,NA,0.144159194
sp|Q9QYB8|ADDB_MOUSE@S698,Q9QYB8,S698,0.680225938142857,1.25830683114286,-0.726459597857143,NA,-0.00736058835714289,NA,-0.118285800857143,NA,0.555342884142857,1.93041024064286
sp|Q9QYB8|ADDB_MOUSE@S700,Q9QYB8,S700,0.680958107142857,1.26268370664286,-0.731115773857143,NA,0.000233423142857108,NA,-0.118654699357143,NA,0.561092048642857,1.92521779464286
sp|P62812|GBRA1_MOUSE@T372,P62812,T372,-0.527685318,-1.369808702,NA,NA,-0.676820296,NA,NA,NA,NA,-0.091072163
sp|Q8C8R3|ANK2_MOUSE@T2234,Q8C8R3,T2234,1.522367209,NA,NA,NA,NA,NA,NA,NA,NA,1.107202233
sp|P62812|GBRA1_MOUSE@S373,P62812,S373,-0.52840493,-1.375586653,NA,NA,-0.681231442,NA,NA,NA,NA,-0.091219428
sp|Q6PCP5|MFF_MOUSE@S146,Q6PCP5,S146,0.349553994666667,-0.464919089833333,NA,NA,NA,NA,NA,NA,NA,-0.138431920833333
sp|Q811P8|RHG32_MOUSE@S1588,Q811P8,S1588,0.376713019,-0.52304222,NA,NA,NA,NA,NA,NA,-0.9099277965,0.6892630825
sp|Q99PV8|BC11B_MOUSE@S374,Q99PV8,S374,NA,NA,NA,NA,NA,NA,NA,NA,NA,NA
sp|Q99PV8|BC11B_MOUSE@S375,Q99PV8,S375,NA,NA,NA,NA,NA,NA,NA,NA,NA,NA
sp|Q99PV8|BC11B_MOUSE@T376,Q99PV8,T376,NA,NA,NA,NA,NA,NA,NA,NA,NA,NA
sp|Q6P542|ABCF1_MOUSE@S194,Q6P542,S194,-1.36178579,NA,NA,NA,NA,NA,NA,NA,NA,NA
sp|Q8JZX4|SPF45_MOUSE@T71,Q8JZX4,T71,-1.595927476,-0.79120755,NA,NA,NA,NA,NA,NA,NA,-1.130914809
sp|O35607|BMPR2_MOUSE@T517,O35607,T517,-0.994133065,NA,NA,NA,NA,NA,NA,NA,NA,NA
sp|P16858|G3P_MOUSE@T209,P16858,T209,0.275771375,0.507437315,NA,NA,NA,NA,-0.119651307,NA,NA,0.118304282
sp|P16858|G3P_MOUSE@S208,P16858,S208,0.282777849,0.510458514,NA,NA,NA,NA,-0.125513063,NA,NA,0.12028128
sp|Q69Z98|BRSK2_MOUSE@T423,Q69Z98,T423,-0.7039825845,NA,NA,NA,NA,NA,NA,NA,NA,-1.4947403345
sp|D3YXK1|SAMD1_MOUSE@S150,D3YXK1,S150,-1.87770393,-0.97306475,NA,NA,NA,NA,NA,NA,NA,-1.152727873
sp|Q99K01|PDXD1_MOUSE@T687,Q99K01,T687,NA,NA,NA,NA,NA,NA,NA,NA,NA,NA
sp|Q91Z49|UIF_MOUSE@T14,Q91Z49,T14,-0.650772241,0.168155528,-0.91266816,NA,NA,NA,NA,NA,NA,0.217606402
sp|Q91Z49|UIF_MOUSE@T12,Q91Z49,T12,-0.657812909,0.172477194,-0.91266816,NA,NA,NA,NA,NA,NA,0.219444639
sp|Q9D920|BORC5_MOUSE@S75,Q9D920,S75,0.932992066,0.482180476,NA,NA,NA,NA,NA,NA,0.059011765,-0.453673904
sp|Q9D920|BORC5_MOUSE@T74,Q9D920,T74,0.935966295,0.485641199,NA,NA,NA,NA,NA,NA,0.064524162,-0.458385808
sp|Q6R891|NEB2_MOUSE@S99,Q6R891,S99,NA,NA,NA,NA,NA,NA,NA,NA,NA,-0.251896827
sp|P14873|MAP1B_MOUSE@S1775,P14873,S1775,4.1749975904375,4.1598157739375,2.2827417484375,NA,2.3001712979375,0.441884878,3.3013066824375,1.0836641189375,3.9364702109375,4.8506935409375
sp|E9Q6P5|TTC7B_MOUSE@T161,E9Q6P5,T161,-0.326759621,NA,NA,NA,0.190126801,NA,NA,NA,-0.353894476,0.5647689
sp|Q8C8T7|ELFN1_MOUSE@S460,Q8C8T7,S460,NA,NA,NA,NA,NA,NA,NA,NA,NA,NA
sp|Q91Y86|MK08_MOUSE@T183,Q91Y86,T183,NA,1.361196837,NA,NA,NA,NA,NA,NA,NA,0.506690737
sp|Q8BHL3|TB10B_MOUSE@T138,Q8BHL3,T138,0.116183029,-0.604371494,NA,NA,NA,NA,NA,NA,NA,0.085044613
sp|Q99NE5|RIMS1_MOUSE@S1027,Q99NE5,S1027,-0.594306532,-0.984265619,NA,NA,NA,NA,NA,NA,-0.464815382,-0.721899373
sp|Q8R1B4|EIF3C_MOUSE@S39,Q8R1B4,S39,NA,NA,NA,NA,NA,NA,NA,NA,NA,NA
sp|O55017|CAC1B_MOUSE@S745,O55017,S745,-0.136799169,1.14863852,NA,NA,NA,NA,NA,NA,-0.655379809,-1.225688105
sp|O35219|KCNH2_MOUSE@S322,O35219,S322,NA,NA,NA,NA,NA,NA,NA,NA,NA,-2.71137076
sp|P48678|LMNA_MOUSE@S533,P48678,S533,NA,NA,NA,NA,NA,NA,NA,NA,NA,NA
sp|Q99L43|CDS2_MOUSE@T45,Q99L43,T45,NA,NA,NA,NA,NA,NA,NA,NA,NA,NA
sp|Q08274|DMWD_MOUSE@S659,Q08274,S659,NA,NA,NA,NA,NA,NA,NA,NA,NA,NA
sp|Q08274|DMWD_MOUSE@S658,Q08274,S658,NA,NA,NA,NA,NA,NA,NA,NA,NA,NA
sp|Q08274|DMWD_MOUSE@S661,Q08274,S661,NA,NA,NA,NA,NA,NA,NA,NA,NA,NA
sp|Q61315|APC_MOUSE@S2713,Q61315,S2713,-0.040054683,-0.512513572,NA,NA,NA,NA,NA,NA,NA,-1.433398599
sp|Q61315|APC_MOUSE@S2711,Q61315,S2711,-0.0513338,-0.519443341,NA,NA,NA,NA,NA,NA,NA,-1.425294289
sp|Q99L43|CDS2_MOUSE@S46,Q99L43,S46,NA,NA,NA,NA,NA,NA,NA,NA,NA,NA
sp|P46096|SYT1_MOUSE@T128,P46096,T128,-2.62691797433333,0.132342565666666,0.512957219666666,NA,1.74625560383333,0.444201669666666,NA,-1.06323852933333,2.88964884333333,4.05119478583333
sp|Q9QXS1|PLEC_MOUSE@T4037,Q9QXS1,T4037,NA,NA,NA,NA,NA,NA,NA,NA,NA,NA
sp|Q7TNS7|ASIC4_MOUSE@S28,Q7TNS7,S28,-1.614956305,NA,-1.162952128,NA,NA,NA,NA,NA,NA,-1.541475756
sp|Q7TPH6|MYCB2_MOUSE@T3992,Q7TPH6,T3992,NA,-1.293066696,NA,NA,NA,NA,NA,NA,NA,NA
sp|B1AXH1|NHSL2_MOUSE@S690,B1AXH1,S690,NA,NA,NA,NA,NA,NA,NA,NA,NA,NA
sp|Q80TE7|LRRC7_MOUSE@T865,Q80TE7,T865,NA,NA,NA,NA,NA,NA,NA,NA,NA,NA
sp|Q6WVG3|KCD12_MOUSE@S200; sp|Q6WVG3|KCD12_MOUSE@S202,Q6WVG3,S200,-2.171977808,NA,NA,NA,NA,NA,NA,NA,NA,NA
sp|O88643|PAK1_MOUSE@S220,O88643,S220,NA,-1.13359203,NA,NA,NA,NA,NA,NA,NA,-1.512738797
sp|O54949|NLK_MOUSE@T298,O54949,T298,0.692704569,0.198521134,NA,NA,-0.027193585,NA,0.029168027,NA,0.399399735,-0.129060599
sp|Q8VD37|SGIP1_MOUSE@T180,Q8VD37,T180,4.8390727927,3.5477495952,NA,NA,0.2808221122,1.003659659,1.5324055954,0.750130341,3.4950221142,4.5902115047
sp|Q8VDQ8|SIR2_MOUSE@S368,Q8VDQ8,S368,0.884959537,NA,NA,NA,NA,NA,NA,NA,-0.89285105,-0.998006891
sp|Q7TME0|PLPR4_MOUSE@S593,Q7TME0,S593,2.081035757,0.4661600615,0.101426267,NA,-0.552515193,NA,-0.237628953,NA,0.6022996385,1.816681027
sp|O88935|SYN1_MOUSE@S568,O88935,S568,1.369773394,1.18393222,NA,NA,0.197583622,NA,NA,NA,0.022604706,1.730431767
sp|Q9Z2H5|E41L1_MOUSE@S510,Q9Z2H5,S510,1.454436706125,1.517564056,NA,NA,NA,NA,0.0365019431249998,0.082370479,1.363611514125,1.849971193625
sp|Q8BGS3|ZKSC1_MOUSE@S13,Q8BGS3,S13,-1.394608231,NA,NA,NA,NA,NA,NA,NA,NA,-0.409441788
sp|A2AQ25|SKT_MOUSE@T1894,A2AQ25,T1894,NA,NA,NA,NA,NA,NA,NA,NA,NA,-0.979904996
sp|A2AQ25|SKT_MOUSE@T1893,A2AQ25,T1893,NA,NA,NA,NA,NA,NA,NA,NA,NA,-0.983076263
sp|A2AQ25|SKT_MOUSE@S1896,A2AQ25,S1896,NA,NA,NA,NA,NA,NA,NA,NA,NA,-0.986625452
sp|Q4ACU6|SHAN3_MOUSE@T696,Q4ACU6,T696,NA,NA,NA,NA,NA,NA,NA,NA,NA,NA
sp|P20357|MTAP2_MOUSE@S1161,P20357,S1161,NA,NA,NA,NA,NA,NA,NA,NA,NA,NA
sp|P20357|MTAP2_MOUSE@T1160,P20357,T1160,NA,NA,NA,NA,NA,NA,NA,NA,NA,NA
sp|O88737|BSN_MOUSE@S1488,O88737,S1488,0.840347868,NA,NA,NA,NA,NA,NA,NA,NA,-0.494980512
sp|O88737|BSN_MOUSE@S1486,O88737,S1486,0.19902711025,-1.6288998465,-1.2574538285,NA,-0.780930839500001,NA,NA,NA,-0.239487603500001,0.14698546075
sp|O88737|BSN_MOUSE@T1489,O88737,T1489,0.842160454,NA,NA,NA,NA,NA,NA,NA,NA,-0.495241305
sp|O88737|BSN_MOUSE@S1491,O88737,S1491,0.847602592,NA,NA,NA,NA,NA,NA,NA,NA,-0.494980512
sp|Q8CC35|SYNPO_MOUSE@S875,Q8CC35,S875,NA,NA,NA,NA,NA,NA,NA,NA,NA,NA
sp|Q9QYR6|MAP1A_MOUSE@T893; sp|Q9QYR6|MAP1A_MOUSE@T897,Q9QYR6,T893,-1.813831819,NA,NA,NA,NA,NA,NA,NA,NA,NA
sp|Q9QYR6|MAP1A_MOUSE@S890; sp|Q9QYR6|MAP1A_MOUSE@S895,Q9QYR6,S890,-1.8130293,NA,NA,NA,NA,NA,NA,NA,NA,NA
sp|O88737|BSN_MOUSE@S1493,O88737,S1493,0.844878957,NA,NA,NA,NA,NA,NA,NA,NA,-0.495695679
sp|Q8BYI9|TENR_MOUSE@T721,Q8BYI9,T721,NA,NA,NA,NA,NA,NA,NA,NA,NA,-1.353107773
sp|Q60930|VDAC2_MOUSE@T113,Q60930,T113,NA,0.54566994,NA,NA,NA,NA,NA,NA,NA,NA
sp|Q5SV85|SYNRG_MOUSE@S744,Q5SV85,S744,NA,-0.752642718,NA,NA,NA,NA,NA,NA,NA,-0.718044653
sp|P19246|NFH_MOUSE@T499; sp|P19246|NFH_MOUSE@S508,P19246,T499,0.207655095416667,1.52057118291667,0.335998418416667,NA,-0.129536077583333,NA,-0.632935439,NA,0.191539237416667,0.833301105416667
sp|P19246|NFH_MOUSE@S500; sp|P19246|NFH_MOUSE@S508,P19246,S500,0.20549248325,1.52067411525,0.33659176925,NA,-0.12943314525,NA,-0.634846026,NA,0.19164216975,0.83101131775
sp|Q8CC35|SYNPO_MOUSE@T879,Q8CC35,T879,NA,NA,NA,NA,NA,NA,NA,NA,NA,NA
sp|Q01098|NMDE3_MOUSE@S910,Q01098,S910,NA,NA,NA,NA,NA,NA,NA,NA,NA,NA
sp|Q91V14|S12A5_MOUSE@T8,Q91V14,T8,NA,NA,NA,NA,NA,NA,NA,NA,NA,NA
sp|Q91V14|S12A5_MOUSE@S9,Q91V14,S9,NA,NA,NA,NA,NA,NA,NA,NA,NA,NA
sp|Q99J21|MCLN1_MOUSE@T24,Q99J21,T24,NA,NA,NA,NA,NA,NA,NA,NA,NA,NA
sp|Q8C8R3|ANK2_MOUSE@T3052,Q8C8R3,T3052,-0.28920189,-0.384970414,NA,NA,NA,NA,NA,NA,NA,-1.208040354
sp|Q99J21|MCLN1_MOUSE@Y22,Q99J21,Y22,NA,NA,NA,NA,NA,NA,NA,NA,NA,NA
sp|F6ZDS4|TPR_MOUSE@S453,F6ZDS4,S453,1.263628099,1.290710541,0.088885007,NA,-0.088648455,NA,NA,NA,0.30530816,1.61982296
sp|F6ZDS4|TPR_MOUSE@T455,F6ZDS4,T455,1.264534107,1.298625305,0.088885007,NA,-0.099249458,NA,NA,NA,0.307638113,1.620277333
sp|Q9D0R8|LSM12_MOUSE@T75,Q9D0R8,T75,NA,NA,NA,NA,NA,NA,NA,NA,NA,0.095707085
sp|Q8BTI8|SRRM2_MOUSE@S1216,Q8BTI8,S1216,-1.012267713,-0.973915757,NA,NA,NA,NA,NA,NA,NA,-0.183424854
sp|Q920I9|WDR7_MOUSE@S1153,Q920I9,S1153,-1.118394206,-0.269467552,NA,NA,NA,NA,NA,NA,NA,NA
sp|Q920I9|WDR7_MOUSE@S1152,Q920I9,S1152,-1.119300784,-0.269467552,NA,NA,NA,NA,NA,NA,NA,NA
sp|Q8CGE9|RGS12_MOUSE@S1232,Q8CGE9,S1232,0.34840949,NA,-1.585244819,NA,NA,NA,NA,NA,NA,-1.490571037
sp|Q9D415|DLGP1_MOUSE@T436,Q9D415,T436,NA,NA,NA,NA,NA,NA,NA,NA,NA,-1.417455254
sp|Q0KL02|TRIO_MOUSE@T2281,Q0KL02,T2281,-1.568482261,NA,NA,NA,NA,NA,-0.3603806,NA,NA,NA
sp|Q0KL02|TRIO_MOUSE@S2282,Q0KL02,S2282,-1.571200764,NA,NA,NA,NA,NA,-0.360653502,NA,NA,NA
sp|Q99104|MYO5A_MOUSE@S1650,Q99104,S1650,-0.48598428,-0.947153763,-1.0077836,NA,NA,NA,NA,NA,-0.194828697,-1.219193767
sp|Q99104|MYO5A_MOUSE@S1450,Q99104,S1450,NA,NA,NA,NA,NA,NA,NA,NA,NA,-0.754893292
sp|Q8BJI1|S6A17_MOUSE@S721,Q8BJI1,S721,NA,NA,NA,NA,NA,NA,NA,NA,NA,NA
sp|Q6ZWR6|SYNE1_MOUSE@S5655,Q6ZWR6,S5655,NA,NA,NA,NA,NA,NA,NA,-0.310355131,NA,NA
sp|Q6ZWR6|SYNE1_MOUSE@T5654,Q6ZWR6,T5654,NA,NA,NA,NA,NA,NA,NA,-0.310355131,NA,NA
sp|Q9WTQ5|AKA12_MOUSE@T583,Q9WTQ5,T583,NA,NA,NA,NA,NA,NA,NA,NA,NA,-0.926408337
sp|Q9WTQ5|AKA12_MOUSE@S584,Q9WTQ5,S584,NA,NA,NA,NA,NA,NA,NA,NA,NA,-0.926408337
sp|P08553|NFM_MOUSE@S482,P08553,S482,NA,NA,NA,NA,NA,NA,NA,NA,NA,-1.093192503
sp|Q66L44|CBARP_MOUSE@S680,Q66L44,S680,NA,NA,NA,NA,NA,NA,NA,NA,NA,NA
sp|O88737|BSN_MOUSE@T2048,O88737,T2048,NA,-0.409011897,NA,NA,NA,NA,NA,NA,NA,NA
sp|P63037|DNJA1_MOUSE@S335,P63037,S335,NA,NA,NA,NA,NA,NA,NA,NA,NA,-1.148060833
sp|O88737|BSN_MOUSE@S2046,O88737,S2046,NA,-0.424798241,NA,NA,NA,NA,NA,NA,NA,NA
sp|E9Q8I9|FRY_MOUSE@S1383,E9Q8I9,S1383,-1.034031014,NA,NA,NA,NA,NA,NA,NA,NA,-0.913135238
sp|Q9JL26|FMNL1_MOUSE@T509,Q9JL26,T509,NA,-1.155141048,NA,NA,NA,NA,NA,NA,-1.146384557,NA
sp|Q9Z0P4|PALM_MOUSE@S108,Q9Z0P4,S108,NA,NA,NA,NA,NA,NA,NA,NA,NA,NA
sp|Q9D0L7|ARM10_MOUSE@T48,Q9D0L7,T48,NA,NA,NA,NA,NA,NA,NA,NA,-1.068544356,-0.776007668
sp|Q60610|TIAM1_MOUSE@S1465,Q60610,S1465,-0.965384355,NA,NA,NA,NA,NA,NA,NA,NA,-0.69952755
sp|O88737|BSN_MOUSE@S2811,O88737,S2811,-1.742207619,NA,-1.793246668,NA,NA,NA,NA,NA,NA,NA
sp|P70399|TP53B_MOUSE@T384,P70399,T384,0.2722019345,-0.436654417,NA,NA,NA,NA,-0.331077988,NA,0.313349914,-0.1538168575
sp|Q6ZQK5|ACAP2_MOUSE@S521,Q6ZQK5,S521,0.319369065,-0.2996336715,NA,NA,NA,NA,NA,NA,0.435973793,-0.5191585635
sp|P31650|S6A11_MOUSE@T23,P31650,T23,NA,NA,NA,NA,NA,NA,NA,NA,NA,-1.634481419
sp|Q61037|TSC2_MOUSE@S664,Q61037,S664,-0.829964412,NA,NA,NA,NA,NA,NA,NA,NA,-1.259868093
sp|Q9DBS2|TPRGL_MOUSE@T13,Q9DBS2,T13,-0.653273741,NA,NA,NA,NA,NA,NA,NA,NA,NA
sp|Q9Z0P4|PALM_MOUSE@S122; sp|Q9Z0P4|PALM_MOUSE@S124,Q9Z0P4,S122,0.127474471,-0.602444667,NA,NA,NA,NA,NA,NA,NA,NA
sp|Q8VDY9|CAAP1_MOUSE@S306,Q8VDY9,S306,-0.440099995,NA,NA,NA,NA,NA,NA,NA,NA,-0.727402055
sp|Q8VDY9|CAAP1_MOUSE@S307,Q8VDY9,S307,-0.440099995,NA,NA,NA,NA,NA,NA,NA,NA,-0.780871499
sp|P97434|MPRIP_MOUSE@S292,P97434,S292,-1.189378076,-1.261477995,NA,NA,NA,NA,NA,NA,NA,-2.46777122
sp|P80560|PTPR2_MOUSE@T427,P80560,T427,-0.743901746,-1.261962256,NA,NA,NA,NA,NA,NA,NA,NA
sp|Q60902|EP15R_MOUSE@T364,Q60902,T364,0.956595333,NA,NA,NA,NA,NA,NA,NA,NA,-0.295904735
sp|Q5F226|FAT2_MOUSE@S4260,Q5F226,S4260,0.538668058,NA,NA,NA,NA,NA,NA,NA,NA,0.586343952
sp|Q8VDZ4|ZDHC5_MOUSE@S621,Q8VDZ4,S621,-1.051812485,-0.203938251,NA,NA,-1.088001626,NA,NA,NA,-1.967756919,-0.173799859
sp|Q6ZPS6|AKIB1_MOUSE@S738,Q6ZPS6,S738,NA,NA,NA,NA,NA,NA,NA,NA,NA,NA
sp|Q80X80|C2C2L_MOUSE@Y407,Q80X80,Y407,-0.728709764,NA,NA,NA,NA,NA,NA,NA,NA,NA
sp|Q7TQF7|AMPH_MOUSE@S250,Q7TQF7,S250,NA,-0.642318968,NA,NA,NA,NA,NA,NA,NA,NA
sp|A1L3P4|SL9A6_MOUSE@S700,A1L3P4,S700,NA,NA,NA,NA,NA,NA,-0.696811481,NA,NA,-0.375879474
sp|Q8C7M3|TRIM9_MOUSE@S44,Q8C7M3,S44,-1.758171981,-1.422388909,NA,NA,NA,NA,NA,NA,NA,-1.94504365
sp|Q8BX70|VP13C_MOUSE@S736,Q8BX70,S736,NA,NA,NA,NA,NA,NA,NA,NA,NA,NA
sp|P62806|H4_MOUSE@Y52,P62806,Y52,NA,NA,NA,NA,NA,NA,NA,NA,NA,NA
sp|O35219|KCNH2_MOUSE@S324,O35219,S324,NA,NA,NA,NA,NA,NA,NA,NA,NA,NA
sp|Q8C1B1|CAMP2_MOUSE@S1291,Q8C1B1,S1291,NA,NA,NA,NA,NA,NA,NA,NA,NA,NA
sp|P14873|MAP1B_MOUSE@S1788; sp|P14873|MAP1B_MOUSE@S1789,P14873,S1788,NA,NA,NA,NA,NA,NA,NA,NA,NA,NA
sp|Q6PDH0|PHLB1_MOUSE@S522,Q6PDH0,S522,NA,-0.251719167,NA,NA,NA,NA,NA,NA,NA,-0.665949311
sp|B1AXH1|NHSL2_MOUSE@S687,B1AXH1,S687,NA,NA,NA,NA,NA,NA,NA,NA,NA,NA
sp|Q8BWS5|GRIN3_MOUSE@S327,Q8BWS5,S327,NA,NA,NA,NA,NA,NA,NA,NA,NA,NA
sp|Q9QXS1|PLEC_MOUSE@S4393,Q9QXS1,S4393,3.28672397,2.72050031,1.925597191,1.900304966,0.202554237,NA,2.506434406,-0.190092351,2.356133212,1.686592748
sp|Q6DFV3|RHG21_MOUSE@S42,Q6DFV3,S42,NA,NA,NA,NA,NA,NA,NA,NA,NA,NA
sp|P30999|CTND1_MOUSE@S349,P30999,S349,NA,NA,NA,NA,NA,NA,NA,NA,NA,-0.899611307
sp|P05064|ALDOA_MOUSE@S36,P05064,S36,3.157881531,2.9921697045,1.4979035355,NA,0.502339149,-0.322013026,2.8964546825,NA,2.4004843505,2.100154395
sp|Q6NS65|GPR17_MOUSE@S323,Q6NS65,S323,NA,NA,NA,NA,NA,NA,NA,NA,-0.924721243,-0.308644696
sp|P13595|NCAM1_MOUSE@T968,P13595,T968,NA,NA,NA,NA,NA,NA,NA,NA,NA,NA
sp|P05213|TBA1B_MOUSE@T334,P05213,T334,NA,NA,NA,NA,NA,NA,NA,NA,NA,-0.037321243
sp|Q9Z204|HNRPC_MOUSE@S229,Q9Z204,S229,0.321658934,NA,NA,NA,NA,NA,NA,NA,NA,-1.817501334
sp|Q61097|KSR1_MOUSE@T411,Q61097,T411,NA,NA,NA,NA,NA,NA,NA,NA,NA,-0.233182188
sp|Q80UU9|PGRC2_MOUSE@Y204,Q80UU9,Y204,2.69759104233333,2.16886262833333,-1.167632443,NA,1.40728235583333,0.898195426833333,0.774346313666666,NA,2.05576929583333,2.75508982683333
sp|Q9QY06|MYO9B_MOUSE@S1245,Q9QY06,S1245,-0.349724481,NA,NA,NA,NA,NA,NA,NA,-1.07073965,-0.882682037
sp|P14873|MAP1B_MOUSE@S1799,P14873,S1799,-1.484606558,NA,NA,NA,NA,NA,NA,NA,NA,NA
sp|P14873|MAP1B_MOUSE@T1800,P14873,T1800,-1.484929293,NA,NA,NA,NA,NA,NA,NA,NA,NA
sp|D3YZU1|SHAN1_MOUSE@S1138,D3YZU1,S1138,-1.5130019005,-1.365971938,NA,-0.194166587,NA,-0.503869507,NA,NA,NA,-1.1580591825
sp|O70174|ACHA4_MOUSE@S563,O70174,S563,0.188800463,NA,NA,NA,NA,NA,NA,NA,NA,NA
sp|Q6P9Q6|FKB15_MOUSE@S1091,Q6P9Q6,S1091,NA,NA,NA,NA,NA,NA,NA,NA,NA,NA
sp|Q60771|CLD11_MOUSE@S194; sp|Q60771|CLD11_MOUSE@S196,Q60771,S194,-1.685764992,-0.913903919,NA,NA,NA,NA,NA,NA,NA,-0.070339083
sp|Q60771|CLD11_MOUSE@S193; sp|Q60771|CLD11_MOUSE@S194,Q60771,S193,-1.691615446,-0.915742157,NA,NA,NA,NA,NA,NA,NA,-0.072177321
sp|P08553|NFM_MOUSE@S51,P08553,S51,0.560647868,0.690751796,NA,NA,NA,NA,-0.406769513,NA,-0.0641309885,0.8395628025
sp|A2AN08|UBR4_MOUSE@S2715,A2AN08,S2715,-0.114892764,-0.721803865,NA,NA,NA,NA,NA,0.014368877,NA,0.00367882
sp|A2AN08|UBR4_MOUSE@S2716,A2AN08,S2716,0.0320839606666667,-0.824000023333333,NA,NA,NA,NA,NA,0.028882305,NA,-0.0514733263333333
sp|Q5SRX1|TM1L2_MOUSE@T164,Q5SRX1,T164,-0.043663353,-1.060815187,0,NA,NA,-0.4071018,NA,NA,NA,0.260237972
sp|Q80TH2|ERBIN_MOUSE@S869,Q80TH2,S869,1.132509217,1.372033881,NA,NA,NA,NA,NA,NA,0.879372413,0.371542763
sp|Q8VD37|SGIP1_MOUSE@S179,Q8VD37,S179,4.5042110592,3.2987956292,NA,NA,0.2701847762,1.158642936,1.3258232654,0.848092007,3.2796322792,4.2832545312
sp|Q9JI44|DMAP1_MOUSE@T446,Q9JI44,T446,-0.999163924,-1.116444832,NA,NA,NA,NA,NA,NA,NA,0.006335578
sp|Q9JKC6|CEND_MOUSE@S10,Q9JKC6,S10,4.7703307756875,3.7578130476875,2.7608397831875,NA,2.1597359931875,1.1291836366875,NA,0.9143232566875,3.8770830661875,5.2068038446875
sp|Q6DFV3|RHG21_MOUSE@S50,Q6DFV3,S50,NA,NA,NA,NA,NA,NA,NA,NA,NA,NA
sp|Q8VHK5|MLC1_MOUSE@S183,Q8VHK5,S183,NA,NA,NA,NA,NA,NA,NA,NA,NA,NA
sp|Q9QYB8|ADDB_MOUSE@S62,Q9QYB8,S62,NA,NA,NA,NA,NA,NA,NA,NA,NA,NA
sp|Q8BTI8|SRRM2_MOUSE@T973,Q8BTI8,T973,1.4646917975,2.687926616,1.253494304,NA,0.883662720000001,0.439298554,0.515504214,NA,0.908572743,3.1225409775
sp|Q8BIE6|FRM4A_MOUSE@S783,Q8BIE6,S783,-0.230557282,NA,NA,NA,NA,NA,NA,NA,NA,0.429943548
sp|Q8BIE6|FRM4A_MOUSE@S782,Q8BIE6,S782,-0.227514878,NA,NA,NA,NA,NA,NA,NA,NA,0.440081994
sp|P35283|RAB12_MOUSE@S20,P35283,S20,0.3238668885,0.11457776,NA,NA,NA,NA,NA,NA,0.201769544,0.7549078515
sp|P60710|ACTB_MOUSE@Y240,P60710,Y240,NA,NA,NA,NA,-0.336883563,NA,NA,NA,NA,-0.362727813
sp|Q99MX7|T121B_MOUSE@Y529,Q99MX7,Y529,0.273296065,NA,NA,NA,-1.000674857,NA,NA,NA,NA,-1.495961279
sp|Q9QXS1|PLEC_MOUSE@S4392,Q9QXS1,S4392,3.311078782,2.8213379975,2.093094916,1.9018483995,0.279120155,NA,2.639278125,-0.134951161,2.396895196,1.822972419
sp|Q6PFD5|DLGP3_MOUSE@S712,Q6PFD5,S712,NA,NA,NA,NA,NA,NA,NA,NA,NA,NA
sp|Q8CHX7|RFTN2_MOUSE@T434,Q8CHX7,T434,NA,NA,NA,NA,NA,NA,-0.445894898,NA,NA,NA
sp|Q9QYB8|ADDB_MOUSE@T533,Q9QYB8,T533,NA,NA,NA,NA,NA,NA,NA,NA,NA,NA
sp|Q8CC27|CACB2_MOUSE@S56,Q8CC27,S56,-1.397122849,NA,NA,NA,NA,NA,NA,NA,NA,NA
sp|Q8CC27|CACB2_MOUSE@S57,Q8CC27,S57,-1.40273313,NA,NA,NA,NA,NA,NA,NA,NA,NA
sp|Q9QYB8|ADDB_MOUSE@S532,Q9QYB8,S532,NA,NA,NA,NA,NA,NA,NA,NA,NA,NA
sp|Q8BVE3|VATH_MOUSE@T478,Q8BVE3,T478,-1.930309614,-0.887161385,NA,NA,NA,NA,NA,NA,-1.193809205,NA
sp|Q80T41|GABR2_MOUSE@S778,Q80T41,S778,NA,NA,NA,NA,NA,NA,NA,NA,NA,NA
sp|P20357|MTAP2_MOUSE@S603,P20357,S603,NA,NA,NA,NA,NA,NA,NA,NA,NA,NA
sp|Q68FH0|PKP4_MOUSE@S335; sp|Q68FH0|PKP4_MOUSE@S336,Q68FH0,S335,-0.265304844,NA,NA,NA,NA,NA,NA,NA,NA,-0.556487936
sp|Q8CDN1|CC020_MOUSE@S899,Q8CDN1,S899,0.854276394,-0.254439806,NA,NA,NA,NA,NA,NA,-1.02027791,0.806007579
sp|Q9QYC0|ADDA_MOUSE@S364,Q9QYC0,S364,0.979364483,-0.2835740975,NA,NA,NA,NA,NA,NA,-0.34206849,0.2040159635
sp|P26645|MARCS_MOUSE@S29,P26645,S29,NA,NA,NA,NA,NA,NA,NA,NA,NA,-1.323775067
sp|Q9JL56|GDE1_MOUSE@T94; sp|Q9JL56|GDE1_MOUSE@T103,Q9JL56,T94,NA,NA,NA,NA,NA,NA,NA,NA,NA,-0.104449905
sp|Q8BX17|GEMI5_MOUSE@S1414,Q8BX17,S1414,NA,NA,NA,NA,NA,NA,NA,NA,NA,NA
sp|Q8R4R6|NUP35_MOUSE@T272,Q8R4R6,T272,NA,NA,NA,NA,NA,NA,NA,NA,NA,NA
sp|Q9QZI8|SERC1_MOUSE@S364,Q9QZI8,S364,-1.596490889,-0.937031749,NA,NA,NA,NA,-0.062481515,NA,NA,NA
sp|Q9QYR6|MAP1A_MOUSE@S1201,Q9QYR6,S1201,NA,NA,NA,NA,NA,NA,NA,NA,NA,NA
sp|Q8K3X4|I2BPL_MOUSE@S638,Q8K3X4,S638,-0.42505070925,-0.0515764164999999,NA,NA,NA,NA,NA,NA,NA,-0.80837120075
sp|Q8K3X4|I2BPL_MOUSE@S637,Q8K3X4,S637,-0.4214297155,-0.0677400450000001,NA,NA,NA,NA,NA,NA,NA,-0.8237118065
sp|Q91V04|TRAM1_MOUSE@S360,Q91V04,S360,NA,NA,NA,NA,NA,NA,NA,NA,NA,NA
sp|Q80X80|C2C2L_MOUSE@S609,Q80X80,S609,NA,NA,NA,NA,NA,NA,NA,NA,NA,NA
sp|G5E8K5|ANK3_MOUSE@S1451,G5E8K5,S1451,NA,-0.745438714,NA,NA,NA,NA,NA,NA,-0.589795541,NA
sp|Q91W52|TMM19_MOUSE@S293,Q91W52,S293,-1.4532240395,-0.45624094025,NA,NA,NA,NA,NA,NA,NA,-1.01842138375
sp|Q91W52|TMM19_MOUSE@S294,Q91W52,S294,-1.4573894265,-0.45740480875,NA,NA,NA,NA,NA,NA,NA,-1.02197746125
sp|Q9WV34|MPP2_MOUSE@Y115,Q9WV34,Y115,NA,NA,NA,NA,NA,NA,NA,NA,NA,NA
sp|Q3UHE1|PITM3_MOUSE@S907,Q3UHE1,S907,NA,NA,NA,NA,NA,NA,NA,NA,NA,NA
sp|Q8K0D0|CDK17_MOUSE@S164,Q8K0D0,S164,-0.47030269,NA,NA,NA,NA,NA,NA,NA,NA,NA
sp|Q8K0D0|CDK17_MOUSE@S165,Q8K0D0,S165,-0.477302355,NA,NA,NA,NA,NA,NA,NA,NA,NA
sp|Q5H8C4|VP13A_MOUSE@S2581,Q5H8C4,S2581,NA,NA,NA,NA,NA,NA,NA,NA,NA,NA
sp|A2A8L1|CHD5_MOUSE@S1633,A2A8L1,S1633,0.679052864,-0.066256911,NA,NA,NA,NA,NA,NA,NA,NA
sp|Q9Z1X2|PTSS2_MOUSE@S12,Q9Z1X2,S12,NA,NA,NA,NA,NA,NA,NA,NA,NA,NA
sp|Q9R0A1|CLCN2_MOUSE@Y31,Q9R0A1,Y31,-0.254549664,NA,NA,NA,NA,NA,NA,NA,NA,-0.630408428
sp|Q3UH66|WNK2_MOUSE@S1770,Q3UH66,S1770,NA,NA,NA,NA,NA,NA,NA,NA,NA,-1.154345751
sp|Q9Z1X2|PTSS2_MOUSE@S14,Q9Z1X2,S14,NA,NA,NA,NA,NA,NA,NA,NA,NA,NA
sp|P20357|MTAP2_MOUSE@S1023,P20357,S1023,-0.860521747,NA,NA,NA,NA,NA,NA,NA,NA,NA
sp|Q9JIS5|SV2A_MOUSE@Y480,Q9JIS5,Y480,NA,NA,NA,NA,NA,NA,NA,NA,-1.039622961,NA
sp|Q6ZPJ3|UBE2O_MOUSE@S893,Q6ZPJ3,S893,2.332635542,1.2580495,NA,NA,NA,NA,NA,NA,0.310294604,2.42222159
sp|G5E829|AT2B1_MOUSE@T1218,G5E829,T1218,NA,-0.693984773,NA,NA,-0.481496521,NA,NA,NA,NA,-0.313195024
sp|Q62314|TGON2_MOUSE@T284,Q62314,T284,NA,NA,NA,NA,NA,NA,NA,NA,NA,NA
sp|Q9R0K7|AT2B2_MOUSE@S1193,Q9R0K7,S1193,NA,-0.697512405,NA,NA,-0.48666628,NA,NA,NA,NA,-0.357222729
sp|G5E829|AT2B1_MOUSE@S1215,G5E829,S1215,NA,-0.69850464,NA,NA,-0.49181758,NA,NA,NA,NA,-0.361118926
sp|Q9QYI5|DNJB2_MOUSE@S311,Q9QYI5,S311,2.1481275484,1.8932284524,-1.1005717066,NA,-1.2488789482,NA,-0.8825799982,NA,1.3880664684,2.1119191384
sp|Q9JIX8|ACINU_MOUSE@S729,Q9JIX8,S729,1.574386954625,1.627758782625,NA,NA,NA,NA,NA,NA,0.298927656625,1.332824523125
sp|Q9R0K7|AT2B2_MOUSE@T1196,Q9R0K7,T1196,NA,-0.69850464,NA,NA,-0.527641479,NA,NA,NA,NA,-0.371542893
sp|P97291|CADH8_MOUSE@S795,P97291,S795,-1.474459885,NA,-1.066474666,NA,-0.145346133,NA,NA,NA,-0.725756434,-0.502994348
sp|Q8BZB3|TM266_MOUSE@S479,Q8BZB3,S479,NA,-0.968255931,NA,NA,NA,NA,NA,NA,NA,NA
sp|Q8BZB3|TM266_MOUSE@T475,Q8BZB3,T475,NA,-0.971442696,NA,NA,NA,NA,NA,NA,NA,NA
sp|Q8BZB3|TM266_MOUSE@T482,Q8BZB3,T482,NA,-0.974622438,NA,NA,NA,NA,NA,NA,NA,NA
sp|Q62407|SPEG_MOUSE@S2042,Q62407,S2042,NA,NA,NA,NA,NA,NA,NA,NA,-1.422626982,NA
sp|Q8BZB3|TM266_MOUSE@S483,Q8BZB3,S483,NA,-0.974622438,NA,NA,NA,NA,NA,NA,NA,NA
sp|Q8C8R3|ANK2_MOUSE@S1426,Q8C8R3,S1426,NA,NA,NA,NA,NA,NA,NA,NA,NA,NA
sp|Q8R1A4|DOCK7_MOUSE@S1424,Q8R1A4,S1424,NA,NA,NA,NA,NA,NA,NA,NA,NA,-0.207593495
sp|Q9Z0Z4|HEPH_MOUSE@S1149,Q9Z0Z4,S1149,NA,NA,NA,NA,NA,NA,NA,NA,NA,0.481157855
sp|A2A690|TANC2_MOUSE@S400; sp|A2A690|TANC2_MOUSE@S404,A2A690,S400,-1.038834367,NA,NA,NA,NA,NA,NA,NA,NA,NA
sp|Q8C8R3|ANK2_MOUSE@S1428,Q8C8R3,S1428,NA,NA,NA,NA,NA,NA,NA,NA,NA,NA
sp|Q8VD37|SGIP1_MOUSE@T268,Q8VD37,T268,NA,NA,NA,NA,NA,NA,NA,NA,NA,NA
sp|Q8VEL9|REM2_MOUSE@S27,Q8VEL9,S27,NA,NA,NA,NA,NA,NA,NA,NA,NA,-1.526655785
sp|P62806|H4_MOUSE@T31,P62806,T31,5.171185918,2.639254985,NA,NA,-0.644456208,0.417235931,NA,NA,1.437038672,2.069159436
sp|Q8BG67|EFR3A_MOUSE@S219,Q8BG67,S219,0.009743736,NA,NA,NA,NA,NA,NA,NA,NA,NA
sp|Q9R1V6|ADA22_MOUSE@S868,Q9R1V6,S868,-0.922031527,NA,NA,NA,NA,NA,NA,NA,-1.028323491,NA
sp|Q9R1V6|ADA22_MOUSE@S867,Q9R1V6,S867,-0.922031527,NA,NA,NA,NA,NA,NA,NA,-1.04075611,NA
sp|P21619|LMNB2_MOUSE@S401,P21619,S401,-1.857010109,NA,NA,NA,NA,NA,NA,NA,NA,NA
sp|P21619|LMNB2_MOUSE@S400,P21619,S400,-1.857010109,NA,NA,NA,NA,NA,NA,NA,NA,NA
sp|P21619|LMNB2_MOUSE@S399,P21619,S399,-1.857010109,NA,NA,NA,NA,NA,NA,NA,NA,NA
sp|Q69ZH9|RHG23_MOUSE@Y608,Q69ZH9,Y608,NA,NA,NA,NA,NA,NA,NA,NA,NA,NA
sp|Q8R516|MIB2_MOUSE@S251,Q8R516,S251,NA,NA,NA,NA,0.065091575,NA,NA,NA,NA,NA
sp|Q9QYR6|MAP1A_MOUSE@S678,Q9QYR6,S678,NA,NA,NA,NA,NA,NA,NA,NA,0.396374872,NA
sp|P21619|LMNB2_MOUSE@S403,P21619,S403,-1.857010109,NA,NA,NA,NA,NA,NA,NA,NA,NA
sp|P21619|LMNB2_MOUSE@S402,P21619,S402,-1.857010109,NA,NA,NA,NA,NA,NA,NA,NA,NA
sp|Q8K019|BCLF1_MOUSE@S494,Q8K019,S494,NA,NA,NA,NA,NA,NA,NA,NA,NA,NA
sp|Q9CRB9|MIC19_MOUSE@S58,Q9CRB9,S58,-0.101522953,-0.532373185,NA,NA,-0.0655331,NA,NA,NA,-0.456274428,-0.27186442
sp|Q99JX3|GORS2_MOUSE@T417,Q99JX3,T417,NA,NA,NA,NA,NA,NA,NA,NA,NA,NA
sp|Q4KUS2|UN13A_MOUSE@S255,Q4KUS2,S255,NA,-0.125654282,NA,NA,NA,NA,NA,NA,NA,NA
sp|Q8BXK8|AGAP1_MOUSE@S521,Q8BXK8,S521,NA,NA,NA,NA,NA,NA,NA,NA,NA,NA
sp|Q8BJI1|S6A17_MOUSE@S686,Q8BJI1,S686,0.118219118,NA,-0.0443142800000001,NA,0.404742499,NA,NA,-0.295350726,0.093315957,0.816591002
sp|Q3UNH4|GRIN1_MOUSE@S369,Q3UNH4,S369,1.6080184455,-0.634619385,NA,NA,-0.610725898,NA,NA,NA,-0.212741631,1.0916959465
sp|Q2M3X8|PHAR1_MOUSE@S97,Q2M3X8,S97,-0.228054241,NA,-1.472372064,NA,NA,NA,NA,NA,NA,-0.493734943
sp|P26039|TLN1_MOUSE@S2040,P26039,S2040,-0.435049388,NA,NA,NA,NA,NA,NA,NA,NA,-1.127900541
sp|Q9QYC0|ADDA_MOUSE@S464,Q9QYC0,S464,1.54051070716667,0.682687709333333,NA,NA,NA,NA,NA,NA,0.958786993166667,2.04897406166667
sp|Q3TVA9|CC136_MOUSE@S37,Q3TVA9,S37,NA,NA,NA,NA,NA,NA,NA,NA,NA,0.252054932
sp|Q923Z0|GPC5B_MOUSE@S337,Q923Z0,S337,1.02862955425,NA,NA,NA,NA,NA,NA,NA,-0.598178512,-0.71306647725
sp|Q61070|EI24_MOUSE@S326; sp|Q61070|EI24_MOUSE@S330,Q61070,S326,NA,NA,NA,NA,NA,NA,NA,NA,-0.33943389,NA
sp|P60710|ACTB_MOUSE@T324,P60710,T324,-0.066695823,NA,NA,NA,NA,NA,NA,NA,NA,-1.58326102
sp|P60710|ACTB_MOUSE@S323,P60710,S323,-0.078599163,NA,NA,NA,NA,NA,NA,NA,NA,-1.587080592
sp|P62484|ABI2_MOUSE@S221,P62484,S221,-1.7473651,NA,NA,NA,NA,NA,NA,NA,NA,NA
sp|Q9ERZ3|ACM3_MOUSE@S385,Q9ERZ3,S385,2.200088048,2.21850211,-0.965778872,NA,0.871713527,-0.193578358,0.986714017,0.167398827,1.820556453,2.717100448
sp|P97868|RBBP6_MOUSE@S1179,P97868,S1179,1.388168263,0.870620624,NA,NA,NA,NA,NA,NA,-0.4038782,1.039724252
sp|Q9ERZ3|ACM3_MOUSE@S384,Q9ERZ3,S384,2.200088048,2.234482317,-1.102768772,NA,0.90521115,-0.219619003,1.019409567,0.177498294,1.822845789,2.760540054
sp|Q3UVC0|KSR2_MOUSE@T270,Q3UVC0,T270,0.24780074,NA,NA,NA,NA,NA,NA,NA,0.584940973,1.14552243
sp|A2A690|TANC2_MOUSE@S1521,A2A690,S1521,-0.900137655,NA,NA,NA,NA,NA,NA,NA,-0.815681132,NA
sp|Q6PIC6|AT1A3_MOUSE@T705,Q6PIC6,T705,0.215355426,-1.099405511,NA,NA,NA,NA,NA,NA,NA,NA
sp|Q9Z0R4|ITSN1_MOUSE@S315,Q9Z0R4,S315,-0.734543682,NA,NA,NA,NA,NA,NA,NA,NA,-0.292239189
sp|Q68FH0|PKP4_MOUSE@S75,Q68FH0,S75,-1.047637091,NA,NA,NA,NA,NA,NA,NA,NA,-0.115514341
sp|Q7TPB0|PLPR3_MOUSE@S426,Q7TPB0,S426,-0.161792883,-0.957872197,NA,NA,NA,NA,NA,NA,NA,-1.419340535
sp|O70480|VAMP4_MOUSE@S30,O70480,S30,NA,NA,NA,NA,NA,NA,NA,NA,NA,NA
sp|Q5DTY9|KCD16_MOUSE@T340,Q5DTY9,T340,NA,NA,NA,NA,NA,NA,NA,NA,NA,-0.685409452
sp|Q8VD37|SGIP1_MOUSE@T395,Q8VD37,T395,NA,NA,NA,NA,NA,NA,NA,NA,NA,NA
sp|Q91V14|S12A5_MOUSE@T1029,Q91V14,T1029,NA,NA,NA,NA,NA,NA,NA,NA,NA,-0.797139326
sp|Q8K298|ANLN_MOUSE@S792,Q8K298,S792,1.318750087,1.28229733,-0.760901197,NA,-0.238807329,NA,-0.078003814,NA,1.047399355,0.959091729
sp|Q9JIX8|ACINU_MOUSE@S391,Q9JIX8,S391,NA,NA,NA,NA,NA,NA,NA,NA,NA,NA
sp|Q9JIX8|ACINU_MOUSE@S389,Q9JIX8,S389,NA,NA,NA,NA,NA,NA,NA,NA,NA,NA
sp|Q8C8R3|ANK2_MOUSE@S2826; sp|Q8C8R3|ANK2_MOUSE@S2827,Q8C8R3,S2826,NA,-0.530169838,NA,NA,NA,NA,-0.2020963,NA,0.2938067265,2.7612813315
sp|Q8C8R3|ANK2_MOUSE@S2824; sp|Q8C8R3|ANK2_MOUSE@S2826,Q8C8R3,S2824,NA,NA,NA,NA,NA,NA,NA,NA,NA,2.655316024
sp|Q80U19|DAAM2_MOUSE@S704,Q80U19,S704,NA,NA,NA,NA,NA,NA,NA,NA,NA,NA
sp|Q80U19|DAAM2_MOUSE@T705,Q80U19,T705,NA,NA,NA,NA,NA,NA,NA,NA,NA,NA
sp|O35219|KCNH2_MOUSE@T321,O35219,T321,NA,NA,NA,NA,NA,NA,NA,NA,NA,-2.710642406
sp|O35219|KCNH2_MOUSE@S320,O35219,S320,NA,NA,NA,NA,NA,NA,NA,NA,NA,-2.710136504
sp|Q9D1T0|LIGO1_MOUSE@S602,Q9D1T0,S602,NA,NA,NA,NA,NA,NA,NA,NA,NA,NA
sp|Q9WUH1|TM115_MOUSE@S320,Q9WUH1,S320,NA,NA,NA,NA,NA,NA,NA,NA,NA,NA
sp|Q80YA9|CNKR2_MOUSE@S335,Q80YA9,S335,-0.884934775,NA,NA,NA,NA,NA,NA,NA,NA,NA
sp|Q80YA9|CNKR2_MOUSE@T336,Q80YA9,T336,-0.884934775,NA,NA,NA,NA,NA,NA,NA,NA,NA
sp|Q80YA9|CNKR2_MOUSE@S338,Q80YA9,S338,-0.896330222,NA,NA,NA,NA,NA,NA,NA,NA,NA
sp|Q80YA9|CNKR2_MOUSE@S334,Q80YA9,S334,-0.907636364,NA,NA,NA,NA,NA,NA,NA,NA,NA
sp|Q03517|SCG2_MOUSE@S533,Q03517,S533,NA,NA,NA,NA,NA,NA,NA,NA,NA,NA
sp|Q03517|SCG2_MOUSE@S532,Q03517,S532,NA,NA,NA,NA,NA,NA,NA,NA,NA,NA
sp|Q8CCN5|BCAS3_MOUSE@S886,Q8CCN5,S886,-1.24156615375,-1.3249529125,NA,NA,NA,NA,NA,NA,NA,-1.66109317525
sp|P97445|CAC1A_MOUSE@S453,P97445,S453,NA,NA,NA,NA,NA,NA,NA,NA,NA,NA
sp|Q9QYR6|MAP1A_MOUSE@S1205; sp|Q9QYR6|MAP1A_MOUSE@S1208,Q9QYR6,S1205,NA,NA,NA,NA,NA,NA,NA,NA,NA,NA
sp|Q5DQR4|STB5L_MOUSE@S821; sp|Q5DQR4|STB5L_MOUSE@S822,Q5DQR4,S821,NA,NA,NA,NA,NA,NA,NA,NA,NA,NA
sp|Q8K400|STXB5_MOUSE@S783; sp|Q8K400|STXB5_MOUSE@S786,Q8K400,S783,NA,NA,NA,NA,NA,NA,NA,NA,NA,NA
sp|Q8BL65|ABLM2_MOUSE@S280,Q8BL65,S280,-0.837871159,NA,NA,NA,NA,NA,NA,NA,NA,-1.357867692
sp|Q8BL65|ABLM2_MOUSE@S279,Q8BL65,S279,-1.00546547225,NA,NA,NA,NA,NA,NA,NA,-2.0091579235,-1.19756545775
sp|Q9D0L8|MCES_MOUSE@S15,Q9D0L8,S15,NA,NA,NA,NA,NA,NA,NA,NA,NA,NA
sp|Q5DQR4|STB5L_MOUSE@S819; sp|Q5DQR4|STB5L_MOUSE@S821,Q5DQR4,S819,NA,NA,NA,NA,NA,NA,NA,NA,NA,NA
sp|Q8R3Z5|CACB1_MOUSE@S191,Q8R3Z5,S191,-1.767325628,NA,NA,NA,NA,NA,NA,NA,NA,NA
sp|B1AWN6|SCN2A_MOUSE@S471,B1AWN6,S471,NA,NA,NA,NA,NA,NA,NA,NA,NA,NA
sp|P70398|USP9X_MOUSE@S1600,P70398,S1600,-1.1050329,NA,NA,NA,NA,NA,NA,NA,NA,NA
sp|P70398|USP9X_MOUSE@S1593,P70398,S1593,-1.1050329,NA,NA,NA,NA,NA,NA,NA,NA,NA
sp|P70398|USP9X_MOUSE@T1591,P70398,T1591,-1.1050329,NA,NA,NA,NA,NA,NA,NA,NA,NA
sp|Q7TSC1|PRC2A_MOUSE@T608,Q7TSC1,T608,-1.636924788,NA,NA,NA,NA,NA,NA,NA,NA,NA
sp|Q7TSC1|PRC2A_MOUSE@T609,Q7TSC1,T609,-1.636924788,NA,NA,NA,NA,NA,NA,NA,NA,NA
sp|Q61290|CAC1E_MOUSE@S2097,Q61290,S2097,NA,NA,NA,NA,NA,NA,NA,NA,NA,NA
sp|Q8R2M2|TDIF2_MOUSE@S512,Q8R2M2,S512,NA,NA,NA,NA,NA,NA,NA,NA,NA,NA
sp|P62484|ABI2_MOUSE@S218,P62484,S218,-1.74372093,NA,NA,NA,NA,NA,NA,NA,NA,NA
sp|Q80TF6|STAR9_MOUSE@S1898,Q80TF6,S1898,NA,NA,NA,NA,NA,NA,NA,NA,NA,NA
sp|Q80TF6|STAR9_MOUSE@S1899,Q80TF6,S1899,NA,NA,NA,NA,NA,NA,NA,NA,NA,NA
sp|P12657|ACM1_MOUSE@S254,P12657,S254,NA,NA,NA,NA,NA,NA,NA,NA,NA,NA
sp|Q6PIE5|AT1A2_MOUSE@S452,Q6PIE5,S452,NA,NA,NA,NA,NA,NA,NA,NA,NA,NA
sp|Q3UHD9|AGAP2_MOUSE@S923,Q3UHD9,S923,NA,NA,NA,NA,NA,NA,NA,NA,NA,-1.102678819
sp|Q5DQR4|STB5L_MOUSE@S592; sp|Q5DQR4|STB5L_MOUSE@S597,Q5DQR4,S592,-1.753024372,NA,NA,NA,NA,NA,NA,NA,NA,-1.252788204
sp|Q91V14|S12A5_MOUSE@S1044; sp|Q91V14|S12A5_MOUSE@S1047,Q91V14,S1044,NA,NA,NA,NA,NA,NA,NA,NA,NA,NA
sp|P10711|TCEA1_MOUSE@S100,P10711,S100,NA,NA,NA,NA,NA,NA,NA,NA,-0.858383977,NA
sp|Q61290|CAC1E_MOUSE@S15,Q61290,S15,NA,NA,NA,NA,NA,NA,NA,NA,NA,NA
sp|Q9JIS5|SV2A_MOUSE@T395,Q9JIS5,T395,NA,NA,NA,NA,NA,NA,NA,NA,NA,NA
sp|O88643|PAK1_MOUSE@T219,O88643,T219,NA,-1.033959825,NA,NA,NA,NA,NA,NA,NA,-1.469718224
sp|Q9Z1K7|APCL_MOUSE@S2143,Q9Z1K7,S2143,NA,NA,NA,NA,NA,NA,NA,NA,NA,NA
sp|Q9Z1K7|APCL_MOUSE@S2142,Q9Z1K7,S2142,NA,NA,NA,NA,NA,NA,NA,NA,NA,NA
sp|P60469|LIPA3_MOUSE@T718,P60469,T718,NA,-1.325699679,NA,NA,NA,NA,NA,NA,NA,-0.103591685
sp|P17426|AP2A1_MOUSE@S655,P17426,S655,NA,NA,NA,NA,NA,NA,NA,NA,NA,NA
sp|Q99MR1|GGYF1_MOUSE@S540,Q99MR1,S540,-1.697408466,NA,NA,NA,NA,NA,NA,NA,NA,-1.400601573
sp|Q9QYX7|PCLO_MOUSE@S1452,Q9QYX7,S1452,-1.679731679,NA,NA,NA,NA,NA,NA,NA,NA,NA
sp|P10833|RRAS_MOUSE@S201,P10833,S201,NA,NA,NA,NA,NA,NA,NA,NA,NA,NA
sp|A2AJA9|AJM1_MOUSE@T511; sp|A2AJA9|AJM1_MOUSE@S512,A2AJA9,T511,NA,NA,NA,NA,NA,NA,NA,NA,NA,NA
sp|A2AJA9|AJM1_MOUSE@S509; sp|A2AJA9|AJM1_MOUSE@S512,A2AJA9,S509,NA,NA,NA,NA,NA,NA,NA,NA,NA,NA
sp|Q9QYX7|PCLO_MOUSE@S1835,Q9QYX7,S1835,-0.511083623,-0.601092291,NA,NA,NA,NA,-1.110970789,NA,NA,0.111104392
sp|Q8R502|LRC8C_MOUSE@T198,Q8R502,T198,NA,NA,NA,NA,NA,NA,NA,NA,NA,NA
sp|Q5GH64|XKR7_MOUSE@S556,Q5GH64,S556,-0.744376885,-0.473551744,NA,NA,NA,NA,NA,NA,-1.099822781,-0.263347951
sp|Q8CHC4|SYNJ1_MOUSE@S1081,Q8CHC4,S1081,-0.561267676,NA,NA,NA,NA,NA,NA,NA,NA,-0.373287345
sp|Q8CHC4|SYNJ1_MOUSE@S1080,Q8CHC4,S1080,-0.561267676,NA,NA,NA,NA,NA,NA,NA,NA,-0.383739399
sp|Q5GH64|XKR7_MOUSE@S555,Q5GH64,S555,-0.74704386175,-0.48209201825,NA,NA,NA,NA,NA,NA,-1.0685242115,-0.2600978295
sp|Q01338|ADA2A_MOUSE@S346,Q01338,S346,2.49385471261111,3.21045106361111,2.69448357611111,NA,1.80914631061111,0.281442658111111,0.517085907111111,0.617311708611111,0.0277526086111109,2.74521859861111
sp|P97772|GRM1_MOUSE@S1147,P97772,S1147,NA,NA,NA,NA,NA,-0.467829059,NA,-0.318841444,NA,-1.043875194
sp|Q5GH64|XKR7_MOUSE@Y554,Q5GH64,Y554,-0.74704386175,-0.48209201825,NA,NA,NA,NA,NA,NA,-1.0764790835,-0.2597651675
sp|Q68FH0|PKP4_MOUSE@S226,Q68FH0,S226,NA,NA,NA,NA,NA,NA,NA,NA,NA,NA
sp|Q68FH0|PKP4_MOUSE@T225,Q68FH0,T225,NA,NA,NA,NA,NA,NA,NA,NA,NA,NA
sp|Q2PFD7|PSD3_MOUSE@S1001; sp|Q2PFD7|PSD3_MOUSE@S1003,Q2PFD7,S1001,-0.905620667,NA,NA,NA,NA,NA,NA,NA,-0.354428189,-0.230814419
sp|P28652|KCC2B_MOUSE@S397,P28652,S397,-0.76446262,NA,-2.604553978,NA,-2.172502805,NA,NA,NA,-0.726811962,0.355086134
sp|Q8BTI8|SRRM2_MOUSE@S1340,Q8BTI8,S1340,NA,NA,NA,NA,NA,NA,NA,NA,NA,NA
sp|P08553|NFM_MOUSE@S645,P08553,S645,4.107288615,3.733909696,0.378426653,NA,0.736602667,NA,2.84067797,0.668620918,2.741754797,3.487569547
sp|Q8C8R3|ANK2_MOUSE@S2164,Q8C8R3,S2164,NA,NA,NA,NA,NA,NA,NA,NA,NA,-0.851253684
sp|Q8BTI8|SRRM2_MOUSE@S1339,Q8BTI8,S1339,NA,NA,NA,NA,NA,NA,NA,NA,NA,NA
sp|Q68EF6|BEGIN_MOUSE@S524,Q68EF6,S524,NA,NA,NA,NA,NA,NA,NA,NA,NA,-1.088171946
sp|Q68EF6|BEGIN_MOUSE@Y521,Q68EF6,Y521,NA,NA,NA,NA,NA,NA,NA,NA,NA,-1.112751655
sp|Q8K2F0|BRD3_MOUSE@S262,Q8K2F0,S262,-0.64098445,NA,NA,NA,NA,NA,NA,NA,NA,NA
sp|Q8BTI8|SRRM2_MOUSE@S1338,Q8BTI8,S1338,NA,NA,NA,NA,NA,NA,NA,NA,NA,NA
sp|P28652|KCC2B_MOUSE@S395,P28652,S395,-0.76446262,NA,NA,NA,NA,NA,NA,NA,NA,NA
sp|P26645|MARCS_MOUSE@S138; sp|P26645|MARCS_MOUSE@S140,P26645,S138,-1.240543716,NA,NA,NA,NA,NA,NA,NA,NA,NA
sp|Q8C8R3|ANK2_MOUSE@S2165,Q8C8R3,S2165,NA,NA,NA,NA,NA,NA,NA,NA,NA,-0.906523493
sp|Q08274|DMWD_MOUSE@S487,Q08274,S487,4.169179749,3.985226362,-0.089456345,NA,1.441194633,0.057667211,NA,NA,2.868471231,3.607141307
sp|P28652|KCC2B_MOUSE@S394,P28652,S394,-0.76446262,NA,NA,NA,NA,NA,NA,NA,NA,NA
sp|Q9WV92|E41L3_MOUSE@T542,Q9WV92,T542,-1.758463342,NA,NA,NA,NA,NA,NA,NA,NA,NA
sp|Q3UL36|ARGL1_MOUSE@S74,Q3UL36,S74,NA,NA,NA,NA,NA,NA,NA,NA,NA,NA
sp|Q3UL36|ARGL1_MOUSE@S75,Q3UL36,S75,NA,NA,NA,NA,NA,NA,NA,NA,NA,NA
sp|Q922B9|ITPI2_MOUSE@S90,Q922B9,S90,0.151668704,NA,-0.79032062,NA,NA,NA,NA,NA,NA,-0.241189843
sp|Q9WV92|E41L3_MOUSE@T545,Q9WV92,T545,-1.771218586,NA,NA,NA,NA,NA,NA,NA,NA,NA
sp|Q9WV92|E41L3_MOUSE@S543,Q9WV92,S543,-1.759387175,NA,NA,NA,NA,NA,NA,NA,NA,NA
sp|Q9WV92|E41L3_MOUSE@S547,Q9WV92,S547,-1.782044896,NA,NA,NA,NA,NA,NA,NA,NA,NA
sp|Q99PU5|ACBG1_MOUSE@S70,Q99PU5,S70,NA,NA,NA,NA,NA,NA,NA,NA,NA,NA
sp|A2A5R2|BIG2_MOUSE@S353,A2A5R2,S353,NA,-0.111468388,NA,NA,NA,NA,NA,NA,NA,NA
sp|Q6PDG5|SMRC2_MOUSE@S347,Q6PDG5,S347,NA,NA,NA,NA,NA,NA,NA,NA,NA,NA
sp|Q8BNN1|SPA2L_MOUSE@S328,Q8BNN1,S328,-0.5376898265,-1.0762025265,-1.746917272,NA,-0.8706693645,-0.498620588,NA,NA,-0.247922164,-0.2226266285
sp|Q7TQG1|PKHA6_MOUSE@T863,Q7TQG1,T863,-1.75404299,NA,NA,NA,NA,NA,NA,NA,NA,-1.554305847
sp|A2AHC3|CAMP1_MOUSE@S550,A2AHC3,S550,0.383215663,0.448024305,NA,NA,NA,NA,NA,NA,0.173536909,NA
sp|Q9Z0R4|ITSN1_MOUSE@S335,Q9Z0R4,S335,NA,NA,NA,NA,NA,NA,NA,NA,NA,NA
sp|Q9Z0R4|ITSN1_MOUSE@S334,Q9Z0R4,S334,NA,NA,NA,NA,NA,NA,NA,NA,NA,NA
sp|Q5DU25|IQEC2_MOUSE@S310,Q5DU25,S310,-1.288644384,-1.180930034,NA,NA,-0.58005297,NA,NA,NA,-0.368822068,-0.149988275
sp|Q5DU25|IQEC2_MOUSE@S312,Q5DU25,S312,-1.294882171,-1.197295646,NA,NA,-0.608110303,NA,NA,NA,-0.368822068,-0.159857345
sp|Q9QYB8|ADDB_MOUSE@T599; sp|Q9QYB8|ADDB_MOUSE@S608,Q9QYB8,T599,NA,NA,NA,NA,NA,NA,NA,NA,NA,NA
sp|A2AQ25|SKT_MOUSE@S1899; sp|A2AQ25|SKT_MOUSE@S1902,A2AQ25,S1899,NA,-1.245864744,NA,NA,NA,NA,NA,NA,NA,NA
sp|Q00PI9|HNRL2_MOUSE@S166,Q00PI9,S166,NA,NA,NA,NA,NA,NA,NA,NA,NA,NA
sp|Q8BM65|NYAP2_MOUSE@S184,Q8BM65,S184,-0.523593049,NA,NA,1.701329624,NA,NA,NA,NA,NA,-0.771530067
sp|Q8K2C9|HACD3_MOUSE@S138,Q8K2C9,S138,-1.557999365,NA,NA,NA,NA,NA,NA,NA,NA,0.056938911
sp|Q99JX3|GORS2_MOUSE@S418,Q99JX3,S418,NA,NA,NA,NA,NA,NA,NA,NA,NA,NA
sp|P19246|NFH_MOUSE@S571,P19246,S571,4.171777997,4.205854789,1.917272227,NA,1.270191445,1.289588165,2.211592244,NA,3.397646671,4.566417335
sp|P30999|CTND1_MOUSE@S346,P30999,S346,NA,NA,NA,NA,NA,-0.391890167,NA,NA,NA,-0.997676396
sp|Q7TME0|PLPR4_MOUSE@S386,Q7TME0,S386,NA,NA,NA,NA,NA,NA,NA,NA,NA,-0.321094637
sp|Q9EPE9|AT131_MOUSE@S896,Q9EPE9,S896,NA,NA,NA,NA,NA,NA,NA,NA,NA,-0.583664994
sp|Q7TME0|PLPR4_MOUSE@S385,Q7TME0,S385,NA,NA,NA,NA,NA,NA,NA,NA,NA,-0.341923566
sp|Q9QYB8|ADDB_MOUSE@T683,Q9QYB8,T683,NA,NA,NA,NA,NA,NA,NA,NA,NA,NA
sp|Q9QYB8|ADDB_MOUSE@S685,Q9QYB8,S685,NA,NA,NA,NA,NA,NA,NA,NA,NA,NA
sp|P42669|PURA_MOUSE@T186,P42669,T186,NA,NA,NA,NA,NA,NA,NA,NA,NA,NA
sp|Q99P72|RTN4_MOUSE@T849,Q99P72,T849,-1.90859634,NA,NA,NA,NA,NA,-0.221340179,NA,-1.007868043,-0.97033276
sp|Q3UHD9|AGAP2_MOUSE@T919,Q3UHD9,T919,NA,NA,NA,NA,NA,NA,NA,NA,NA,-1.205260633
sp|Q9QWI6|SRCN1_MOUSE@S1185,Q9QWI6,S1185,2.282008897,NA,NA,NA,2.169293698,-0.328570098,0.720255736,NA,1.462697202,3.499262785
sp|Q6NZL0|MTCL3_MOUSE@T514,Q6NZL0,T514,NA,NA,NA,NA,NA,NA,NA,NA,NA,NA
sp|P14873|MAP1B_MOUSE@S1403,P14873,S1403,NA,NA,NA,NA,NA,NA,NA,NA,NA,NA
sp|Q8R361|RFIP5_MOUSE@S640,Q8R361,S640,NA,0.34006723,NA,NA,NA,NA,NA,NA,NA,-1.289332038
sp|Q9QYX7|PCLO_MOUSE@S4293,Q9QYX7,S4293,-1.484163487,NA,NA,NA,NA,NA,NA,NA,NA,-1.502924553
sp|Q922B9|ITPI2_MOUSE@S738,Q922B9,S738,NA,NA,NA,NA,NA,NA,NA,NA,NA,-0.930644219
sp|Q9Z130|HNRDL_MOUSE@S122,Q9Z130,S122,0.93064583825,-1.219018665,-0.3626015335,NA,-0.194664733,NA,0.7859567965,NA,-0.832481349,0.81546913975
sp|P14873|MAP1B_MOUSE@S1401,P14873,S1401,NA,NA,NA,NA,NA,NA,NA,NA,NA,NA
sp|Q9Z1T6|FYV1_MOUSE@S8,Q9Z1T6,S8,-0.76656523625,-0.430945872,NA,NA,NA,NA,NA,NA,-0.72869670075,-0.2730664435
sp|Q8CFI0|NED4L_MOUSE@T480,Q8CFI0,T480,-0.614190999,NA,NA,NA,NA,NA,NA,NA,NA,-0.43533854
sp|P19246|NFH_MOUSE@S679,P19246,S679,2.846555366,2.950660835,0.90316223,NA,0.048971435,NA,0.387948639,NA,1.565526264,2.467307545
sp|P56695|WFS1_MOUSE@T30,P56695,T30,NA,NA,NA,NA,NA,NA,NA,NA,NA,NA
sp|Q3UHC7|DAB2P_MOUSE@S702,Q3UHC7,S702,-0.341984162,NA,NA,NA,NA,NA,NA,NA,NA,-0.376854058
sp|O70439|STX7_MOUSE@S129,O70439,S129,NA,NA,NA,NA,NA,NA,NA,NA,NA,NA
sp|Q8BJ52|PLPR5_MOUSE@S302,Q8BJ52,S302,NA,-0.843983022,NA,NA,NA,NA,NA,NA,NA,NA
sp|P19246|NFH_MOUSE@S789,P19246,S789,2.03979564175,2.34784793625,0.44404337175,NA,-0.39295116275,NA,0.405584025,NA,0.43936059975,2.37276813425
sp|Q7TME0|PLPR4_MOUSE@S37,Q7TME0,S37,0.390702587,NA,NA,NA,NA,NA,-0.912519805,NA,NA,-0.338441917
sp|Q7TME0|PLPR4_MOUSE@T36,Q7TME0,T36,-1.371339828,NA,NA,NA,NA,NA,NA,NA,NA,NA
sp|P81122|IRS2_MOUSE@S1089,P81122,S1089,0.6966260255,0.755418516,NA,NA,NA,NA,NA,NA,0.144595314,0.8139304345
sp|P19246|NFH_MOUSE@T586,P19246,T586,1.919318653,2.206385456,0.529107263,NA,NA,NA,1.555869699,NA,1.264559424,1.52047698
sp|Q80X50|UBP2L_MOUSE@S624,Q80X50,S624,0.171939278,NA,NA,NA,NA,NA,NA,NA,0.502150911,0.117591342
sp|P83093|STIM2_MOUSE@S522,P83093,S522,0.396009651,NA,NA,NA,NA,NA,NA,NA,0.797891506,0
sp|Q06185|ATP5I_MOUSE@S68,Q06185,S68,0.120763888,NA,NA,NA,NA,NA,-0.113688803,NA,NA,-0.143724954
sp|Q8R4H2|ARHGC_MOUSE@S824,Q8R4H2,S824,NA,NA,NA,NA,NA,NA,NA,NA,NA,NA
sp|Q8C8R3|ANK2_MOUSE@T2232; sp|Q8C8R3|ANK2_MOUSE@S2238,Q8C8R3,T2232,NA,-0.51037962,NA,NA,NA,NA,NA,NA,NA,NA
sp|P58742|AAAS_MOUSE@S495,P58742,S495,NA,0.186102163,NA,NA,NA,NA,NA,NA,NA,NA
sp|Q8VH51|RBM39_MOUSE@S136,Q8VH51,S136,2.36987294775,1.16324134825,NA,NA,NA,NA,NA,NA,0.91521014125,1.10708117475
sp|P11627|L1CAM_MOUSE@S1184,P11627,S1184,0.13134154,0.23590534,NA,NA,NA,NA,NA,NA,NA,0.84523248
sp|Q5BL07|PEX1_MOUSE@S1217,Q5BL07,S1217,0.386352051,-0.957109997,NA,NA,NA,NA,NA,NA,NA,-0.398113988
sp|Q8VE33|GD1L1_MOUSE@S139,Q8VE33,S139,0.195509582,NA,NA,NA,NA,NA,NA,NA,0.056641964,0.210423553
sp|Q9Z266|SNAPN_MOUSE@S133,Q9Z266,S133,0.6629111565,0.3404145165,0.340116009,NA,-0.066582473,NA,NA,NA,-0.113813713,0.885660166
sp|Q9R0N3|SYT11_MOUSE@S143,Q9R0N3,S143,-0.165029736,-0.973170335,NA,NA,NA,NA,NA,NA,NA,-0.74984417
sp|Q9EPN1|NBEA_MOUSE@S1249,Q9EPN1,S1249,-1.561235017,NA,NA,NA,NA,NA,NA,NA,NA,NA
sp|Q62261|SPTB2_MOUSE@T2107,Q62261,T2107,0.70012939,0.365712013,NA,NA,0.561267648,NA,NA,NA,1.342517156,1.941554653
sp|Q9EPN1|NBEA_MOUSE@S1252,Q9EPN1,S1252,-1.54518618,NA,NA,NA,NA,NA,NA,NA,NA,NA
sp|B1AZP2|DLGP4_MOUSE@T975,B1AZP2,T975,NA,NA,NA,NA,NA,NA,NA,NA,NA,NA
sp|P46460|NSF_MOUSE@S739,P46460,S739,NA,NA,NA,NA,NA,NA,NA,NA,NA,NA
sp|Q6WQJ1|DGLA_MOUSE@S733,Q6WQJ1,S733,-1.143367238,NA,NA,NA,NA,NA,NA,NA,NA,NA
sp|Q9CYZ2|TPD54_MOUSE@S168,Q9CYZ2,S168,NA,NA,NA,NA,NA,NA,NA,NA,NA,NA
sp|Q6PFD9|NUP98_MOUSE@S888,Q6PFD9,S888,NA,NA,NA,NA,NA,NA,NA,NA,NA,NA
sp|P56695|WFS1_MOUSE@T157,P56695,T157,NA,0.107291238,NA,NA,NA,NA,NA,NA,-1.001567934,-1.148086911
sp|Q5SU73|COIL_MOUSE@T122,Q5SU73,T122,NA,NA,NA,NA,NA,NA,NA,NA,NA,-1.721142395
sp|Q62417|SRBS1_MOUSE@T286,Q62417,T286,NA,NA,NA,NA,NA,NA,NA,NA,NA,-0.645948885
sp|Q8VD37|SGIP1_MOUSE@T259,Q8VD37,T259,NA,NA,NA,NA,NA,NA,NA,NA,-0.738226786,NA
sp|P56695|WFS1_MOUSE@S158,P56695,S158,NA,0.135982511,NA,NA,NA,NA,NA,NA,-1.029291756,-1.191526517
sp|P97292|HRH2_MOUSE@S321,P97292,S321,NA,NA,NA,NA,NA,NA,NA,NA,NA,0.373966835
sp|Q61625|GRID2_MOUSE@S896,Q61625,S896,NA,NA,NA,NA,NA,NA,NA,NA,NA,NA
sp|Q68EF6|BEGIN_MOUSE@Y595,Q68EF6,Y595,NA,NA,NA,NA,NA,NA,NA,NA,NA,NA
sp|Q7M759|AB17B_MOUSE@S282,Q7M759,S282,NA,NA,NA,NA,NA,NA,NA,NA,NA,-1.327935616
sp|Q9CWD8|NUBPL_MOUSE@Y109; sp|Q9CWD8|NUBPL_MOUSE@S112,Q9CWD8,Y109,-0.428567263,NA,NA,NA,NA,NA,NA,NA,NA,NA
sp|Q61625|GRID2_MOUSE@T897,Q61625,T897,NA,NA,NA,NA,NA,NA,NA,NA,NA,NA
sp|Q80T41|GABR2_MOUSE@T762,Q80T41,T762,NA,NA,NA,NA,NA,NA,NA,NA,NA,NA
sp|E9Q0S6|TENS1_MOUSE@S792,E9Q0S6,S792,NA,NA,NA,NA,NA,NA,NA,NA,-0.605126701,-0.750825198
sp|Q9D772|F219A_MOUSE@S44,Q9D772,S44,NA,NA,NA,NA,NA,NA,NA,NA,NA,NA
sp|E9Q4N7|ARI1B_MOUSE@S1612,E9Q4N7,S1612,1.61245235975,0.4015412655,NA,NA,NA,NA,NA,NA,0.9627760525,0.77780971625
sp|Q9D415|DLGP1_MOUSE@S428; sp|Q9D415|DLGP1_MOUSE@S437,Q9D415,S428,NA,NA,NA,NA,NA,NA,NA,NA,NA,-1.566821105
sp|Q924N4|S12A6_MOUSE@S32,Q924N4,S32,NA,NA,NA,NA,NA,NA,NA,NA,NA,NA
sp|Q60610|TIAM1_MOUSE@S1407,Q60610,S1407,NA,NA,NA,NA,NA,NA,NA,NA,NA,-0.848646666
sp|Q9R0L6|PCM1_MOUSE@T61,Q9R0L6,T61,-0.744716765,NA,NA,NA,NA,NA,NA,NA,-0.797316105,-0.458990648
sp|O70251|EF1B_MOUSE@S90,O70251,S90,NA,NA,NA,NA,NA,NA,NA,NA,NA,NA
sp|Q61234|SNTA1_MOUSE@S194,Q61234,S194,NA,NA,NA,NA,NA,NA,NA,NA,NA,NA
sp|Q8BTI8|SRRM2_MOUSE@S1068; sp|Q8BTI8|SRRM2_MOUSE@S1077,Q8BTI8,S1068,-0.84133979,NA,NA,NA,NA,NA,NA,NA,NA,0.091750377
sp|Q9WV92|E41L3_MOUSE@S63,Q9WV92,S63,NA,NA,NA,NA,NA,NA,NA,NA,NA,NA
sp|Q8BGT0|OSTM1_MOUSE@T328,Q8BGT0,T328,NA,NA,NA,NA,-0.854913149,NA,NA,NA,NA,NA
sp|Q61234|SNTA1_MOUSE@S195,Q61234,S195,NA,NA,NA,NA,NA,NA,NA,NA,NA,NA
sp|Q8BGT0|OSTM1_MOUSE@S329,Q8BGT0,S329,NA,NA,NA,NA,-0.894627555,NA,NA,NA,NA,NA
sp|Q8CBY1|SMAG1_MOUSE@S419,Q8CBY1,S419,-1.68485524,NA,NA,NA,NA,NA,NA,NA,NA,NA
sp|P97820|M4K4_MOUSE@S794,P97820,S794,-0.43822594075,NA,-0.883955249,NA,-0.60735863,NA,-0.108213546,NA,NA,-1.45317150425
sp|D3YVF0|AKAP5_MOUSE@S246,D3YVF0,S246,NA,-0.70180285275,NA,NA,NA,NA,NA,NA,NA,-0.0636012362500001
sp|D3YVF0|AKAP5_MOUSE@S247,D3YVF0,S247,NA,-0.7172160325,NA,NA,NA,NA,NA,NA,NA,-0.1064462425
sp|B2RUJ5|APBA1_MOUSE@S287,B2RUJ5,S287,NA,-0.297880382,NA,NA,NA,NA,NA,NA,NA,NA
sp|Q6P9S0|MTSS2_MOUSE@S419,Q6P9S0,S419,1.297734814,NA,NA,NA,NA,NA,NA,NA,NA,1.378670602
sp|Q7TSC1|PRC2A_MOUSE@S1002,Q7TSC1,S1002,-0.641564719,NA,NA,NA,NA,NA,NA,NA,0.111675452,-1.097221998
sp|Q0PHV7|DACT3_MOUSE@S10,Q0PHV7,S10,NA,NA,NA,NA,NA,NA,NA,-0.87481667,NA,-2.776689072
sp|Q6IEE6|T132E_MOUSE@S1005,Q6IEE6,S1005,NA,NA,NA,NA,NA,NA,NA,NA,NA,NA
sp|Q6IEE6|T132E_MOUSE@S1006,Q6IEE6,S1006,NA,NA,NA,NA,NA,NA,NA,NA,NA,NA
sp|Q8CBY1|SMAG1_MOUSE@S420,Q8CBY1,S420,-1.779572169,NA,NA,NA,NA,NA,NA,NA,NA,NA
sp|Q9Z2W8|GRIA4_MOUSE@S852,Q9Z2W8,S852,NA,NA,NA,NA,NA,NA,NA,NA,NA,NA
sp|Q8R0T2|ZN768_MOUSE@S86,Q8R0T2,S86,NA,NA,NA,NA,NA,NA,NA,NA,NA,NA
sp|P14602|HSPB1_MOUSE@S86,P14602,S86,1.632777735,1.946256624,-0.692373528,NA,0.731277414,-0.026040645,NA,-0.085169184,1.642835066,2.039467507
sp|P14873|MAP1B_MOUSE@S1013,P14873,S1013,NA,NA,-1.0869543,NA,NA,NA,NA,NA,NA,NA
sp|P16330|CN37_MOUSE@T11,P16330,T11,1.820042481,1.243566412,NA,NA,-0.62640644,NA,NA,-0.143697678,0.582640954,2.070341302
sp|Q922J3|CLIP1_MOUSE@S194,Q922J3,S194,0.391183455,-0.180279736,NA,NA,-0.701456509,NA,NA,NA,-0.049226131,0.314411864
sp|P61982|1433G_MOUSE@S64,P61982,S64,-0.548194557,0.424153029,NA,NA,NA,NA,NA,NA,NA,0.749264371
sp|O70456|1433S_MOUSE@S63,O70456,S63,-0.548194557,0.452844303,NA,NA,NA,NA,NA,NA,NA,0.749264371
sp|Q8C8R3|ANK2_MOUSE@T2542,Q8C8R3,T2542,NA,NA,NA,NA,NA,NA,NA,NA,NA,NA
sp|O70456|1433S_MOUSE@S64,O70456,S64,-0.548194557,0.482117766,NA,NA,NA,NA,NA,NA,NA,0.770820684
sp|P61982|1433G_MOUSE@S65,P61982,S65,-0.58785457,0.482596938,NA,NA,NA,NA,NA,NA,NA,0.792703977
sp|Q8C8R3|ANK2_MOUSE@S3053,Q8C8R3,S3053,-1.521105721,NA,NA,NA,NA,NA,NA,NA,NA,NA
sp|Q62261|SPTB2_MOUSE@T2120,Q62261,T2120,NA,NA,NA,NA,NA,NA,NA,NA,NA,NA
sp|P70257|NFIX_MOUSE@S288,P70257,S288,NA,NA,NA,NA,NA,NA,NA,NA,NA,NA
sp|P70257|NFIX_MOUSE@S284,P70257,S284,NA,NA,NA,NA,NA,NA,NA,NA,NA,NA
sp|Q80UU9|PGRC2_MOUSE@T205,Q80UU9,T205,1.08897507133333,0.523601300833334,-1.98472873133333,NA,0.131756460833334,-0.428757393666666,NA,NA,0.826107417833334,1.68564799283333
sp|Q91VC7|PP14A_MOUSE@S136,Q91VC7,S136,-1.969029042,NA,NA,NA,NA,NA,NA,NA,NA,NA
sp|Q9CQM0|NICN1_MOUSE@S144,Q9CQM0,S144,NA,-0.356265096,NA,NA,NA,NA,NA,NA,NA,NA
sp|Q80UU9|PGRC2_MOUSE@S202,Q80UU9,S202,0.98307212,0.087202254,NA,NA,0.655276111,0.267278861,NA,NA,0.541725971,1.366099607
sp|P14873|MAP1B_MOUSE@S1391; sp|P14873|MAP1B_MOUSE@S1395,P14873,S1391,-0.743472364,NA,NA,NA,NA,NA,NA,NA,-1.188921101,NA
sp|Q61315|APC_MOUSE@S2283,Q61315,S2283,NA,NA,NA,NA,NA,NA,NA,NA,NA,NA
sp|Q8BTI8|SRRM2_MOUSE@S2351,Q8BTI8,S2351,NA,NA,NA,NA,NA,NA,NA,NA,NA,NA
sp|Q8VDZ4|ZDHC5_MOUSE@S693,Q8VDZ4,S693,NA,NA,NA,NA,NA,NA,NA,NA,NA,NA
sp|Q8VDZ4|ZDHC5_MOUSE@S694,Q8VDZ4,S694,NA,NA,NA,NA,NA,NA,NA,NA,NA,NA
sp|Q80U40|RIMB2_MOUSE@S852,Q80U40,S852,NA,NA,NA,NA,NA,NA,NA,NA,NA,NA
sp|Q8K3I4|MYRIP_MOUSE@S540,Q8K3I4,S540,1.682531305,-0.91991395,NA,NA,0.109769908,NA,NA,NA,-0.311258473,1.458658633
sp|Q9D3A9|TTYH1_MOUSE@S449,Q9D3A9,S449,NA,NA,NA,NA,NA,NA,NA,NA,NA,NA
sp|P42859|HD_MOUSE@S1179,P42859,S1179,NA,NA,NA,NA,NA,NA,NA,NA,NA,NA
sp|Q64511|TOP2B_MOUSE@S1387,Q64511,S1387,NA,NA,NA,NA,NA,NA,NA,NA,NA,NA
sp|Q9JJZ4|UB2J1_MOUSE@S268,Q9JJZ4,S268,-0.470709737,NA,NA,NA,NA,NA,NA,NA,NA,-0.785642516
sp|Q9CQ92|FIS1_MOUSE@S29,Q9CQ92,S29,2.31414042535714,2.73868543385714,1.49353980785714,NA,1.56989102985714,0,2.26762965785714,NA,1.38398310335714,2.15618710985714
sp|Q3TRM4|PLPL6_MOUSE@S338,Q3TRM4,S338,0.075133422,-0.740522161,NA,NA,NA,NA,NA,NA,NA,NA
sp|D3YZU1|SHAN1_MOUSE@T1535,D3YZU1,T1535,-0.254559652,NA,NA,NA,NA,NA,NA,NA,NA,1.212050785
sp|Q9QYX7|PCLO_MOUSE@S4322; sp|Q9QYX7|PCLO_MOUSE@S4323,Q9QYX7,S4322,-1.074064894,NA,NA,NA,NA,NA,NA,NA,NA,NA
sp|Q91VM5|RMXL1_MOUSE@S88,Q91VM5,S88,1.492855919,NA,NA,NA,NA,NA,NA,NA,NA,1.76479821
sp|D3YZU1|SHAN1_MOUSE@S1386,D3YZU1,S1386,-0.35447735,NA,NA,NA,NA,NA,NA,NA,NA,NA
sp|Q9JJZ4|UB2J1_MOUSE@T267,Q9JJZ4,T267,-0.509308594,NA,NA,NA,NA,NA,NA,NA,NA,-0.711685198
sp|D3YZU1|SHAN1_MOUSE@S1536,D3YZU1,S1536,-0.293158509,NA,NA,NA,NA,NA,NA,NA,NA,1.257773082
sp|Q5F2E8|TAOK1_MOUSE@S421,Q5F2E8,S421,NA,NA,NA,NA,NA,NA,NA,NA,NA,-1.398427775
sp|Q6ZQ58|LARP1_MOUSE@S525,Q6ZQ58,S525,NA,NA,NA,NA,NA,NA,NA,NA,NA,NA
sp|P23242|CXA1_MOUSE@Y313,P23242,Y313,-0.09555185975,0.011874711,NA,NA,-0.140506972,NA,NA,NA,NA,0.67587607375
sp|Q6ZQ58|LARP1_MOUSE@S523,Q6ZQ58,S523,NA,NA,NA,NA,NA,NA,NA,NA,NA,NA
sp|O08644|EPHB6_MOUSE@T661,O08644,T661,-2.92594295,NA,NA,NA,NA,NA,NA,NA,NA,-2.04596384
sp|O08644|EPHB6_MOUSE@Y662,O08644,Y662,-2.92594295,NA,NA,NA,NA,NA,NA,NA,NA,-2.04596384
sp|Q5Y5T1|ZDH20_MOUSE@S320,Q5Y5T1,S320,-2.010354919,NA,NA,NA,NA,NA,NA,NA,NA,NA
sp|Q7TN99|CPEB3_MOUSE@S199,Q7TN99,S199,-1.131756586,NA,NA,NA,NA,NA,NA,NA,NA,-0.614686494
sp|A2AJA9|AJM1_MOUSE@T933,A2AJA9,T933,NA,0.496217195,NA,NA,NA,NA,NA,NA,-0.435723267,-0.692954924
sp|Q6PDH0|PHLB1_MOUSE@S382,Q6PDH0,S382,0.007684666,-0.557980776,NA,NA,NA,NA,NA,NA,NA,0.236736207
sp|O35454|CLCN6_MOUSE@S684,O35454,S684,1.619690425,2.269320605,NA,NA,0.649120555,0.177748402,NA,NA,0.3505549,2.842077248
sp|P15388|KCNC1_MOUSE@S158,P15388,S158,0.439871982,0.300686025,-1.644955685,NA,-0.039714406,NA,NA,NA,NA,-0.181746605
sp|Q80TZ3|AUXI_MOUSE@T590,Q80TZ3,T590,NA,NA,NA,NA,NA,NA,NA,NA,NA,-0.527378328
sp|Q80TZ3|AUXI_MOUSE@S591,Q80TZ3,S591,NA,NA,NA,NA,NA,NA,NA,NA,NA,-0.555071351
sp|P28661|SEPT4_MOUSE@Y115,P28661,Y115,NA,-0.606211357,NA,NA,NA,NA,NA,NA,NA,NA
sp|P97434|MPRIP_MOUSE@S661,P97434,S661,-1.99953175,NA,NA,NA,NA,NA,NA,NA,NA,NA
sp|A2RSJ4|BLT3B_MOUSE@S934,A2RSJ4,S934,0.73164692,NA,NA,NA,NA,NA,NA,NA,NA,0.742370344
sp|Q62407|SPEG_MOUSE@S2451,Q62407,S2451,-0.912791632,NA,NA,NA,NA,NA,NA,NA,NA,-0.276316546
sp|Q80TZ3|AUXI_MOUSE@S593,Q80TZ3,S593,NA,NA,NA,NA,NA,NA,NA,NA,NA,-0.615530667
sp|Q68EF6|BEGIN_MOUSE@S556,Q68EF6,S556,NA,NA,NA,NA,NA,NA,NA,NA,NA,NA
sp|Q68FD5|CLH1_MOUSE@T302,Q68FD5,T302,-1.360411288,-0.105295987,NA,NA,NA,NA,NA,NA,NA,NA
sp|Q68FD5|CLH1_MOUSE@S299,Q68FD5,S299,NA,-0.125098424,NA,NA,NA,NA,NA,NA,NA,NA
sp|Q68EF6|BEGIN_MOUSE@S555,Q68EF6,S555,NA,NA,NA,NA,NA,NA,NA,NA,NA,NA
sp|Q68EF6|BEGIN_MOUSE@S560,Q68EF6,S560,NA,NA,NA,NA,NA,NA,NA,NA,NA,NA
sp|Q8C8R3|ANK2_MOUSE@S2824,Q8C8R3,S2824,-0.967723994,-0.44345044925,NA,NA,NA,NA,NA,NA,NA,-0.19101119275
sp|Q62504|MINT_MOUSE@S1077,Q62504,S1077,0.298469926,NA,NA,NA,NA,NA,NA,NA,NA,0.235063916
sp|Q99J09|MEP50_MOUSE@T5,Q99J09,T5,1.766305442,2.421083763,0.802602535,NA,0.67711936,NA,NA,NA,1.460955238,2.169611871
sp|Q9JM63|KCJ10_MOUSE@S345,Q9JM63,S345,NA,NA,NA,NA,NA,NA,NA,NA,-0.652428096,0.494660213
sp|O70318|E41L2_MOUSE@T584,O70318,T584,1.36394809,1.275745334,0,NA,-0.229460521,NA,1.490726088,0.852615015,0.972924134,2.916032531
sp|Q80YA9|CNKR2_MOUSE@S752,Q80YA9,S752,NA,NA,NA,NA,NA,NA,NA,NA,NA,NA
sp|Q80YA9|CNKR2_MOUSE@S753,Q80YA9,S753,NA,NA,NA,NA,NA,NA,NA,NA,NA,NA
sp|Q80Z38|SHAN2_MOUSE@S586,Q80Z38,S586,NA,NA,NA,NA,NA,NA,NA,NA,-0.980055916,NA
sp|Q5DQR4|STB5L_MOUSE@T595,Q5DQR4,T595,NA,NA,NA,NA,NA,NA,NA,NA,NA,NA
sp|Q64322|NPDC1_MOUSE@S236,Q64322,S236,1.294571031,2.061552859,0.749253857,NA,0.399295734,NA,NA,-0.046257052,1.0005243,2.133459448
sp|Q9JLM8|DCLK1_MOUSE@Y741,Q9JLM8,Y741,NA,NA,NA,NA,NA,NA,NA,NA,NA,NA
sp|Q9JLM8|DCLK1_MOUSE@S738,Q9JLM8,S738,NA,NA,NA,NA,NA,NA,NA,NA,NA,NA
sp|Q8K4J6|MRTFA_MOUSE@S355,Q8K4J6,S355,0.03724241,-0.179870597,-1.027083185,NA,NA,NA,0,NA,NA,0
sp|Q8K4J6|MRTFA_MOUSE@S354,Q8K4J6,S354,0.03724241,-0.190870033,-1.650908028,NA,NA,NA,-0.088528006,NA,NA,0
sp|Q8BG32|PSD11_MOUSE@S14,Q8BG32,S14,NA,NA,NA,NA,NA,NA,NA,NA,-0.583840523,0.548460018
sp|Q3UH66|WNK2_MOUSE@S1769,Q3UH66,S1769,NA,NA,NA,NA,NA,NA,NA,NA,NA,-0.910086225
sp|A2RSJ4|BLT3B_MOUSE@S414,A2RSJ4,S414,0.34697774075,0.689880352,NA,NA,NA,NA,NA,NA,0.059756004,0.67941182725
sp|Q80Z38|SHAN2_MOUSE@S648,Q80Z38,S648,NA,NA,NA,NA,NA,NA,NA,NA,NA,NA
sp|Q64322|NPDC1_MOUSE@T235,Q64322,T235,1.391571277,2.050550265,0.315170832,NA,0.399295734,NA,NA,-0.046257052,0.99435458,2.133459448
sp|Q62417|SRBS1_MOUSE@S1209,Q62417,S1209,-1.099984497,NA,NA,NA,NA,NA,NA,NA,NA,NA
sp|Q0VGY8|TANC1_MOUSE@S441,Q0VGY8,S441,-0.818558238,-0.179817607,NA,NA,NA,NA,NA,NA,NA,NA
sp|E9Q0S6|TENS1_MOUSE@T1343,E9Q0S6,T1343,0.250601964,NA,NA,NA,NA,NA,NA,NA,-0.267020101,-0.377496909
sp|Q3THK7|GUAA_MOUSE@T330,Q3THK7,T330,NA,NA,NA,NA,NA,NA,NA,NA,NA,NA
sp|Q6AW69|CGNL1_MOUSE@S284,Q6AW69,S284,-0.0955569222500001,-1.6478370265,NA,NA,NA,NA,NA,NA,NA,-0.53349755475
sp|Q3THK7|GUAA_MOUSE@T331,Q3THK7,T331,NA,NA,NA,NA,NA,NA,NA,NA,NA,-0.596083773
sp|Q8K4J6|MRTFA_MOUSE@S353,Q8K4J6,S353,0.03724241,-0.260709481,-1.650908028,NA,NA,NA,-0.212327583,NA,NA,-0.028235021
sp|Q56A07|SCN2B_MOUSE@S192,Q56A07,S192,NA,NA,NA,NA,NA,NA,NA,NA,NA,NA
sp|Q6PAR5|GAPD1_MOUSE@S902,Q6PAR5,S902,NA,NA,-1.7904562,NA,-0.657411668,NA,NA,NA,NA,NA
sp|Q02780|NFIA_MOUSE@S310,Q02780,S310,NA,NA,NA,NA,NA,NA,NA,NA,NA,NA
sp|Q8JZQ9|EIF3B_MOUSE@S90,Q8JZQ9,S90,-0.939713539,NA,NA,NA,NA,NA,NA,NA,NA,NA
sp|Q811L6|MAST4_MOUSE@S1389,Q811L6,S1389,NA,NA,NA,NA,NA,NA,NA,NA,NA,NA
sp|Q8K4J6|MRTFA_MOUSE@T352,Q8K4J6,T352,0.03724241,-0.264096943,-2.170270233,NA,NA,NA,-0.397377682,NA,NA,-0.055928043
sp|Q3UHJ0|AAK1_MOUSE@S622,Q3UHJ0,S622,-0.391607899,NA,NA,NA,NA,NA,NA,NA,NA,-1.552184038
sp|Q99L02|PGR1A_MOUSE@S226,Q99L02,S226,NA,NA,NA,NA,NA,NA,NA,NA,NA,NA
sp|Q9ESN9|JIP3_MOUSE@S677,Q9ESN9,S677,NA,NA,NA,NA,NA,NA,NA,NA,NA,NA
sp|Q9QWI6|SRCN1_MOUSE@S1222,Q9QWI6,S1222,-0.260577378,NA,NA,NA,-0.564869394,NA,NA,NA,NA,0.826118713
sp|Q9QWI6|SRCN1_MOUSE@T1220,Q9QWI6,T1220,-0.279078412,NA,NA,NA,-0.635180727,NA,NA,NA,NA,0.853811735
sp|Q9QWI6|SRCN1_MOUSE@S1225,Q9QWI6,S1225,-0.281708734,NA,NA,NA,-0.702224014,NA,NA,NA,NA,0.882046756
sp|Q9QWI6|SRCN1_MOUSE@S1221,Q9QWI6,S1221,-0.284334269,NA,NA,NA,-0.798908388,NA,NA,NA,NA,0.888988113
sp|Q6NVE8|WDR44_MOUSE@S50,Q6NVE8,S50,NA,NA,-2.612797229,NA,NA,NA,NA,NA,NA,NA
sp|P28230|CXB1_MOUSE@S258,P28230,S258,NA,-0.26134251,NA,NA,NA,NA,NA,NA,NA,NA
sp|Q8C5W0|CLMN_MOUSE@S419,Q8C5W0,S419,0.547562297,NA,NA,NA,NA,NA,NA,NA,NA,-0.038387321
sp|Q6P9J5|KANK4_MOUSE@S74,Q6P9J5,S74,NA,NA,NA,NA,NA,NA,NA,NA,NA,NA
sp|Q8K4J6|MRTFA_MOUSE@S351,Q8K4J6,S351,-0.005255857,-0.267476469,-2.327407592,NA,NA,NA,-0.607495486,NA,NA,0.006941357
sp|Q62407|SPEG_MOUSE@S2137,Q62407,S2137,NA,NA,NA,NA,NA,NA,NA,NA,NA,NA
sp|P97445|CAC1A_MOUSE@T1935,P97445,T1935,NA,NA,NA,NA,NA,NA,NA,NA,NA,NA
sp|Q6PDH0|PHLB1_MOUSE@S472,Q6PDH0,S472,NA,NA,NA,NA,NA,NA,NA,NA,NA,NA
sp|Q9QYX7|PCLO_MOUSE@S1826,Q9QYX7,S1826,-0.805115677,NA,NA,NA,NA,NA,NA,NA,NA,NA
sp|Q62417|SRBS1_MOUSE@S254,Q62417,S254,NA,NA,NA,NA,NA,NA,NA,NA,NA,NA
sp|Q8BQZ4|RLGPB_MOUSE@S373,Q8BQZ4,S373,0.429830684,0.183299335,NA,NA,NA,NA,NA,NA,0.52139027,0.536027635
sp|P97445|CAC1A_MOUSE@S1979,P97445,S1979,NA,NA,NA,NA,NA,NA,NA,NA,NA,NA
sp|P04184|KITH_MOUSE@S12; sp|P04184|KITH_MOUSE@S13,P04184,S12,NA,NA,NA,NA,NA,NA,NA,NA,NA,-1.131146368
sp|Q9D6F4|GBRA4_MOUSE@S420,Q9D6F4,S420,0,NA,NA,NA,NA,NA,NA,NA,-0.328311193,NA
sp|O35927|CTND2_MOUSE@S1087,O35927,S1087,2.063816839,3.548782247,NA,NA,NA,NA,NA,NA,1.597031217,2.423215241
sp|O88343|S4A4_MOUSE@T254,O88343,T254,1.3732801355,2.806621476,0.486070044,NA,-0.187294259,NA,NA,NA,NA,1.1997445885
sp|Q8K2F8|LS14A_MOUSE@S183,Q8K2F8,S183,-1.444359777,0.003379526,NA,NA,NA,NA,NA,NA,NA,-0.447014263
sp|Q6PDK2|KMT2D_MOUSE@S2597,Q6PDK2,S2597,NA,NA,NA,NA,NA,NA,NA,NA,NA,NA
sp|Q9JLM8|DCLK1_MOUSE@S334,Q9JLM8,S334,NA,NA,NA,NA,NA,NA,NA,NA,NA,NA
sp|Q9D6F4|GBRA4_MOUSE@S419,Q9D6F4,S419,0,NA,NA,NA,NA,NA,NA,NA,-0.413266398,NA
sp|P15331|PERI_MOUSE@S57,P15331,S57,1.159941805,0.453344597,NA,NA,NA,NA,NA,NA,NA,1.779499442
sp|Q640R3|HECAM_MOUSE@Y283,Q640R3,Y283,0.643630599,-0.879979703,NA,NA,NA,NA,NA,NA,NA,NA
sp|P15331|PERI_MOUSE@S55,P15331,S55,1.181347419,0.453344597,NA,NA,NA,NA,NA,NA,NA,1.844782985
sp|Q8CDI6|CD158_MOUSE@S393,Q8CDI6,S393,NA,NA,NA,NA,NA,NA,NA,NA,NA,NA
sp|Q8BTI8|SRRM2_MOUSE@S1813,Q8BTI8,S1813,NA,NA,NA,NA,NA,NA,NA,NA,NA,NA
sp|Q9D6F4|GBRA4_MOUSE@T423,Q9D6F4,T423,0.120757137,NA,NA,NA,NA,NA,NA,NA,-0.413266398,NA
sp|P30999|CTND1_MOUSE@S269,P30999,S269,-0.731499276,NA,NA,NA,NA,NA,NA,NA,NA,NA
sp|Q68FH0|PKP4_MOUSE@Y223,Q68FH0,Y223,NA,NA,NA,NA,NA,NA,NA,NA,NA,NA
sp|Q60700|M3K12_MOUSE@S13,Q60700,S13,-1.985871878,-0.598426389,NA,NA,NA,NA,NA,NA,NA,NA
sp|Q0VBP7|SHSL1_MOUSE@S187,Q0VBP7,S187,NA,NA,NA,NA,NA,NA,NA,NA,NA,NA
sp|Q6PDK2|KMT2D_MOUSE@T2596,Q6PDK2,T2596,NA,NA,NA,NA,NA,NA,NA,NA,NA,NA
sp|Q9JMG3|TMUB1_MOUSE@S71,Q9JMG3,S71,-1.956399396,-0.627559428,NA,NA,NA,NA,NA,NA,NA,NA
sp|Q05D44|IF2P_MOUSE@S114,Q05D44,S114,-1.787244602,NA,NA,NA,NA,NA,NA,NA,NA,NA
sp|P15209|NTRK2_MOUSE@T712,P15209,T712,-1.007562704,NA,NA,NA,NA,NA,NA,NA,NA,-1.16664216
sp|Q9QYX7|PCLO_MOUSE@S3763,Q9QYX7,S3763,NA,NA,NA,NA,NA,NA,NA,NA,NA,NA
sp|Q7TPS5|C2CD5_MOUSE@S662,Q7TPS5,S662,NA,NA,NA,NA,NA,NA,NA,NA,NA,NA
sp|Q9QWI6|SRCN1_MOUSE@S1249,Q9QWI6,S1249,NA,NA,NA,NA,NA,NA,NA,NA,NA,NA
sp|Q9QXW9|LAT2_MOUSE@S28,Q9QXW9,S28,NA,NA,NA,NA,NA,NA,NA,NA,-0.992877747,-1.047460814
sp|Q9QXW9|LAT2_MOUSE@T20,Q9QXW9,T20,NA,NA,NA,NA,NA,NA,NA,0,-1.180110467,-1.084947147
sp|Q9QXW9|LAT2_MOUSE@S18,Q9QXW9,S18,NA,NA,NA,NA,NA,NA,NA,-0.13632118,-1.253185043,-1.12148407
sp|Q9QXW9|LAT2_MOUSE@S27,Q9QXW9,S27,NA,NA,NA,NA,NA,NA,NA,NA,-1.322736043,-1.15023069
sp|P05627|JUN_MOUSE@S73,P05627,S73,NA,0.180719314,NA,NA,NA,NA,NA,NA,NA,NA
sp|Q8CJ19|MICA3_MOUSE@S1150; sp|Q8CJ19|MICA3_MOUSE@S1153,Q8CJ19,S1150,NA,NA,NA,NA,NA,-0.212236156,NA,NA,NA,NA
sp|Q9QXW9|LAT2_MOUSE@S21,Q9QXW9,S21,NA,NA,NA,NA,NA,NA,NA,-0.260866034,-1.364119447,-1.178415688
sp|Q920R0|ALS2_MOUSE@T506,Q920R0,T506,-2.047429452,NA,NA,NA,NA,NA,NA,NA,NA,NA
sp|Q9CQS4|S2546_MOUSE@T44,Q9CQS4,T44,-1.645406862,NA,NA,NA,NA,NA,NA,NA,NA,NA
sp|Q9CQS4|S2546_MOUSE@T45,Q9CQS4,T45,-1.647147773,NA,NA,NA,NA,NA,NA,NA,NA,NA
sp|Q3TKT4|SMCA4_MOUSE@S1419,Q3TKT4,S1419,NA,-0.373235978,NA,NA,NA,NA,NA,NA,NA,0.098029314
sp|Q9QYX7|PCLO_MOUSE@Y3761,Q9QYX7,Y3761,NA,NA,NA,NA,NA,NA,NA,NA,NA,NA
sp|E9Q0S6|TENS1_MOUSE@S1054,E9Q0S6,S1054,NA,-1.079804535,NA,NA,NA,NA,NA,NA,NA,NA
sp|Q920R0|ALS2_MOUSE@S508,Q920R0,S508,-2.168820397,NA,NA,NA,NA,NA,NA,NA,NA,NA
sp|Q920R0|ALS2_MOUSE@Y507,Q920R0,Y507,-2.235186039,NA,NA,NA,NA,NA,NA,NA,NA,NA
sp|Q8CJ19|MICA3_MOUSE@T1149; sp|Q8CJ19|MICA3_MOUSE@S1156,Q8CJ19,T1149,NA,NA,NA,NA,NA,-0.316919838,NA,NA,NA,NA
sp|Q99MR6|SRRT_MOUSE@S74,Q99MR6,S74,3.376495659,3.690251108,-0.24241654,NA,-1.600006408,NA,NA,0.085255137,1.898487143,3.591638568
sp|P26645|MARCS_MOUSE@S163,P26645,S163,2.63677403125,2.82861959575,0.41595956275,NA,1.24885036875,1.2886888685,NA,NA,1.92150219175,3.13907012875
sp|P16054|KPCE_MOUSE@S368,P16054,S368,NA,NA,NA,NA,NA,NA,NA,NA,NA,NA
sp|Q9JJV4|CCG4_MOUSE@S259,Q9JJV4,S259,NA,NA,NA,NA,NA,NA,NA,NA,NA,-0.61427469
sp|P97445|CAC1A_MOUSE@S867,P97445,S867,NA,NA,NA,NA,NA,NA,NA,NA,NA,NA
sp|O54781|SRPK2_MOUSE@S490,O54781,S490,-0.658975165,0,NA,NA,NA,NA,NA,NA,NA,-0.164595403
sp|O88935|SYN1_MOUSE@S518,O88935,S518,NA,-0.169098375,NA,NA,NA,NA,NA,NA,NA,NA
sp|D3YXK2|SAFB1_MOUSE@S626,D3YXK2,S626,NA,NA,NA,NA,NA,NA,NA,NA,-0.478136975,NA
sp|O54781|SRPK2_MOUSE@S489,O54781,S489,-0.725340807,-0.075335815,NA,NA,NA,NA,NA,NA,NA,-0.201132326
sp|Q6DIC0|SMCA2_MOUSE@S1382,Q6DIC0,S1382,0.5902465385,0.240681793,NA,NA,NA,NA,NA,NA,-0.6945116575,1.211713874
sp|P05064|ALDOA_MOUSE@T37,P05064,T37,2.447196351,2.231141537,0.403853125,NA,-0.529402855,NA,1.832107447,NA,1.262884213,1.455768648
sp|P30999|CTND1_MOUSE@S352,P30999,S352,0.063446536,-0.3547094,NA,NA,NA,NA,NA,NA,-1.604760917,0.028184998
sp|P10637|TAU_MOUSE@S477,P10637,S477,NA,NA,NA,NA,NA,NA,NA,NA,NA,-1.287786262
sp|Q8JZZ7|AGRL2_MOUSE@T1485,Q8JZZ7,T1485,NA,NA,NA,NA,NA,NA,NA,NA,NA,NA
sp|P15508|SPTB1_MOUSE@T1288,P15508,T1288,NA,-0.932218688,NA,NA,NA,NA,NA,NA,NA,NA
sp|P15508|SPTB1_MOUSE@S1289,P15508,S1289,NA,-0.927845441,NA,NA,NA,NA,NA,NA,NA,NA
sp|O54781|SRPK2_MOUSE@S487,O54781,S487,-0.657236353,-0.075335815,NA,NA,NA,NA,NA,NA,NA,-0.201132326
sp|O54781|SRPK2_MOUSE@T491,O54781,T491,-0.658975165,-0.146932148,NA,NA,NA,NA,NA,NA,NA,-0.328969214
sp|Q9Z2H5|E41L1_MOUSE@S782,Q9Z2H5,S782,-0.30630439,-1.221625307,NA,NA,NA,NA,NA,NA,NA,-0.470836973
sp|Q60700|M3K12_MOUSE@S11,Q60700,S11,-2.542760348,-0.816977197,NA,NA,NA,NA,NA,NA,NA,NA
sp|Q9WTQ5|AKA12_MOUSE@S598,Q9WTQ5,S598,-0.910000551,-0.473348765,-1.223705399,NA,NA,NA,NA,NA,NA,0.739255209
sp|Q6ZPE2|MTMR5_MOUSE@T1137,Q6ZPE2,T1137,NA,NA,NA,NA,NA,NA,NA,NA,-0.142625576,-0.340993331
sp|Q9WTV7|RNF12_MOUSE@S229,Q9WTV7,S229,-0.609046257,NA,NA,NA,NA,0.097598891,NA,NA,0.044618541,1.354904472
sp|E2JF22|PIEZ1_MOUSE@S1646,E2JF22,S1646,NA,NA,NA,NA,NA,NA,NA,NA,0,0.569436688
sp|Q69ZX8|ABLM3_MOUSE@T542,Q69ZX8,T542,NA,NA,NA,NA,NA,NA,NA,NA,NA,NA
sp|P60469|LIPA3_MOUSE@S683,P60469,S683,0.478308382,0,NA,NA,NA,NA,NA,NA,-1.028620811,-0.301426989
sp|Q9EP89|LACTB_MOUSE@S162,Q9EP89,S162,NA,NA,NA,NA,NA,NA,NA,NA,NA,0.249487748
sp|Q80WJ7|LYRIC_MOUSE@S297,Q80WJ7,S297,NA,NA,NA,NA,NA,NA,NA,NA,NA,-0.274782197
sp|Q68FH0|PKP4_MOUSE@S232,Q68FH0,S232,NA,NA,NA,NA,NA,NA,NA,NA,NA,NA
sp|P13595|NCAM1_MOUSE@S890,P13595,S890,-0.309159239,NA,NA,NA,NA,NA,NA,NA,NA,-0.513727437
sp|Q64322|NPDC1_MOUSE@T230,Q64322,T230,0.485417003,2.111889036,0,NA,0,NA,NA,0,0.413153237,2.204307339
sp|Q69ZX8|ABLM3_MOUSE@S373,Q69ZX8,S373,NA,NA,NA,NA,NA,NA,NA,NA,NA,NA
sp|Q69ZX8|ABLM3_MOUSE@S372,Q69ZX8,S372,NA,NA,NA,NA,NA,NA,NA,NA,NA,NA
sp|Q80T41|GABR2_MOUSE@S773,Q80T41,S773,NA,NA,NA,NA,NA,NA,NA,NA,NA,NA
sp|O88343|S4A4_MOUSE@S262,O88343,S262,0.13493415375,NA,NA,NA,NA,NA,NA,NA,NA,-0.22132861375
sp|Q5DTL9|S4A10_MOUSE@S81,Q5DTL9,S81,NA,NA,NA,NA,NA,NA,NA,NA,NA,NA
sp|Q9QWI6|SRCN1_MOUSE@S539,Q9QWI6,S539,NA,NA,NA,NA,NA,NA,NA,NA,NA,-0.127836888
sp|Q9D6Z1|NOP56_MOUSE@T520,Q9D6Z1,T520,NA,NA,NA,NA,NA,NA,NA,NA,NA,NA
sp|Q9D6Z1|NOP56_MOUSE@S521,Q9D6Z1,S521,NA,NA,NA,NA,NA,NA,NA,NA,NA,NA
sp|Q9D6Z1|NOP56_MOUSE@S522,Q9D6Z1,S522,NA,NA,NA,NA,NA,NA,NA,NA,NA,NA
sp|P14873|MAP1B_MOUSE@S1255; sp|P14873|MAP1B_MOUSE@S1257,P14873,S1255,NA,NA,NA,NA,NA,NA,NA,NA,NA,NA
sp|P08553|NFM_MOUSE@S50,P08553,S50,0.673625581,-0.032547656,NA,NA,NA,NA,NA,NA,0.435254936,0.377048917
sp|Q99P72|RTN4_MOUSE@T171,Q99P72,T171,NA,NA,NA,NA,NA,NA,NA,NA,NA,NA
sp|P97445|CAC1A_MOUSE@S760,P97445,S760,NA,NA,NA,NA,NA,NA,NA,NA,NA,NA
sp|Q6PIC6|AT1A3_MOUSE@S444,Q6PIC6,S444,-1.25330295,NA,NA,NA,NA,NA,NA,NA,NA,NA
sp|Q80VP1|EPN1_MOUSE@S441,Q80VP1,S441,-2.127687192,NA,NA,NA,NA,NA,NA,NA,NA,NA
sp|Q80VP1|EPN1_MOUSE@S446,Q80VP1,S446,NA,NA,NA,NA,NA,NA,NA,NA,NA,NA
sp|Q80VP1|EPN1_MOUSE@S450,Q80VP1,S450,NA,NA,NA,NA,NA,NA,NA,NA,NA,NA
sp|Q8BHC1|RB39B_MOUSE@S200,Q8BHC1,S200,-1.370846096,NA,NA,NA,NA,NA,NA,NA,NA,-1.649400913
sp|Q9WV69|DEMA_MOUSE@T304,Q9WV69,T304,-2.371956032,NA,NA,NA,NA,NA,NA,NA,NA,NA
sp|Q9WV69|DEMA_MOUSE@S303,Q9WV69,S303,-2.372187841,NA,NA,NA,NA,NA,NA,NA,NA,NA
sp|Q0P5V2|SOBP_MOUSE@S597,Q0P5V2,S597,-1.431836152,NA,NA,NA,NA,NA,NA,NA,NA,NA
sp|Q99L43|CDS2_MOUSE@S32,Q99L43,S32,NA,NA,NA,NA,NA,NA,NA,NA,NA,NA
sp|Q61687|ATRX_MOUSE@S1512,Q61687,S1512,-1.903555901,NA,-0.790566173,NA,NA,NA,NA,NA,NA,NA
sp|Q99L43|CDS2_MOUSE@T30,Q99L43,T30,NA,NA,NA,NA,NA,NA,NA,NA,NA,NA
sp|P16546|SPTN1_MOUSE@S1029,P16546,S1029,NA,NA,NA,NA,NA,NA,NA,NA,NA,NA
sp|Q80XG9|LRRT4_MOUSE@S560,Q80XG9,S560,NA,NA,NA,NA,NA,NA,NA,NA,NA,NA
sp|P42208|SEPT2_MOUSE@S218,P42208,S218,NA,NA,NA,NA,NA,NA,NA,NA,NA,NA
sp|O08583|THOC4_MOUSE@S237,O08583,S237,NA,NA,NA,NA,NA,NA,NA,NA,NA,NA
sp|Q61879|MYH10_MOUSE@S1956,Q61879,S1956,-0.66838476,NA,NA,NA,NA,NA,-0.856248192,NA,NA,-0.822864231
sp|Q8VDN2|AT1A1_MOUSE@S216,Q8VDN2,S216,NA,NA,NA,NA,NA,NA,NA,NA,NA,NA
sp|Q8CJ40|CROCC_MOUSE@S1471,Q8CJ40,S1471,NA,NA,NA,NA,NA,NA,NA,NA,NA,NA
sp|Q3UIL6|PKHA7_MOUSE@S609,Q3UIL6,S609,NA,NA,NA,NA,NA,NA,NA,NA,NA,NA
sp|O88643|PAK1_MOUSE@T225,O88643,T225,NA,NA,NA,NA,NA,NA,NA,NA,NA,NA
sp|Q8BHC1|RB39B_MOUSE@S201,Q8BHC1,S201,-1.385965038,NA,NA,NA,NA,NA,NA,NA,NA,-1.675331054
sp|P56388|CART_MOUSE@S48,P56388,S48,-1.581900494,1.7651721,-1.605557604,NA,NA,NA,NA,NA,NA,-0.165091183
sp|P28661|SEPT4_MOUSE@S29,P28661,S29,-1.210998909,NA,NA,NA,NA,NA,-0.777567396,NA,-0.461565453,NA
sp|Q7TME0|PLPR4_MOUSE@S347,Q7TME0,S347,NA,NA,NA,NA,NA,NA,NA,NA,NA,NA
sp|Q3UYC0|PPM1H_MOUSE@S123,Q3UYC0,S123,NA,NA,NA,NA,NA,NA,NA,NA,NA,-0.128713044
sp|P49025|CTRO_MOUSE@S479,P49025,S479,NA,NA,NA,NA,NA,NA,NA,NA,NA,0.126535961
sp|Q9Z2H5|E41L1_MOUSE@S407,Q9Z2H5,S407,NA,-1.445711715,NA,NA,NA,NA,NA,NA,NA,-0.540208334
sp|Q8BTI8|SRRM2_MOUSE@S1214,Q8BTI8,S1214,-1.015657574,NA,NA,NA,NA,NA,NA,NA,NA,-1.488910464
sp|Q6ZPE2|MTMR5_MOUSE@S1141,Q6ZPE2,S1141,NA,NA,NA,NA,NA,NA,NA,NA,NA,NA
sp|P48678|LMNA_MOUSE@T534,P48678,T534,NA,NA,NA,NA,NA,NA,NA,NA,NA,NA
sp|P97434|MPRIP_MOUSE@S294,P97434,S294,-0.634052261,NA,NA,NA,NA,NA,NA,NA,NA,-1.911949364
sp|Q8BSS9|LIPA2_MOUSE@T965,Q8BSS9,T965,-0.71362817,-1.010763645,NA,NA,NA,NA,NA,NA,NA,-1.306222752
sp|P97434|MPRIP_MOUSE@T295,P97434,T295,-0.633433497,NA,NA,NA,NA,NA,NA,NA,NA,-1.911207612
sp|Q99JP7|GGT7_MOUSE@S74,Q99JP7,S74,NA,NA,NA,NA,NA,NA,NA,NA,NA,NA
sp|Q99JP7|GGT7_MOUSE@S75,Q99JP7,S75,NA,NA,NA,NA,NA,NA,NA,NA,NA,NA
sp|Q64518|AT2A3_MOUSE@S17,Q64518,S17,NA,NA,NA,NA,NA,NA,NA,NA,NA,-0.884387263
sp|Q9JMA1|UBP14_MOUSE@S143,Q9JMA1,S143,-0.631512109,-0.72311753,NA,NA,NA,NA,NA,NA,NA,-0.991507964
sp|Q8BSS9|LIPA2_MOUSE@S966,Q8BSS9,S966,-0.723815003,-1.010763645,NA,NA,NA,NA,NA,NA,NA,-1.30819876
sp|Q64518|AT2A3_MOUSE@T19,Q64518,T19,NA,NA,NA,NA,NA,NA,NA,NA,NA,-2.011969849
sp|Q9JL04|FMN2_MOUSE@S724,Q9JL04,S724,2.818546645,2.603706248,1.524327139,NA,1.819017653,NA,0.772435786,0.713939427,2.140706243,3.236459069
sp|Q3UTJ2|SRBS2_MOUSE@S382,Q3UTJ2,S382,NA,NA,NA,NA,NA,NA,NA,NA,NA,-1.227878345
sp|Q8C8R3|ANK2_MOUSE@S2826,Q8C8R3,S2826,NA,NA,NA,NA,-0.89209511,NA,NA,NA,NA,-1.196313976
sp|Q8K3E5|AHI1_MOUSE@S853,Q8K3E5,S853,0.389370412,0.448651296,NA,NA,NA,NA,NA,NA,-0.73392841,0.344492724
sp|Q8K3E5|AHI1_MOUSE@T855,Q8K3E5,T855,0.390017907,0.461616543,NA,NA,NA,NA,NA,NA,-0.753000451,0.344811563
sp|Q8K3E5|AHI1_MOUSE@S856,Q8K3E5,S856,0.390665693,0.461616543,NA,NA,NA,NA,NA,NA,-0.771823651,0.352484261
sp|Q8C170|MYO9A_MOUSE@S2293,Q8C170,S2293,0.840396599,-0.584919968,NA,NA,NA,NA,-0.636847031,NA,NA,-0.435021123
sp|Q91W52|TMM19_MOUSE@T296,Q91W52,T296,-1.052660667,-0.527352952,NA,NA,NA,NA,NA,NA,NA,-0.14527166
sp|P08551|NFL_MOUSE@S436,P08551,S436,-0.354398786,-0.376147788,NA,NA,NA,-0.653424336,NA,NA,NA,0.19547579
sp|Q9WV92|E41L3_MOUSE@S799,Q9WV92,S799,-1.147981957,NA,NA,NA,NA,NA,NA,NA,NA,-0.195128928
sp|Q9WV92|E41L3_MOUSE@T798,Q9WV92,T798,-1.147981957,NA,NA,NA,NA,NA,NA,NA,NA,-0.19637053
sp|Q8BVL9|JKIP1_MOUSE@S382,Q8BVL9,S382,0.355095623,-0.439474709,NA,NA,NA,NA,NA,NA,-0.551702059,-0.15382069
sp|Q9R1L5|MAST1_MOUSE@S968,Q9R1L5,S968,0.01078786,NA,NA,NA,NA,NA,NA,NA,NA,-0.502930866
sp|F8VPU2|FARP1_MOUSE@S874,F8VPU2,S874,NA,NA,NA,NA,NA,NA,NA,NA,NA,NA
sp|Q03717|KCNB1_MOUSE@S484,Q03717,S484,0.117254751,NA,NA,NA,NA,-0.776702897,NA,NA,0.177483177,0.592694097
sp|Q8K3H0|DP13A_MOUSE@S401,Q8K3H0,S401,-0.415817279,0.584583316,NA,NA,NA,NA,-0.047747875,NA,-0.555677362,-0.492884276
sp|A1L3P4|SL9A6_MOUSE@T697,A1L3P4,T697,NA,NA,NA,NA,NA,NA,NA,NA,NA,-1.403731547
sp|Q68FD5|CLH1_MOUSE@S1494,Q68FD5,S1494,NA,-0.243555207,NA,NA,NA,NA,NA,NA,NA,NA
sp|P59017|B2L13_MOUSE@T345,P59017,T345,NA,NA,NA,NA,NA,NA,NA,NA,NA,NA
sp|P27546|MAP4_MOUSE@S1046,P27546,S1046,NA,NA,NA,NA,NA,NA,NA,NA,NA,NA
sp|Q922R8|PDIA6_MOUSE@S428,Q922R8,S428,NA,NA,NA,NA,NA,NA,NA,NA,NA,NA
sp|Q9R1L5|MAST1_MOUSE@S964,Q9R1L5,S964,0.152461774,NA,NA,NA,NA,NA,NA,NA,NA,-0.406457071
sp|Q62120|JAK2_MOUSE@T525,Q62120,T525,0.482874491,-0.80298837,NA,NA,NA,NA,NA,NA,NA,0.332705595
sp|O88935|SYN1_MOUSE@S438,O88935,S438,0.883473788,NA,NA,NA,NA,NA,NA,NA,-0.114461241,-0.065128771
sp|O88935|SYN1_MOUSE@S437,O88935,S437,0.887129391,NA,NA,NA,NA,NA,NA,NA,-0.127355552,-0.065128771
sp|Q8JZP2|SYN3_MOUSE@S469,Q8JZP2,S469,-0.698739927,NA,NA,NA,NA,NA,NA,NA,NA,NA
sp|F6SEU4|SYGP1_MOUSE@S897,F6SEU4,S897,0.026337942,1.147598176,NA,NA,NA,NA,NA,NA,1.110781939,1.24996134
sp|Q8BUV3|GEPH_MOUSE@S336,Q8BUV3,S336,1.699932108,NA,NA,NA,NA,NA,NA,NA,0.175485077,1.259889275
sp|Q9WTS4|TEN1_MOUSE@S145,Q9WTS4,S145,NA,NA,NA,NA,NA,NA,NA,NA,NA,NA
sp|Q9Z2W0|DNPEP_MOUSE@T201,Q9Z2W0,T201,NA,NA,NA,NA,NA,NA,NA,NA,NA,NA
sp|P26645|MARCS_MOUSE@S127; sp|P26645|MARCS_MOUSE@S128,P26645,S127,NA,NA,NA,NA,NA,NA,NA,NA,NA,NA
sp|P26645|MARCS_MOUSE@T126; sp|P26645|MARCS_MOUSE@S128,P26645,T126,NA,NA,NA,NA,NA,NA,NA,NA,NA,NA
sp|Q62172|RBP1_MOUSE@S30; sp|Q62172|RBP1_MOUSE@S34,Q62172,S30,NA,NA,NA,NA,NA,NA,NA,NA,NA,NA
sp|Q3TYD6|LMTK2_MOUSE@S1104,Q3TYD6,S1104,-1.286290641,NA,NA,NA,NA,NA,NA,NA,NA,NA
sp|Q9WV69|DEMA_MOUSE@S226,Q9WV69,S226,NA,NA,NA,NA,NA,NA,NA,NA,NA,NA
sp|Q02357|ANK1_MOUSE@S1819,Q02357,S1819,NA,NA,NA,NA,NA,NA,NA,NA,NA,-1.701748877
sp|Q02357|ANK1_MOUSE@S1820,Q02357,S1820,NA,NA,NA,NA,NA,NA,NA,NA,NA,-1.7023934
sp|Q8BZB3|TM266_MOUSE@S62,Q8BZB3,S62,-1.075647451,NA,NA,NA,NA,NA,NA,NA,NA,NA
sp|O70318|E41L2_MOUSE@S38,O70318,S38,-1.72147598,NA,NA,NA,NA,NA,NA,NA,NA,-0.31927108
sp|Q80TL4|PHF24_MOUSE@S72,Q80TL4,S72,-0.135965407,NA,NA,NA,NA,NA,NA,NA,NA,-1.601984676
sp|Q80TL4|PHF24_MOUSE@S73,Q80TL4,S73,-0.14114538,NA,NA,NA,NA,NA,NA,NA,NA,-1.606786042
sp|Q8BZB3|TM266_MOUSE@T59,Q8BZB3,T59,-1.13911786,NA,NA,NA,NA,NA,NA,NA,NA,NA
sp|Q9Z0P4|PALM_MOUSE@S244; sp|Q9Z0P4|PALM_MOUSE@S248,Q9Z0P4,S244,NA,NA,NA,NA,NA,NA,NA,NA,NA,-0.890262419
sp|P14873|MAP1B_MOUSE@S992,P14873,S992,NA,NA,NA,NA,NA,NA,NA,NA,NA,NA
sp|P53995|APC1_MOUSE@S688,P53995,S688,NA,NA,NA,NA,NA,NA,NA,NA,NA,-1.496270252
sp|P53995|APC1_MOUSE@S686,P53995,S686,NA,NA,NA,NA,NA,NA,NA,NA,NA,-1.496270252
sp|Q6A065|CE170_MOUSE@S1102,Q6A065,S1102,NA,NA,NA,NA,NA,NA,NA,NA,NA,NA
sp|O88705|HCN3_MOUSE@S633,O88705,S633,NA,NA,NA,NA,NA,NA,NA,NA,-0.640290864,NA
sp|Q8BPN8|DMXL2_MOUSE@S1141; sp|Q8BPN8|DMXL2_MOUSE@S1144,Q8BPN8,S1141,-1.984632023,NA,NA,NA,NA,NA,NA,NA,NA,NA
sp|Q8R1A4|DOCK7_MOUSE@S898,Q8R1A4,S898,NA,NA,NA,NA,NA,NA,NA,NA,NA,NA
sp|A2ARS0|ANR63_MOUSE@S268,A2ARS0,S268,-1.037819383,NA,NA,NA,NA,NA,NA,NA,NA,NA
sp|P11881|ITPR1_MOUSE@S2681,P11881,S2681,NA,NA,NA,NA,NA,NA,NA,NA,NA,NA
sp|Q8BZB3|TM266_MOUSE@S58,Q8BZB3,S58,-1.171614526,NA,NA,NA,NA,NA,NA,NA,NA,NA
sp|P16054|KPCE_MOUSE@Y730,P16054,Y730,NA,NA,NA,NA,NA,NA,NA,NA,NA,NA
sp|P41234|ABCA2_MOUSE@S1327,P41234,S1327,NA,NA,NA,NA,NA,NA,NA,NA,NA,NA
sp|P08551|NFL_MOUSE@T520,P08551,T520,NA,NA,NA,NA,NA,NA,NA,NA,NA,NA
sp|P08551|NFL_MOUSE@S523,P08551,S523,NA,NA,NA,NA,NA,NA,NA,NA,NA,NA
sp|Q8BPN8|DMXL2_MOUSE@S1856,Q8BPN8,S1856,NA,NA,NA,NA,NA,NA,NA,NA,NA,NA
sp|Q9JJY3|NSMA2_MOUSE@S292,Q9JJY3,S292,-1.742266254,NA,NA,NA,NA,NA,NA,NA,NA,NA
sp|P81122|IRS2_MOUSE@S728,P81122,S728,NA,NA,NA,NA,NA,NA,NA,NA,NA,NA
sp|P81122|IRS2_MOUSE@S727,P81122,S727,NA,NA,NA,NA,NA,NA,NA,NA,NA,NA
sp|P08553|NFM_MOUSE@S715; sp|P08553|NFM_MOUSE@S720,P08553,S715,NA,NA,NA,NA,NA,NA,NA,NA,NA,NA
sp|A6H619|PHRF1_MOUSE@S1201,A6H619,S1201,-1.712237924,-0.707523071,-1.110877564,NA,NA,NA,NA,NA,NA,-0.513463316
sp|P19246|NFH_MOUSE@S419,P19246,S419,NA,NA,NA,NA,NA,NA,NA,NA,NA,NA
sp|Q9QXS6|DREB_MOUSE@S342,Q9QXS6,S342,NA,NA,NA,NA,NA,NA,NA,NA,NA,NA
sp|Q9QXS6|DREB_MOUSE@S341,Q9QXS6,S341,NA,NA,NA,NA,NA,NA,NA,NA,NA,NA
sp|P19246|NFH_MOUSE@T421,P19246,T421,NA,NA,NA,NA,NA,NA,NA,NA,NA,NA
sp|O88737|BSN_MOUSE@T1495,O88737,T1495,NA,NA,NA,NA,NA,NA,NA,NA,NA,NA
sp|O88487|DC1I2_MOUSE@S95,O88487,S95,NA,NA,NA,NA,NA,NA,NA,NA,NA,NA
sp|Q80T41|GABR2_MOUSE@S775; sp|Q80T41|GABR2_MOUSE@S778,Q80T41,S775,NA,NA,NA,NA,NA,NA,NA,NA,NA,NA
sp|Q8R149|BUD13_MOUSE@S238,Q8R149,S238,NA,NA,NA,NA,NA,NA,NA,NA,NA,NA
sp|Q8BWS5|GRIN3_MOUSE@T326,Q8BWS5,T326,NA,NA,NA,NA,NA,NA,NA,NA,NA,NA
sp|Q9QXS6|DREB_MOUSE@S241,Q9QXS6,S241,NA,NA,NA,NA,NA,NA,NA,NA,NA,NA
sp|Q9R1R2|TRIM3_MOUSE@S7,Q9R1R2,S7,NA,NA,NA,NA,NA,NA,NA,NA,NA,NA
sp|Q6PIC6|AT1A3_MOUSE@T216,Q6PIC6,T216,-1.291918025,NA,NA,NA,NA,NA,NA,NA,NA,-1.681358503
sp|P11798|KCC2A_MOUSE@T336; sp|P11798|KCC2A_MOUSE@T337,P11798,T336,NA,-0.060655715,-0.555953649,NA,2.670877643,1.243479882,1.409031662,0.09455866,2.788707366,3.631934321
sp|O54774|AP3D1_MOUSE@S760,O54774,S760,-1.644316239,NA,NA,NA,NA,NA,NA,NA,NA,NA
sp|O54774|AP3D1_MOUSE@T758,O54774,T758,-1.652968166,NA,NA,NA,NA,NA,NA,NA,NA,NA
sp|P16054|KPCE_MOUSE@S329,P16054,S329,NA,-0.718414473,NA,NA,NA,NA,NA,NA,NA,NA
sp|P08553|NFM_MOUSE@T565,P08553,T565,NA,NA,NA,NA,NA,NA,NA,NA,NA,NA
sp|P35564|CALX_MOUSE@T561,P35564,T561,0.558439179,NA,NA,NA,NA,NA,NA,NA,-0.450535703,-0.652621887
sp|Q8K1A6|C2D1A_MOUSE@S435,Q8K1A6,S435,NA,-0.746341152,NA,NA,NA,NA,NA,NA,NA,NA
sp|Q80U49|C170B_MOUSE@S709,Q80U49,S709,NA,NA,NA,NA,NA,NA,NA,NA,NA,0.321138657
sp|Q05CL8|LARP7_MOUSE@S253,Q05CL8,S253,-0.756865713,NA,NA,NA,NA,NA,NA,NA,NA,NA
sp|P30875|SSR2_MOUSE@S368,P30875,S368,NA,-1.357106553,NA,NA,NA,NA,NA,NA,NA,NA
sp|Q9Z0H8|CLIP2_MOUSE@S208,Q9Z0H8,S208,0.691928815,1.221674464,NA,NA,NA,NA,NA,NA,-0.036382919,-0.496839626
sp|Q9R0N9|SYT9_MOUSE@S177,Q9R0N9,S177,-1.488562358,-0.061471384,-1.361032253,NA,-0.355022017,NA,0.570849773,NA,0.029929112,0.326145309
sp|Q71FD5|ZNRF2_MOUSE@S20,Q71FD5,S20,1.655545209,1.720360341,NA,NA,NA,NA,0.198742736,NA,NA,-0.02768715
sp|Q7TQG1|PKHA6_MOUSE@S861,Q7TQG1,S861,NA,NA,NA,NA,NA,NA,NA,NA,NA,NA
sp|P42567|EPS15_MOUSE@S323,P42567,S323,NA,NA,NA,NA,NA,NA,NA,NA,NA,-0.242497505
sp|Q8C8R3|ANK2_MOUSE@S846,Q8C8R3,S846,NA,NA,NA,NA,NA,NA,NA,NA,NA,NA
sp|P70704|AT8A1_MOUSE@S1126,P70704,S1126,-1.58772461,NA,-1.497778926,NA,NA,NA,NA,NA,NA,-1.423805872
sp|O88485|DC1I1_MOUSE@S180,O88485,S180,NA,NA,NA,NA,NA,NA,NA,NA,NA,NA
sp|Q8C3Q5|SHSA7_MOUSE@S437,Q8C3Q5,S437,0.101016178,-0.244824948,-1.266017086,NA,0.030604436,NA,NA,NA,-0.737496702,0.532799828
sp|Q8C3Q5|SHSA7_MOUSE@S438,Q8C3Q5,S438,0.104660347,-0.252687029,-1.302340139,NA,0.061872192,NA,NA,NA,-0.739067359,0.538058409
sp|Q9WV92|E41L3_MOUSE@T488; sp|Q9WV92|E41L3_MOUSE@T492,Q9WV92,T488,-0.736456748,NA,NA,NA,NA,NA,NA,NA,NA,NA
sp|Q9WV92|E41L3_MOUSE@T488,Q9WV92,T488,NA,NA,NA,NA,NA,NA,NA,NA,NA,NA
sp|P14873|MAP1B_MOUSE@T1277,P14873,T1277,-1.336203501,NA,NA,NA,NA,NA,NA,NA,NA,NA
sp|O88737|BSN_MOUSE@T1479,O88737,T1479,NA,NA,NA,NA,NA,NA,NA,NA,NA,NA
sp|E9PYH6|SET1A_MOUSE@S1159,E9PYH6,S1159,-0.034642797,NA,NA,NA,NA,NA,NA,NA,-0.31221457,-1.145859589
sp|Q9WV60|GSK3B_MOUSE@S389,Q9WV60,S389,NA,-0.456681766,NA,NA,-0.697087686,NA,NA,NA,-0.350207913,0.455527595
sp|E9PYH6|SET1A_MOUSE@S1160,E9PYH6,S1160,-0.044026694,NA,NA,NA,NA,NA,NA,NA,-0.338966712,-1.153321694
sp|Q8BPN8|DMXL2_MOUSE@S1141,Q8BPN8,S1141,NA,NA,NA,NA,NA,NA,NA,NA,NA,NA
sp|Q8C8R3|ANK2_MOUSE@S1722,Q8C8R3,S1722,NA,NA,NA,NA,NA,NA,NA,NA,NA,NA
sp|Q64511|TOP2B_MOUSE@S1513,Q64511,S1513,NA,NA,NA,NA,NA,NA,NA,NA,NA,NA
sp|Q9QYC0|ADDA_MOUSE@S355,Q9QYC0,S355,-2.063548727,-1.336624435,NA,NA,NA,NA,NA,NA,NA,NA
sp|P97952|SCN1B_MOUSE@S207,P97952,S207,NA,NA,NA,NA,NA,NA,NA,NA,NA,NA
sp|P97952|SCN1B_MOUSE@S205,P97952,S205,NA,NA,NA,NA,NA,NA,NA,NA,NA,NA
sp|Q64511|TOP2B_MOUSE@S1509,Q64511,S1509,NA,NA,NA,NA,NA,NA,NA,NA,NA,NA
sp|Q64511|TOP2B_MOUSE@S1511,Q64511,S1511,NA,NA,NA,NA,NA,NA,NA,NA,NA,NA
sp|Q8C8R3|ANK2_MOUSE@T1721,Q8C8R3,T1721,NA,NA,NA,NA,NA,NA,NA,NA,NA,NA
sp|Q9Z2H5|E41L1_MOUSE@T652,Q9Z2H5,T652,NA,NA,NA,NA,NA,NA,NA,NA,NA,-0.98996347
sp|Q9QXZ0|MACF1_MOUSE@S4483,Q9QXZ0,S4483,NA,NA,NA,NA,NA,NA,NA,NA,NA,NA
sp|Q9DCF1|TMM25_MOUSE@S297,Q9DCF1,S297,NA,NA,-0.645848741,NA,NA,-0.234785561,NA,NA,NA,-0.667252975
sp|Q7TN29|SMAP2_MOUSE@S219,Q7TN29,S219,NA,NA,NA,NA,NA,NA,NA,NA,NA,NA
sp|Q7TSJ2|MAP6_MOUSE@S905,Q7TSJ2,S905,NA,NA,NA,NA,NA,NA,NA,NA,NA,NA
sp|Q9DB05|SNAA_MOUSE@S191,Q9DB05,S191,-1.061668448,-0.968616411,NA,NA,NA,NA,NA,NA,NA,NA
sp|Q9DB05|SNAA_MOUSE@T190,Q9DB05,T190,-1.083576762,-0.968616411,NA,NA,NA,NA,NA,NA,NA,NA
sp|Q9DB05|SNAA_MOUSE@S195,Q9DB05,S195,-1.09096499,-0.968616411,NA,NA,NA,NA,NA,NA,NA,NA
sp|P20357|MTAP2_MOUSE@T1260,P20357,T1260,-1.304056558,NA,NA,NA,NA,NA,NA,NA,-0.902790375,NA
sp|Q8CI71|VPS50_MOUSE@S19,Q8CI71,S19,NA,NA,NA,NA,NA,NA,NA,NA,NA,NA
sp|E9PZ19|TUTLB_MOUSE@T844,E9PZ19,T844,NA,NA,NA,NA,NA,NA,NA,NA,NA,NA
sp|Q8CIB6|TM230_MOUSE@S24,Q8CIB6,S24,NA,NA,NA,NA,NA,NA,NA,NA,NA,-0.776830799
sp|P28661|SEPT4_MOUSE@S117; sp|P28661|SEPT4_MOUSE@S118,P28661,S117,NA,NA,NA,NA,NA,NA,NA,NA,NA,NA
sp|Q8CIB6|TM230_MOUSE@T25,Q8CIB6,T25,NA,NA,NA,NA,NA,NA,NA,NA,NA,-0.78546048
sp|P56399|UBP5_MOUSE@T623,P56399,T623,NA,NA,NA,NA,NA,NA,NA,NA,NA,NA
sp|Q91YE7|RBM5_MOUSE@S624,Q91YE7,S624,NA,NA,NA,NA,NA,NA,NA,NA,NA,NA
sp|P97445|CAC1A_MOUSE@S2218,P97445,S2218,NA,NA,NA,NA,NA,NA,NA,NA,NA,NA
sp|P97445|CAC1A_MOUSE@S2220,P97445,S2220,NA,NA,NA,NA,NA,NA,NA,NA,NA,NA
sp|Q5DU25|IQEC2_MOUSE@S592,Q5DU25,S592,NA,NA,NA,NA,NA,NA,NA,NA,-0.822522562,NA
sp|Q5DU25|IQEC2_MOUSE@T585,Q5DU25,T585,NA,NA,NA,NA,NA,NA,NA,NA,-0.828372288,NA
sp|Q5DU25|IQEC2_MOUSE@S593,Q5DU25,S593,NA,NA,NA,NA,NA,NA,NA,NA,-0.83419839,NA
sp|Q5DU25|IQEC2_MOUSE@S590,Q5DU25,S590,NA,NA,NA,NA,NA,NA,NA,NA,-0.846762804,NA
sp|P28867|KPCD_MOUSE@S662,P28867,S662,NA,NA,NA,NA,NA,NA,NA,NA,NA,NA
sp|Q9JL26|FMNL1_MOUSE@S511,Q9JL26,S511,NA,-1.151786508,NA,NA,NA,NA,NA,NA,-1.135972445,NA
sp|Q8CGQ8|NCKX4_MOUSE@S315,Q8CGQ8,S315,NA,-1.017556674,-1.245624135,NA,NA,NA,NA,NA,-1.335475311,-1.609145005
sp|Q9JMH9|MY18A_MOUSE@S983,Q9JMH9,S983,-2.242066225,-0.551281149,NA,NA,NA,NA,NA,NA,NA,NA
sp|Q9JMH9|MY18A_MOUSE@S981,Q9JMH9,S981,NA,-0.538082715,NA,NA,NA,NA,NA,NA,NA,NA
sp|E9Q6P5|TTC7B_MOUSE@S678,E9Q6P5,S678,NA,-0.083303756,NA,NA,NA,NA,NA,NA,NA,NA
sp|E9Q6P5|TTC7B_MOUSE@S677,E9Q6P5,S677,NA,-0.088673886,NA,NA,NA,NA,NA,NA,NA,NA
sp|Q3ULB5|PAK6_MOUSE@T565,Q3ULB5,T565,NA,-0.998564218,NA,NA,NA,NA,NA,NA,NA,NA
sp|Q811L6|MAST4_MOUSE@T1388,Q811L6,T1388,NA,NA,NA,NA,NA,NA,NA,NA,NA,NA
sp|Q69ZZ9|K0754_MOUSE@S1951,Q69ZZ9,S1951,-0.005718462,-1.187005169,NA,NA,NA,NA,NA,NA,NA,0.029819752
sp|Q922S4|PDE2A_MOUSE@T203,Q922S4,T203,-0.615491709,-0.734986935,NA,-0.082874001,NA,NA,NA,NA,NA,-0.16850819
sp|O55003|BNIP3_MOUSE@S88,O55003,S88,-1.953506494,NA,NA,NA,NA,NA,NA,NA,NA,NA
sp|P97291|CADH8_MOUSE@T799,P97291,T799,0.444993109,0.877602005,-0.751271678,NA,-0.479399314,NA,NA,NA,1.425325829,1.317625917
sp|Q922S4|PDE2A_MOUSE@S204,Q922S4,S204,-0.604583541,-0.734986935,NA,-0.259299859,NA,NA,NA,NA,NA,-0.159352281
sp|P20152|VIME_MOUSE@Y53,P20152,Y53,-0.227662125,NA,NA,NA,NA,NA,NA,NA,NA,NA
sp|Q80ZF8|AGRB3_MOUSE@S1408,Q80ZF8,S1408,NA,NA,-1.667636799,NA,NA,NA,NA,NA,NA,NA
sp|P13595|NCAM1_MOUSE@T882,P13595,T882,2.071812141,1.547712905,0.736055012,NA,-0.098943791,NA,0.703760609,NA,0.987247576,2.364204681
sp|Q91V36|NRBP2_MOUSE@S207,Q91V36,S207,-0.40634707,0.611771822,NA,NA,-0.851758736,NA,NA,NA,NA,-0.469411086
sp|Q920R0|ALS2_MOUSE@S483,Q920R0,S483,NA,NA,NA,NA,NA,NA,NA,NA,NA,NA
sp|Q920R0|ALS2_MOUSE@S486,Q920R0,S486,NA,NA,NA,NA,NA,NA,NA,NA,NA,NA
sp|Q7TME0|PLPR4_MOUSE@T349,Q7TME0,T349,NA,NA,NA,NA,NA,NA,NA,NA,NA,NA
sp|Q6IR34|GPSM1_MOUSE@S467,Q6IR34,S467,NA,NA,NA,NA,NA,NA,NA,NA,NA,NA
sp|Q8BTI8|SRRM2_MOUSE@T2362,Q8BTI8,T2362,NA,NA,NA,NA,NA,NA,NA,NA,NA,NA
sp|Q80TE7|LRRC7_MOUSE@T864,Q80TE7,T864,NA,NA,NA,NA,NA,NA,NA,NA,NA,NA
sp|B1AZA5|TM245_MOUSE@S326,B1AZA5,S326,-0.656695075,NA,NA,NA,NA,NA,NA,NA,NA,NA
sp|Q9JIG4|PPR3F_MOUSE@T518,Q9JIG4,T518,-1.252645425,NA,NA,NA,NA,NA,NA,NA,NA,NA
sp|Q9JIG4|PPR3F_MOUSE@S519,Q9JIG4,S519,-1.252645425,NA,NA,NA,NA,NA,NA,NA,NA,NA
sp|B1AZA5|TM245_MOUSE@S327,B1AZA5,S327,-0.65854215,NA,NA,NA,NA,NA,NA,NA,NA,NA
sp|Q3UTJ2|SRBS2_MOUSE@S450,Q3UTJ2,S450,NA,NA,NA,NA,NA,NA,NA,NA,NA,NA
sp|Q9JIG4|PPR3F_MOUSE@T521,Q9JIG4,T521,-1.275303146,NA,NA,NA,NA,NA,NA,NA,NA,NA
sp|Q69ZH9|RHG23_MOUSE@S351,Q69ZH9,S351,NA,NA,NA,NA,NA,NA,NA,NA,NA,NA
sp|Q9CWL8|CTBL1_MOUSE@S545,Q9CWL8,S545,NA,NA,NA,NA,NA,NA,NA,NA,NA,NA
sp|Q08274|DMWD_MOUSE@T461,Q08274,T461,1.11296633,0.398061745,NA,NA,NA,NA,NA,NA,NA,-0.193381358
sp|O88444|ADCY1_MOUSE@S552,O88444,S552,NA,NA,NA,NA,NA,NA,NA,NA,NA,-1.500958506
sp|P12657|ACM1_MOUSE@S228,P12657,S228,NA,NA,NA,NA,NA,NA,NA,NA,-1.102851132,NA
sp|Q3UTJ2|SRBS2_MOUSE@T451,Q3UTJ2,T451,NA,NA,NA,NA,NA,NA,NA,NA,NA,NA
sp|Q8K4G5|ABLM1_MOUSE@T473,Q8K4G5,T473,-0.983551524,0.386212604,NA,0.268450588,NA,NA,NA,NA,NA,NA
sp|Q3UTJ2|SRBS2_MOUSE@T454,Q3UTJ2,T454,NA,NA,NA,NA,NA,NA,NA,NA,NA,NA
sp|Q8BXR1|S7A14_MOUSE@T692,Q8BXR1,T692,-1.415856016,NA,NA,NA,NA,NA,NA,NA,NA,NA
sp|Q68FM6|PPR29_MOUSE@S671,Q68FM6,S671,0.886720679,NA,NA,NA,NA,NA,-0.868154421,NA,NA,0.181180734
sp|P51863|VA0D1_MOUSE@Y248,P51863,Y248,-0.802989921,-0.153676856,NA,NA,NA,NA,NA,NA,NA,-1.131292196
sp|Q8BXR1|S7A14_MOUSE@Y693,Q8BXR1,Y693,-1.426764185,NA,NA,NA,NA,NA,NA,NA,NA,NA
sp|Q8BXR1|S7A14_MOUSE@S691,Q8BXR1,S691,-1.437590495,NA,NA,NA,NA,NA,NA,NA,NA,NA
sp|P60469|LIPA3_MOUSE@S906,P60469,S906,-0.490344431,-0.23399581,NA,NA,NA,NA,NA,NA,NA,-0.409960963
sp|A2AN08|UBR4_MOUSE@S619,A2AN08,S619,NA,NA,NA,NA,NA,NA,NA,NA,NA,NA
sp|A2AN08|UBR4_MOUSE@S620,A2AN08,S620,NA,NA,NA,NA,NA,NA,NA,NA,NA,NA
sp|Q91VK4|ITM2C_MOUSE@S30,Q91VK4,S30,-2.083430817,NA,NA,NA,NA,NA,-0.820846443,NA,NA,NA
sp|Q3UHD9|AGAP2_MOUSE@S149,Q3UHD9,S149,-0.165259594,NA,NA,NA,NA,NA,NA,NA,NA,-1.014878203
sp|Q3UTJ2|SRBS2_MOUSE@S456,Q3UTJ2,S456,NA,NA,NA,NA,NA,NA,NA,NA,NA,NA
sp|Q80YN3|BCAS1_MOUSE@T621,Q80YN3,T621,-0.201127579,NA,NA,NA,NA,NA,-0.321817155,NA,NA,0.439414231
sp|Q9QYB5|ADDG_MOUSE@S673; sp|Q9QYB5|ADDG_MOUSE@S677,Q9QYB5,S673,NA,NA,NA,NA,NA,NA,NA,NA,NA,NA
sp|Q8VDN2|AT1A1_MOUSE@S484,Q8VDN2,S484,NA,NA,NA,NA,NA,NA,NA,NA,NA,NA
sp|Q9Z239|PLM_MOUSE@T79,Q9Z239,T79,NA,NA,NA,NA,NA,NA,NA,NA,NA,NA
sp|P14873|MAP1B_MOUSE@S1275,P14873,S1275,-1.480571612,NA,NA,NA,NA,NA,NA,NA,NA,NA
sp|Q6I6G8|HECW2_MOUSE@S403,Q6I6G8,S403,-0.890070321,NA,NA,NA,NA,NA,NA,NA,-0.869239535,-1.061823806
sp|Q8CI95|OSB11_MOUSE@S183,Q8CI95,S183,NA,NA,NA,NA,NA,NA,NA,NA,NA,-0.865772145
sp|Q8VDN2|AT1A1_MOUSE@S228,Q8VDN2,S228,NA,NA,NA,NA,NA,NA,NA,NA,NA,NA
sp|Q9JIX8|ACINU_MOUSE@S989,Q9JIX8,S989,NA,NA,NA,NA,NA,NA,NA,NA,NA,NA
sp|Q8R0A7|K0513_MOUSE@T272,Q8R0A7,T272,NA,NA,NA,NA,NA,NA,NA,NA,NA,-1.38858354
sp|Q60932|VDAC1_MOUSE@S114,Q60932,S114,NA,NA,NA,NA,NA,NA,NA,NA,NA,NA
sp|Q62108|DLG4_MOUSE@Y240,Q62108,Y240,NA,NA,NA,NA,NA,NA,NA,NA,NA,NA
sp|Q8CI95|OSB11_MOUSE@S182,Q8CI95,S182,NA,NA,NA,NA,NA,NA,NA,NA,NA,-0.845702441
sp|Q9QYR6|MAP1A_MOUSE@T532,Q9QYR6,T532,NA,NA,NA,-0.210466063,NA,NA,NA,NA,NA,NA
sp|Q6I6G8|HECW2_MOUSE@S406,Q6I6G8,S406,-0.84295152,NA,NA,NA,NA,NA,NA,NA,-0.893809675,-1.055239072
sp|P28740|KIF2A_MOUSE@S139,P28740,S139,NA,-0.779172203,NA,NA,NA,NA,NA,NA,NA,-0.922996188
sp|Q9JM52|MINK1_MOUSE@S603,Q9JM52,S603,NA,NA,NA,NA,NA,NA,NA,NA,NA,NA
sp|P28740|KIF2A_MOUSE@S134,P28740,S134,NA,-0.779172203,NA,NA,NA,NA,NA,NA,NA,-0.923161753
sp|P28740|KIF2A_MOUSE@S136,P28740,S136,NA,-0.821726402,NA,NA,NA,NA,NA,NA,NA,-0.92332885
sp|Q6I6G8|HECW2_MOUSE@S402,Q6I6G8,S402,-0.877433989,NA,NA,NA,NA,NA,NA,NA,-0.916876159,-1.063136137
sp|Q6I6G8|HECW2_MOUSE@T401,Q6I6G8,T401,-0.890070321,NA,NA,NA,NA,NA,NA,NA,-0.939579642,-1.076722386
sp|Q6I6G8|HECW2_MOUSE@S400,Q6I6G8,S400,-0.891101815,NA,NA,NA,NA,NA,NA,NA,-0.940312707,-1.090181883
sp|Q9ESK9|RBCC1_MOUSE@T658,Q9ESK9,T658,0.544891725,NA,NA,NA,NA,NA,NA,NA,NA,-0.302357862
sp|Q9R0L6|PCM1_MOUSE@T857,Q9R0L6,T857,-2.214871354,-1.301612779,NA,NA,NA,NA,NA,NA,NA,NA
sp|Q9R0L6|PCM1_MOUSE@S859,Q9R0L6,S859,-2.215902848,-1.303375688,NA,NA,NA,NA,NA,NA,NA,NA
sp|P27671|RGRF1_MOUSE@T735,P27671,T735,NA,NA,NA,NA,NA,NA,NA,NA,NA,NA
sp|Q9R0L6|PCM1_MOUSE@S858,Q9R0L6,S858,-2.216933606,-1.305136446,NA,NA,NA,NA,NA,NA,NA,NA
sp|P27671|RGRF1_MOUSE@S737,P27671,S737,NA,NA,NA,NA,NA,NA,NA,NA,NA,NA
sp|P27671|RGRF1_MOUSE@S736,P27671,S736,NA,NA,NA,NA,NA,NA,NA,NA,NA,NA
sp|Q91ZV0|MIA2_MOUSE@S1131,Q91ZV0,S1131,NA,-1.641014553,NA,NA,NA,NA,NA,NA,-0.418496593,NA
sp|O88502|PDE8A_MOUSE@Y456,O88502,Y456,NA,NA,NA,NA,NA,NA,NA,NA,NA,-1.813952678
sp|Q9JIS5|SV2A_MOUSE@S393,Q9JIS5,S393,NA,NA,NA,NA,NA,NA,NA,NA,NA,NA
sp|O89084|PDE4A_MOUSE@T331,O89084,T331,NA,-0.864252716,NA,NA,NA,NA,NA,NA,0.014868244,NA
sp|O89084|PDE4A_MOUSE@S333,O89084,S333,NA,-0.88043476,NA,NA,NA,NA,NA,NA,0.014868244,NA
sp|Q64133|AOFA_MOUSE@S388,Q64133,S388,NA,-1.557556537,-0.627634545,NA,NA,NA,NA,NA,NA,-0.620277382
sp|Q9QYB5|ADDG_MOUSE@S64,Q9QYB5,S64,-0.644287122,-1.17450003,NA,NA,NA,NA,NA,NA,NA,-0.955173981
sp|Q0PHV7|DACT3_MOUSE@S6,Q0PHV7,S6,NA,NA,NA,NA,NA,NA,NA,NA,NA,NA
sp|E9Q5C9|NOLC1_MOUSE@S701,E9Q5C9,S701,2.175711242,1.237500329,0.493084279,1.030296778,-0.284823815,0.487903704,NA,NA,1.342802194,1.270567364
sp|P35436|NMDE1_MOUSE@T888,P35436,T888,NA,NA,NA,NA,NA,NA,NA,NA,NA,NA
sp|Q8C419|MGLYR_MOUSE@S976,Q8C419,S976,-1.554869738,NA,NA,NA,NA,NA,-0.856703315,NA,NA,-1.954400136
sp|F6SEU4|SYGP1_MOUSE@S117,F6SEU4,S117,NA,NA,NA,NA,NA,NA,NA,NA,NA,-0.496545868
sp|Q9ET77|JPH3_MOUSE@S158,Q9ET77,S158,NA,0.518452315,-0.781407719,NA,NA,NA,NA,NA,-0.464058279,0.988424852
sp|Q61165|SL9A1_MOUSE@T699,Q61165,T699,NA,NA,NA,NA,NA,NA,NA,NA,NA,NA
sp|Q60974|NCOR1_MOUSE@S1481,Q60974,S1481,NA,NA,NA,NA,NA,NA,NA,NA,NA,NA
sp|Q8C8R3|ANK2_MOUSE@S1777,Q8C8R3,S1777,-0.398353476,NA,NA,NA,NA,NA,NA,NA,NA,-0.616248073
sp|Q3UNH4|GRIN1_MOUSE@S764,Q3UNH4,S764,NA,NA,NA,NA,NA,NA,NA,NA,NA,-0.598211896
sp|Q01065|PDE1B_MOUSE@S465,Q01065,S465,NA,NA,NA,NA,NA,NA,NA,NA,NA,NA
sp|P62806|H4_MOUSE@T55,P62806,T55,NA,NA,NA,NA,NA,NA,NA,NA,NA,NA
sp|Q9WV69|DEMA_MOUSE@S289,Q9WV69,S289,1.167214751,-0.9167295,NA,NA,NA,NA,NA,NA,-0.412947269,0.673859034
sp|Q8CBW3|ABI1_MOUSE@S187,Q8CBW3,S187,0.106353163,NA,NA,NA,0.150003719,NA,NA,NA,-0.028859971,0.572643916
sp|O88643|PAK1_MOUSE@T229,O88643,T229,NA,NA,NA,NA,NA,NA,NA,NA,NA,NA
sp|O88643|PAK1_MOUSE@T230,O88643,T230,NA,NA,NA,NA,NA,NA,NA,NA,NA,NA
sp|Q2M3X8|PHAR1_MOUSE@S97; sp|Q2M3X8|PHAR1_MOUSE@T102,Q2M3X8,S97,NA,NA,NA,NA,NA,NA,NA,NA,NA,NA
sp|Q9D6Z1|NOP56_MOUSE@S543,Q9D6Z1,S543,-1.950879349,NA,NA,NA,NA,NA,NA,NA,NA,NA
sp|Q9D6Z1|NOP56_MOUSE@T545,Q9D6Z1,T545,-1.963152988,NA,NA,NA,NA,NA,NA,NA,NA,NA
sp|Q9D6Z1|NOP56_MOUSE@T546,Q9D6Z1,T546,-1.981571668,NA,NA,NA,NA,NA,NA,NA,NA,NA
sp|Q62433|NDRG1_MOUSE@S330; sp|Q62433|NDRG1_MOUSE@S332,Q62433,S330,NA,NA,-1.685323509,NA,NA,NA,NA,NA,NA,NA
sp|A2AQ25|SKT_MOUSE@S1086,A2AQ25,S1086,NA,NA,NA,NA,NA,NA,NA,NA,NA,NA
sp|A2AQ25|SKT_MOUSE@S1087,A2AQ25,S1087,NA,NA,NA,NA,NA,NA,NA,NA,NA,NA
sp|Q8R191|SNG3_MOUSE@T134,Q8R191,T134,NA,NA,NA,NA,NA,NA,NA,NA,NA,NA
sp|Q8K382|DEN1A_MOUSE@S473,Q8K382,S473,NA,NA,NA,NA,NA,NA,NA,NA,NA,NA
sp|Q3UGY8|BIG3_MOUSE@S1966,Q3UGY8,S1966,-0.904918964,NA,NA,NA,NA,NA,NA,NA,-1.261301677,-1.006082225
sp|P26645|MARCS_MOUSE@S171,P26645,S171,NA,NA,NA,NA,NA,NA,NA,NA,NA,NA
sp|Q80XI3|IF4G3_MOUSE@T265,Q80XI3,T265,NA,NA,NA,NA,NA,NA,NA,NA,NA,NA
sp|Q6ZQ88|KDM1A_MOUSE@S852,Q6ZQ88,S852,-2.094109975,-1.092025203,NA,NA,NA,NA,NA,NA,NA,NA
sp|Q6ZQ88|KDM1A_MOUSE@S850,Q6ZQ88,S850,-2.126313357,-1.103280777,NA,NA,NA,NA,NA,NA,NA,NA
sp|Q9ESN9|JIP3_MOUSE@T363,Q9ESN9,T363,NA,NA,-1.582168104,NA,NA,-0.10100186,NA,NA,NA,NA
sp|Q4KMM3|OXR1_MOUSE@T175,Q4KMM3,T175,-0.879976627,-1.171703843,NA,NA,NA,NA,NA,NA,NA,-1.71941074
sp|Q4KMM3|OXR1_MOUSE@T176,Q4KMM3,T176,-0.897268797,-1.191159375,NA,NA,NA,NA,NA,NA,NA,-1.731951462
sp|Q9DAS9|GBG12_MOUSE@S10,Q9DAS9,S10,-1.533636161,NA,NA,NA,NA,NA,NA,NA,NA,-2.073471024
sp|Q61146|OCLN_MOUSE@S369,Q61146,S369,0.514788064,NA,NA,NA,NA,NA,NA,NA,NA,0.257792364
sp|E9Q0S6|TENS1_MOUSE@T1341,E9Q0S6,T1341,-0.305534963,NA,NA,NA,NA,NA,NA,NA,-0.579454507,-0.519154135
sp|Q80X50|UBP2L_MOUSE@S629,Q80X50,S629,0.774384965,-1.501900507,NA,NA,0.589871279,NA,NA,0.486077539,0.641625535,1.395958631
sp|Q5DQR4|STB5L_MOUSE@T593,Q5DQR4,T593,0.057448091,NA,NA,NA,NA,NA,NA,NA,NA,0.330570293
sp|P19246|NFH_MOUSE@S769,P19246,S769,1.908435257,1.073401732,NA,NA,NA,NA,NA,NA,0.614651464,2.270619428
sp|Q9R0N3|SYT11_MOUSE@S137,Q9R0N3,S137,1.013183164,0.945255183,NA,NA,NA,NA,NA,NA,0.555895453,1.508438673
sp|Q8C8R3|ANK2_MOUSE@S1900,Q8C8R3,S1900,-0.187315281,NA,NA,NA,NA,NA,NA,NA,NA,-0.260462855
sp|Q61146|OCLN_MOUSE@S368,Q61146,S368,0.699772673,NA,NA,NA,NA,NA,NA,NA,NA,0.295797225
sp|Q9ES97|RTN3_MOUSE@S233,Q9ES97,S233,NA,NA,NA,NA,NA,NA,NA,NA,NA,NA
sp|A2APX8|SCN1A_MOUSE@S470,A2APX8,S470,NA,NA,NA,NA,NA,NA,NA,NA,NA,NA
sp|Q9QYR6|MAP1A_MOUSE@S1783; sp|Q9QYR6|MAP1A_MOUSE@S1789,Q9QYR6,S1783,NA,NA,NA,NA,NA,NA,NA,NA,-0.792231336,-1.799913478
sp|Q9ESK9|RBCC1_MOUSE@S657,Q9ESK9,S657,0.544891725,NA,NA,NA,NA,NA,NA,NA,NA,-0.496677009
sp|Q0KK59|UNC79_MOUSE@S1242,Q0KK59,S1242,NA,NA,NA,NA,NA,NA,NA,NA,NA,-2.078330386
sp|Q8BSS9|LIPA2_MOUSE@S687,Q8BSS9,S687,NA,-0.983210538,NA,NA,NA,NA,NA,NA,NA,NA
sp|Q63918|CAVN2_MOUSE@S293,Q63918,S293,NA,NA,NA,NA,NA,NA,NA,NA,NA,NA
sp|Q80XU3|NUCKS_MOUSE@S19,Q80XU3,S19,NA,NA,NA,NA,NA,NA,NA,NA,NA,NA
sp|P27546|MAP4_MOUSE@S914,P27546,S914,NA,NA,NA,NA,NA,NA,NA,NA,NA,NA
sp|P27546|MAP4_MOUSE@T915,P27546,T915,NA,NA,NA,NA,NA,NA,NA,NA,NA,NA
sp|Q9WTR1|TRPV2_MOUSE@S77,Q9WTR1,S77,NA,NA,NA,NA,NA,NA,NA,NA,NA,NA
sp|P14873|MAP1B_MOUSE@S1778; sp|P14873|MAP1B_MOUSE@S1781,P14873,S1778,2.417152814,2.33383148,0.792416715,NA,0.354675488,0.156452768,0.841528992,NA,1.197970625,2.248098279
sp|Q9QXL2|KI21A_MOUSE@S258,Q9QXL2,S258,NA,NA,NA,NA,NA,NA,NA,NA,NA,NA
sp|Q9QXL2|KI21A_MOUSE@S257,Q9QXL2,S257,NA,NA,NA,NA,NA,NA,NA,NA,NA,NA
sp|Q9QXL2|KI21A_MOUSE@T265,Q9QXL2,T265,NA,NA,NA,NA,NA,NA,NA,NA,NA,NA
sp|Q8CC35|SYNPO_MOUSE@Y885,Q8CC35,Y885,NA,NA,NA,NA,NA,NA,NA,NA,NA,NA
sp|P81122|IRS2_MOUSE@S573,P81122,S573,NA,NA,NA,NA,NA,NA,NA,NA,NA,-0.317336329
sp|Q8CC35|SYNPO_MOUSE@T884,Q8CC35,T884,NA,NA,NA,NA,NA,NA,NA,NA,NA,NA
sp|P58871|TB182_MOUSE@S1375,P58871,S1375,1.875128938,0.700358876,1.14199951,NA,1.387998058,NA,NA,0.377728148,0.924149601,2.800806889
sp|P58871|TB182_MOUSE@S1373,P58871,S1373,NA,NA,NA,NA,NA,NA,NA,NA,NA,NA
sp|P58871|TB182_MOUSE@S1371,P58871,S1371,NA,NA,NA,NA,NA,NA,NA,NA,NA,NA
sp|P03995|GFAP_MOUSE@S12,P03995,S12,NA,NA,NA,NA,NA,NA,NA,NA,NA,0.077493244
sp|Q3TZZ7|ESYT2_MOUSE@S667,Q3TZZ7,S667,-0.122175598,NA,NA,NA,NA,NA,NA,NA,NA,0.361763751
sp|Q8CC35|SYNPO_MOUSE@S886,Q8CC35,S886,NA,NA,NA,NA,NA,NA,NA,NA,NA,NA
sp|B1AZA5|TM245_MOUSE@S12; sp|B1AZA5|TM245_MOUSE@S16,B1AZA5,S12,NA,NA,NA,NA,NA,NA,NA,NA,NA,NA
sp|Q8BW86|ARG33_MOUSE@T689,Q8BW86,T689,0.620071199,0.108234957,-0.741633356,NA,0,NA,NA,-0.273885484,-0.068724334,0.749782903
sp|P59764|DOCK4_MOUSE@S1640,P59764,S1640,2.532745048,1.854390572,-0.498372441,NA,NA,NA,0.399625833,NA,1.753531051,1.912710649
sp|P19246|NFH_MOUSE@S559,P19246,S559,2.628305523,2.143803722,1.26304207,NA,0.347487263,NA,1.417074567,NA,0.811235333,2.715645382
sp|Q9JKC6|CEND_MOUSE@S9,Q9JKC6,S9,5.794281895,4.569830332,3.916435355,NA,4.13927752,2.662461739,NA,1.599307808,5.044183647,6.142707055
sp|Q8BW86|ARG33_MOUSE@S690,Q8BW86,S690,0.639605232,0.127431608,-0.741633356,NA,0.270631422,NA,NA,-0.273885484,-0.034771348,0.751253505
sp|Q7TQG1|PKHA6_MOUSE@S901,Q7TQG1,S901,2.53184189,1.716372079,1.153469562,NA,0.67972155,0.90402005,NA,0.1751445,1.442630425,2.282126033
sp|Q52KI8|SRRM1_MOUSE@Y615,Q52KI8,Y615,NA,NA,NA,NA,NA,NA,NA,NA,NA,NA
sp|Q8C4A5|ASXL3_MOUSE@S1079,Q8C4A5,S1079,NA,NA,NA,NA,NA,NA,NA,NA,NA,NA
sp|Q8C4A5|ASXL3_MOUSE@S1082,Q8C4A5,S1082,NA,NA,NA,NA,NA,NA,NA,NA,NA,NA
sp|Q9QVP9|FAK2_MOUSE@S375,Q9QVP9,S375,-1.564172514,NA,NA,NA,NA,NA,NA,NA,NA,-1.176367767
sp|Q9JJA9|GRASP_MOUSE@T76,Q9JJA9,T76,0.87543043,0.193914889,NA,NA,NA,NA,NA,NA,-0.935983653,0.28077718
sp|Q5SV85|SYNRG_MOUSE@S1067,Q5SV85,S1067,-0.941504173,NA,NA,NA,NA,NA,NA,NA,NA,1.154555745
sp|A6X8Z5|RHG31_MOUSE@S1163,A6X8Z5,S1163,0.062764658,1.058957442,NA,NA,NA,NA,NA,NA,-0.986778241,-0.56855537
sp|Q8VDZ4|ZDHC5_MOUSE@S380,Q8VDZ4,S380,2.291128365,1.532932148,0,NA,2.107648564,0.235875945,NA,-0.533347219,1.744893728,2.109508366
sp|Q01341|ADCY6_MOUSE@S53,Q01341,S53,NA,NA,NA,NA,NA,NA,NA,NA,NA,NA
sp|Q921C3|BRWD1_MOUSE@S1830,Q921C3,S1830,NA,NA,NA,NA,NA,NA,NA,NA,NA,-1.802592342
sp|Q01341|ADCY6_MOUSE@T55,Q01341,T55,NA,NA,NA,NA,NA,NA,NA,NA,NA,NA
sp|Q04690|NF1_MOUSE@T864,Q04690,T864,NA,NA,NA,NA,NA,NA,NA,NA,NA,NA
sp|Q8BPN8|DMXL2_MOUSE@S2396,Q8BPN8,S2396,NA,NA,NA,NA,NA,NA,NA,NA,NA,NA
sp|Q8BPN8|DMXL2_MOUSE@S2394,Q8BPN8,S2394,NA,NA,NA,NA,NA,NA,NA,NA,NA,NA
sp|Q3USH1|INSY2_MOUSE@T107,Q3USH1,T107,0.804544835,0.444075443,NA,NA,NA,NA,NA,NA,NA,0.110410315
sp|Q3USH1|INSY2_MOUSE@S108,Q3USH1,S108,0.807815921,0.480185794,NA,NA,NA,NA,NA,NA,NA,0.124119487
sp|Q9CZN4|SHSA9_MOUSE@S337,Q9CZN4,S337,0.220574322,NA,NA,NA,NA,NA,NA,NA,NA,0.027289298
sp|Q8C1B1|CAMP2_MOUSE@S992,Q8C1B1,S992,NA,NA,NA,NA,NA,NA,NA,NA,NA,-1.004260435
sp|Q61730|IL1AP_MOUSE@S566,Q61730,S566,NA,NA,NA,NA,NA,NA,NA,NA,NA,-0.612353897
sp|Q61730|IL1AP_MOUSE@S565,Q61730,S565,NA,NA,NA,NA,NA,NA,NA,NA,NA,-0.634079542
sp|O54774|AP3D1_MOUSE@S755; sp|O54774|AP3D1_MOUSE@S760,O54774,S755,NA,NA,NA,NA,NA,NA,NA,NA,NA,NA
sp|A2APX8|SCN1A_MOUSE@T464,A2APX8,T464,NA,NA,NA,NA,NA,NA,NA,NA,NA,NA
sp|Q9D415|DLGP1_MOUSE@T391,Q9D415,T391,NA,NA,NA,NA,NA,NA,NA,NA,NA,NA
sp|Q80W47|WIPI2_MOUSE@S394,Q80W47,S394,NA,NA,NA,NA,NA,NA,NA,NA,NA,NA
sp|A2APX8|SCN1A_MOUSE@S467,A2APX8,S467,NA,NA,NA,NA,NA,NA,NA,NA,NA,NA
sp|A2APX8|SCN1A_MOUSE@T465,A2APX8,T465,NA,NA,NA,NA,NA,NA,NA,NA,NA,NA
sp|Q80YA3|DDHD1_MOUSE@S370,Q80YA3,S370,NA,-0.967852855,NA,NA,NA,NA,NA,NA,-1.18715931,NA
sp|Q80YA3|DDHD1_MOUSE@T373,Q80YA3,T373,NA,-1.003081399,NA,NA,NA,NA,NA,NA,-1.21838983,NA
sp|Q80YA3|DDHD1_MOUSE@S374,Q80YA3,S374,NA,-1.007467942,NA,NA,NA,NA,NA,NA,-1.241456314,NA
sp|Q3UHD1|AGRB1_MOUSE@S1257,Q3UHD1,S1257,NA,NA,NA,NA,NA,NA,NA,NA,NA,NA
sp|Q63959|KCNC3_MOUSE@T750,Q63959,T750,0.506604056,NA,NA,NA,NA,NA,0.910091014,NA,NA,-0.231592805
sp|Q9JJV5|CCG3_MOUSE@S248,Q9JJV5,S248,NA,-0.19774345,NA,NA,NA,NA,NA,NA,0.331814012,NA
sp|P16330|CN37_MOUSE@S239,P16330,S239,-0.241438285,-1.070005229,NA,NA,NA,NA,NA,NA,0.28575547,0.797896965
sp|Q9DCF1|TMM25_MOUSE@S300,Q9DCF1,S300,NA,NA,NA,NA,NA,0.094306999,NA,NA,NA,NA
sp|Q6ZQ58|LARP1_MOUSE@T746,Q6ZQ58,T746,NA,NA,NA,NA,NA,NA,NA,NA,NA,NA
sp|Q6ZQ58|LARP1_MOUSE@T747,Q6ZQ58,T747,NA,NA,NA,NA,NA,NA,NA,NA,NA,NA
sp|Q810U4|NRCAM_MOUSE@S1247,Q810U4,S1247,NA,-1.39699114,NA,NA,NA,NA,NA,NA,NA,NA
sp|Q6PHZ8|KCIP4_MOUSE@S49,Q6PHZ8,S49,NA,NA,NA,NA,NA,NA,NA,NA,NA,NA
sp|Q8CHI8|EP400_MOUSE@S923,Q8CHI8,S923,-0.900682197,NA,NA,NA,NA,NA,NA,NA,NA,-0.127736502
sp|Q8K0T0|RTN1_MOUSE@S487,Q8K0T0,S487,2.629225232,1.013643949,0.738295905,NA,1.76071863,NA,NA,NA,1.702782464,2.214988107
sp|Q810U4|NRCAM_MOUSE@S1254,Q810U4,S1254,NA,-1.561964014,NA,NA,NA,NA,NA,NA,NA,NA
sp|Q9WU42|NCOR2_MOUSE@T2219,Q9WU42,T2219,-0.006534772,NA,NA,NA,NA,NA,-0.097120421,NA,1.001433329,-0.173500968
sp|Q99PT3|IN80B_MOUSE@T375,Q99PT3,T375,NA,NA,NA,NA,NA,NA,NA,NA,NA,NA
sp|Q6PHZ8|KCIP4_MOUSE@S50,Q6PHZ8,S50,NA,NA,NA,NA,NA,NA,NA,NA,NA,NA
sp|Q08274|DMWD_MOUSE@S654,Q08274,S654,NA,NA,NA,NA,NA,NA,NA,NA,NA,NA
sp|Q9R0N3|SYT11_MOUSE@T136,Q9R0N3,T136,1.172694997,0.991140956,NA,NA,NA,NA,NA,NA,0.728065829,1.750222876
sp|Q6Q477|AT2B4_MOUSE@S329,Q6Q477,S329,NA,NA,NA,NA,NA,NA,NA,NA,NA,NA
sp|Q6Q477|AT2B4_MOUSE@S335,Q6Q477,S335,NA,NA,NA,NA,NA,NA,NA,NA,NA,NA
sp|Q9D415|DLGP1_MOUSE@S980,Q9D415,S980,NA,NA,NA,NA,NA,NA,NA,NA,NA,NA
sp|Q9D415|DLGP1_MOUSE@T975,Q9D415,T975,NA,NA,NA,NA,NA,NA,NA,NA,NA,NA
sp|Q9D415|DLGP1_MOUSE@S977,Q9D415,S977,NA,NA,NA,NA,NA,NA,NA,NA,NA,NA
sp|P46660|AINX_MOUSE@S72,P46660,S72,NA,NA,NA,NA,NA,NA,NA,NA,NA,NA
sp|Q8CIE6|COPA_MOUSE@S173,Q8CIE6,S173,NA,NA,NA,NA,NA,NA,NA,NA,NA,NA
sp|A2AIV2|VIR_MOUSE@S1577,A2AIV2,S1577,NA,NA,NA,NA,NA,NA,NA,NA,NA,0.587474687
sp|Q8BX17|GEMI5_MOUSE@T1416,Q8BX17,T1416,NA,NA,NA,NA,NA,NA,NA,NA,NA,NA
sp|P14873|MAP1B_MOUSE@T1784,P14873,T1784,NA,NA,NA,NA,NA,NA,NA,NA,NA,NA
sp|Q924A2|CIC_MOUSE@S2148,Q924A2,S2148,1.810198551,1.329343853,NA,NA,NA,NA,NA,NA,0.271547167,1.723708899
sp|A2AIV2|VIR_MOUSE@S1578,A2AIV2,S1578,NA,NA,NA,NA,NA,NA,NA,NA,NA,0.633396531
sp|O88746|TOM1_MOUSE@S472,O88746,S472,NA,NA,NA,NA,NA,NA,NA,NA,-1.057876901,-0.101858464
sp|P03995|GFAP_MOUSE@T40,P03995,T40,NA,NA,NA,NA,NA,NA,NA,NA,NA,NA
sp|Q9R0N7|SYT7_MOUSE@S52,Q9R0N7,S52,2.04101217,1.848838326,0.549740424,NA,1.647803304,NA,-0.403696231,NA,0.646047907,2.039870579
sp|Q8C729|HYCC2_MOUSE@S430,Q8C729,S430,NA,-0.874230065,NA,NA,NA,NA,NA,NA,-0.349563115,NA
sp|Q9WU42|NCOR2_MOUSE@S2220,Q9WU42,S2220,0.005489828,NA,NA,NA,NA,NA,-0.312540958,NA,1.036020815,-0.08307402
sp|Q5F2E7|NUFP2_MOUSE@S213,Q5F2E7,S213,NA,NA,NA,NA,NA,NA,NA,NA,NA,NA
sp|Q5DQR4|STB5L_MOUSE@S590,Q5DQR4,S590,-0.202922651,-0.686111077,NA,NA,NA,NA,-0.960663014,NA,NA,-0.594071549
sp|Q6P9K8|CSKI1_MOUSE@S828,Q6P9K8,S828,NA,NA,NA,NA,NA,NA,NA,NA,NA,NA
sp|Q8C6G8|WDR26_MOUSE@S101,Q8C6G8,S101,NA,NA,NA,NA,NA,NA,NA,NA,NA,NA
sp|Q80U49|C170B_MOUSE@S371,Q80U49,S371,NA,NA,NA,NA,NA,NA,NA,NA,NA,NA
sp|P83510|TNIK_MOUSE@T181,P83510,T181,NA,-0.825313598,NA,NA,0.319171137,0.149137155,NA,NA,1.137622027,1.222463385
sp|Q8C4A5|ASXL3_MOUSE@S1087,Q8C4A5,S1087,NA,NA,NA,NA,NA,NA,NA,NA,NA,NA
sp|Q05CL8|LARP7_MOUSE@S253; sp|Q05CL8|LARP7_MOUSE@S256,Q05CL8,S253,NA,NA,NA,NA,NA,NA,NA,NA,NA,NA
sp|Q6DFV3|RHG21_MOUSE@S44,Q6DFV3,S44,NA,NA,NA,NA,NA,NA,NA,NA,NA,NA
sp|Q8BZR9|NCBP3_MOUSE@S30,Q8BZR9,S30,NA,NA,NA,NA,NA,NA,NA,NA,NA,NA
sp|Q8BZR9|NCBP3_MOUSE@S25,Q8BZR9,S25,NA,NA,NA,NA,NA,NA,NA,NA,NA,NA
sp|P11798|KCC2A_MOUSE@S330; sp|P11798|KCC2A_MOUSE@S331,P11798,S330,NA,NA,NA,NA,NA,NA,NA,NA,NA,NA
sp|P11798|KCC2A_MOUSE@S333; sp|P11798|KCC2A_MOUSE@T334,P11798,S333,NA,NA,NA,NA,NA,NA,NA,NA,NA,NA
sp|Q7TSH2|KPBB_MOUSE@S19,Q7TSH2,S19,-0.84504752,NA,NA,NA,NA,NA,NA,NA,NA,-0.200730177
sp|P11798|KCC2A_MOUSE@T334; sp|P11798|KCC2A_MOUSE@T336,P11798,T334,NA,NA,NA,NA,NA,NA,NA,NA,NA,NA
sp|A2APX8|SCN1A_MOUSE@S537,A2APX8,S537,NA,NA,NA,NA,NA,NA,NA,NA,0.188893462,NA
sp|Q9QYX7|PCLO_MOUSE@S1451,Q9QYX7,S1451,NA,NA,NA,NA,NA,NA,NA,NA,NA,NA
sp|P54285|CACB3_MOUSE@S152,P54285,S152,1.176328288,0.206179136,NA,NA,NA,NA,NA,NA,-0.69070474,1.574235803
sp|Q9D415|DLGP1_MOUSE@S421,Q9D415,S421,NA,NA,NA,NA,NA,NA,NA,NA,NA,NA
sp|Q69ZS8|KAZRN_MOUSE@S325,Q69ZS8,S325,NA,NA,NA,NA,NA,NA,NA,NA,NA,NA
sp|Q69ZS8|KAZRN_MOUSE@S322,Q69ZS8,S322,NA,NA,NA,NA,NA,NA,NA,NA,NA,NA
sp|P11798|KCC2A_MOUSE@S331; sp|P11798|KCC2A_MOUSE@S333,P11798,S331,NA,NA,NA,NA,NA,NA,NA,NA,NA,NA
sp|Q62172|RBP1_MOUSE@S463,Q62172,S463,NA,NA,NA,NA,NA,NA,NA,NA,-0.337251571,NA
sp|Q9QZB1|RGS20_MOUSE@S13,Q9QZB1,S13,NA,NA,NA,NA,NA,NA,NA,NA,NA,-0.950425982
sp|P63011|RAB3A_MOUSE@S188,P63011,S188,NA,NA,NA,NA,NA,NA,NA,NA,NA,NA
sp|Q02819|NUCB1_MOUSE@S368,Q02819,S368,NA,NA,NA,NA,NA,NA,NA,NA,NA,NA
sp|P63011|RAB3A_MOUSE@S190,P63011,S190,NA,NA,NA,NA,NA,NA,NA,NA,NA,NA
sp|Q9CR37|PPDPF_MOUSE@S81,Q9CR37,S81,NA,NA,NA,NA,NA,NA,NA,NA,NA,NA
sp|Q68FM6|PPR29_MOUSE@T493,Q68FM6,T493,NA,NA,NA,NA,NA,NA,NA,NA,NA,NA
sp|P63011|RAB3A_MOUSE@T193,P63011,T193,NA,NA,NA,NA,NA,NA,NA,NA,NA,NA
sp|Q60875|ARHG2_MOUSE@Y893,Q60875,Y893,NA,NA,NA,NA,NA,NA,NA,NA,NA,NA
sp|Q62417|SRBS1_MOUSE@Y1198,Q62417,Y1198,NA,NA,NA,NA,NA,NA,NA,NA,NA,NA
sp|Q62417|SRBS1_MOUSE@S1199,Q62417,S1199,NA,NA,NA,NA,NA,NA,NA,NA,NA,NA
sp|Q80TS7|DEND_MOUSE@S354,Q80TS7,S354,1.499719981,-0.767076071,NA,NA,NA,NA,NA,NA,-0.121609685,1.641642592
sp|Q9Z2H5|E41L1_MOUSE@S544; sp|Q9Z2H5|E41L1_MOUSE@S546,Q9Z2H5,S544,1.044378309,-0.169832606,NA,NA,NA,NA,NA,NA,0.642882254,1.464368274
sp|Q5BL07|PEX1_MOUSE@S1212,Q5BL07,S1212,-0.757634255,NA,NA,NA,NA,NA,NA,NA,NA,-0.643809495
sp|Q9R0K7|AT2B2_MOUSE@T242,Q9R0K7,T242,NA,NA,NA,NA,NA,NA,NA,NA,NA,-1.502189076
sp|Q9R0K7|AT2B2_MOUSE@S245,Q9R0K7,S245,NA,NA,NA,NA,NA,NA,NA,NA,NA,-1.515953352
sp|Q9R0K7|AT2B2_MOUSE@S239,Q9R0K7,S239,NA,NA,NA,NA,NA,NA,NA,NA,NA,-1.529587548
sp|Q9R0K7|AT2B2_MOUSE@S240,Q9R0K7,S240,NA,NA,NA,NA,NA,NA,NA,NA,NA,-1.559284081
sp|Q62417|SRBS1_MOUSE@S1200,Q62417,S1200,NA,NA,NA,NA,NA,NA,NA,NA,NA,NA
sp|Q62417|SRBS1_MOUSE@S1201,Q62417,S1201,NA,NA,NA,NA,NA,NA,NA,NA,NA,NA
sp|Q9QYB5|ADDG_MOUSE@S42,Q9QYB5,S42,NA,NA,NA,NA,NA,NA,NA,0,NA,NA
sp|Q80TS7|DEND_MOUSE@S353,Q80TS7,S353,1.622679109,-1.088837851,NA,NA,NA,NA,NA,NA,-0.121609685,1.612545026
sp|Q80U49|C170B_MOUSE@S373,Q80U49,S373,NA,NA,NA,NA,NA,NA,NA,NA,NA,NA
sp|E9PZ19|TUTLB_MOUSE@S1207,E9PZ19,S1207,1.435969828,0.604911776,0.032800113,NA,-0.445434973,NA,NA,NA,0.584541324,0.071135373
sp|Q60875|ARHG2_MOUSE@S940; sp|Q60875|ARHG2_MOUSE@S946,Q60875,S940,NA,NA,NA,NA,NA,NA,NA,NA,NA,NA
sp|Q52KI8|SRRM1_MOUSE@S731; sp|Q52KI8|SRRM1_MOUSE@S733,Q52KI8,S731,NA,NA,NA,NA,NA,NA,NA,NA,NA,NA
sp|Q80YN3|BCAS1_MOUSE@S414,Q80YN3,S414,-0.056945092,NA,NA,NA,NA,NA,NA,NA,NA,-0.788289496
sp|Q9JLV1|BAG3_MOUSE@T560,Q9JLV1,T560,-1.533001885,NA,NA,NA,NA,NA,NA,NA,NA,NA
sp|E9PZ19|TUTLB_MOUSE@T1205,E9PZ19,T1205,1.361491627,0.604911776,0.06636333,NA,-0.445434973,NA,NA,NA,0.594009195,0.071135373
sp|Q8K327|CHAP1_MOUSE@S405,Q8K327,S405,-0.274908736,NA,NA,NA,NA,NA,NA,NA,NA,-1.387842365
sp|P27546|MAP4_MOUSE@T847,P27546,T847,NA,NA,NA,NA,NA,NA,-0.974285266,NA,NA,NA
sp|P20444|KPCA_MOUSE@S319,P20444,S319,NA,NA,NA,NA,NA,NA,NA,NA,NA,-0.057095005
sp|Q9Z351|KCNQ2_MOUSE@S681,Q9Z351,S681,-1.369481549,NA,NA,NA,-0.038653846,NA,NA,NA,NA,0.354403457
sp|Q9Z351|KCNQ2_MOUSE@Y679,Q9Z351,Y679,-1.44395975,NA,NA,NA,-0.076299014,NA,NA,NA,NA,0.401397907
sp|Q9QYR6|MAP1A_MOUSE@S500,Q9QYR6,S500,NA,NA,NA,NA,NA,NA,NA,NA,NA,NA
sp|P27546|MAP4_MOUSE@T846,P27546,T846,NA,NA,NA,NA,NA,NA,-0.974285266,NA,NA,NA
sp|Q9QYC0|ADDA_MOUSE@S605; sp|Q9QYC0|ADDA_MOUSE@S613,Q9QYC0,S605,NA,NA,NA,NA,NA,NA,NA,NA,NA,NA
sp|Q9JLM8|DCLK1_MOUSE@S332,Q9JLM8,S332,NA,NA,NA,NA,NA,NA,NA,NA,NA,NA
sp|Q80Z38|SHAN2_MOUSE@T485,Q80Z38,T485,NA,NA,NA,NA,NA,NA,NA,NA,NA,NA
sp|P14873|MAP1B_MOUSE@S989,P14873,S989,NA,NA,NA,NA,NA,NA,NA,NA,NA,NA
sp|Q03717|KCNB1_MOUSE@S655,Q03717,S655,NA,NA,NA,NA,NA,NA,NA,NA,NA,0.657528862
sp|Q9ET77|JPH3_MOUSE@S163,Q9ET77,S163,NA,NA,NA,NA,NA,NA,NA,NA,NA,NA
sp|Q68FD9|K1549_MOUSE@S1570,Q68FD9,S1570,NA,NA,NA,NA,NA,NA,NA,NA,NA,NA
sp|P46660|AINX_MOUSE@S433,P46660,S433,NA,NA,NA,NA,NA,NA,NA,NA,0.642114759,NA
sp|P62960|YBOX1_MOUSE@Y160,P62960,Y160,NA,NA,NA,NA,NA,NA,NA,NA,NA,NA
sp|O08672|KIFC2_MOUSE@S643,O08672,S643,0,NA,NA,NA,NA,NA,NA,NA,0,NA
sp|P62960|YBOX1_MOUSE@S163,P62960,S163,NA,NA,NA,NA,NA,NA,NA,NA,NA,NA
sp|Q5SWU9|ACACA_MOUSE@S2156,Q5SWU9,S2156,NA,NA,NA,NA,NA,NA,NA,NA,NA,NA
sp|Q61909|MTG8_MOUSE@T565,Q61909,T565,0.6757931,-0.055253322,NA,NA,NA,NA,-0.048629447,NA,NA,1.027260935
sp|Q9EPN1|NBEA_MOUSE@Y1008,Q9EPN1,Y1008,NA,NA,NA,NA,NA,NA,NA,NA,NA,NA
sp|Q68FH0|PKP4_MOUSE@S328,Q68FH0,S328,2.240708534,NA,NA,NA,NA,NA,NA,NA,1.068394478,1.930726394
sp|Q6PIC6|AT1A3_MOUSE@T209,Q6PIC6,T209,NA,NA,NA,NA,NA,NA,NA,NA,NA,-1.244926237
sp|Q80TZ9|RERE_MOUSE@S600,Q80TZ9,S600,NA,NA,NA,NA,NA,NA,NA,NA,NA,NA
sp|Q6NWW5|KIF24_MOUSE@S681,Q6NWW5,S681,NA,NA,NA,NA,NA,NA,NA,NA,NA,NA
sp|O88942|NFAC1_MOUSE@S235,O88942,S235,0.340853415,NA,NA,NA,NA,NA,NA,NA,NA,0.647585545
sp|Q8CJF7|ELYS_MOUSE@S1214,Q8CJF7,S1214,1.484058287,0,0,NA,NA,NA,NA,NA,NA,-0.005638704
sp|Q8CJF7|ELYS_MOUSE@S1216,Q8CJF7,S1216,1.484058287,0.053215017,-1.19142464,NA,NA,NA,NA,NA,NA,-0.011255456
sp|Q8C6G8|WDR26_MOUSE@S103,Q8C6G8,S103,NA,NA,NA,NA,NA,NA,NA,NA,NA,NA
sp|Q8CJF7|ELYS_MOUSE@S1218,Q8CJF7,S1218,0.627795484,0.108468338,-1.834938922,NA,NA,NA,NA,NA,NA,-0.082437564
sp|F8VPU2|FARP1_MOUSE@S376,F8VPU2,S376,NA,-0.209897966,NA,NA,NA,-0.093920334,NA,NA,0,-0.158521002
sp|Q9Z0P4|PALM_MOUSE@T362,Q9Z0P4,T362,NA,NA,NA,NA,NA,NA,NA,NA,NA,NA
sp|Q4FJU9|TMM40_MOUSE@S129,Q4FJU9,S129,NA,NA,NA,NA,NA,NA,NA,NA,NA,NA
sp|Q7TQG1|PKHA6_MOUSE@S426,Q7TQG1,S426,NA,NA,NA,NA,NA,NA,NA,NA,NA,NA
sp|Q9JIM1|S29A1_MOUSE@S273,Q9JIM1,S273,NA,NA,NA,NA,NA,NA,NA,NA,NA,NA
sp|Q4FJU9|TMM40_MOUSE@S131,Q4FJU9,S131,NA,NA,NA,NA,NA,NA,NA,NA,NA,NA
sp|Q9Z0P4|PALM_MOUSE@T367,Q9Z0P4,T367,NA,NA,NA,NA,NA,NA,NA,NA,NA,NA
sp|Q9Z0P4|PALM_MOUSE@S365,Q9Z0P4,S365,NA,NA,NA,NA,NA,NA,NA,NA,NA,NA
sp|Q9Z0P4|PALM_MOUSE@T361,Q9Z0P4,T361,NA,NA,NA,NA,NA,NA,NA,NA,NA,NA
sp|Q61909|MTG8_MOUSE@T564,Q61909,T564,0.856262803,0,NA,NA,NA,NA,-0.095673034,NA,NA,0.988512377
sp|Q9Z0P4|PALM_MOUSE@T363,Q9Z0P4,T363,NA,NA,NA,NA,NA,NA,NA,NA,NA,NA
sp|Q9EPN1|NBEA_MOUSE@S997,Q9EPN1,S997,NA,NA,NA,NA,NA,NA,NA,NA,NA,NA
sp|Q3UHJ0|AAK1_MOUSE@S616,Q3UHJ0,S616,1.028048274,0,NA,NA,-1.316910295,NA,NA,NA,-2.370969752,0
sp|Q3UNH4|GRIN1_MOUSE@T220,Q3UNH4,T220,-1.085625111,NA,NA,NA,NA,NA,NA,NA,NA,NA
sp|D3YXK2|SAFB1_MOUSE@T362,D3YXK2,T362,NA,NA,NA,NA,NA,NA,NA,NA,NA,NA
sp|Q923Z0|GPC5B_MOUSE@S352,Q923Z0,S352,-0.324880999,NA,NA,NA,NA,NA,NA,NA,NA,-0.894352092
sp|Q9R0K7|AT2B2_MOUSE@S1159,Q9R0K7,S1159,1.39346801,-3.307209853,NA,NA,NA,NA,NA,NA,NA,0
sp|O88487|DC1I2_MOUSE@S91,O88487,S91,NA,NA,NA,NA,NA,NA,NA,NA,NA,NA
sp|P70207|PLXA2_MOUSE@T1628,P70207,T1628,NA,NA,NA,NA,NA,NA,NA,NA,NA,NA
sp|Q9Z0L0|TPBG_MOUSE@S422,Q9Z0L0,S422,NA,NA,NA,NA,NA,NA,NA,NA,NA,NA
sp|Q8VDN2|AT1A1_MOUSE@T485,Q8VDN2,T485,NA,NA,NA,NA,NA,NA,NA,NA,NA,NA
sp|Q9QXS6|DREB_MOUSE@S340,Q9QXS6,S340,NA,NA,NA,NA,NA,NA,NA,NA,NA,NA
sp|Q8BTI8|SRRM2_MOUSE@S1294,Q8BTI8,S1294,0,NA,NA,NA,NA,NA,NA,NA,NA,-1.560184414
sp|Q91WG5|AAKG2_MOUSE@Y192,Q91WG5,Y192,-2.069043941,NA,NA,NA,NA,NA,NA,NA,NA,NA
sp|P06837|NEUM_MOUSE@T138,P06837,T138,0.702489949,0,0,NA,0,0,0,NA,0,0.83883596
sp|Q8BTG7|NDRG4_MOUSE@S304,Q8BTG7,S304,0,NA,NA,NA,NA,NA,NA,NA,NA,0
sp|Q7TPM1|PRC2B_MOUSE@S619,Q7TPM1,S619,NA,NA,NA,NA,NA,NA,NA,NA,NA,NA
sp|Q9DBS2|TPRGL_MOUSE@S10,Q9DBS2,S10,NA,NA,NA,NA,NA,NA,NA,NA,NA,NA
sp|P10711|TCEA1_MOUSE@S97,P10711,S97,NA,NA,NA,NA,NA,NA,NA,NA,NA,NA
sp|P10711|TCEA1_MOUSE@S96,P10711,S96,NA,NA,NA,NA,NA,NA,NA,NA,NA,NA
